sample_id,n_mhc_genes,I_MHCII_raw,p_MHCII_raw_vs_random,I_APC_index,I_APC_null_mean,I_APC_null_sd,z_APC_vs_random,p_APC_vs_random,I_nonMHC_index,rho_APC_nonMHC,n_hot_C1b,n_hot_APC,n_hot_nonMHC,dice_APC_C1b,dice_nonMHC_C1b,dice_APC_nonMHC,cohort,histology,who_grade,is_LGG,patient
bwh23,10,0.174814393611877,0.03996003996004,0.119160238790428,0.0332864918906481,0.0466692166655637,1.84005117367106,0.051948051948052,0.193525111477792,-0.121889131985817,56,0,39,0,0.505263157894737,0,IDHm,Oligodendroglioma,3,TRUE,BWH23
bwh24,10,0.273742626162233,0.002997002997003,0.101796768265126,0.0358419316713725,0.0273205789832744,2.41410830400524,0.023976023976024,0.0804032794016453,0.0481665962739602,43,1,12,0.0454545454545455,0.436363636363636,0,IDHm,Astrocytoma,4,FALSE,BWH24
bwh25,10,0.389883306898359,0.015984015984016,0.126922889525829,0.0407333562515932,0.0377272133762995,2.2845454397748,0.033966033966034,0.119121926107972,0.110571832313931,168,2,0,0,0,0,IDHm,Astrocytoma,4,FALSE,BWH25
bwh28,10,0.151903181024913,0.142857142857143,0.0669738292828619,0.0154587328360465,0.0166429075158313,3.09531831489255,0.004995004995005,0.110533436273153,-0.0258999905120484,56,0,0,0,0,0,IDHm,Astrocytoma,2,TRUE,BWH28
bwh35,10,0.129675758119104,0.001998001998002,0.0704569994705482,0.00890819329640388,0.0194089041814897,3.1711633793753,0.004995004995005,0.0371216428765478,0.0273941620322541,6,5,0,0,0,0,IDHm,Oligodendroglioma,2,TRUE,BWH35
mgh258,10,0.394744013608434,0.004995004995005,0.0291685703839202,0.0228601823242682,0.02128145514451,0.296426537415578,0.325674325674326,0.0668003031129578,-0.00552972114680628,154,0,2,0,0.0128205128205128,0,GBM,Glioblastoma,4,FALSE,MGH258
mgh259,10,0.370039677257591,0.000999000999000999,0.0547542802053065,0.0164228786631452,0.0214377620419665,1.78803186018783,0.04995004995005,0.0680521423646526,0.0188548223129147,290,15,29,0.0721311475409836,0.156739811912226,0,IDHm,Oligodendroglioma,3,TRUE,MGH259
zh1007inf,10,0.444952475905108,0.003996003996004,0.129361036976595,0.047567988478689,0.0352783344384519,2.31850652248352,0.026973026973027,0.117945297483644,0.00599586390785151,199,10,4,0.00956937799043062,0,0,GBM,Glioblastoma,4,FALSE,ZH1007
zh1007nec,10,0.406417728337329,0.000999000999000999,0.471581338884911,0.0549839631652782,0.055273953582366,7.5369563550189,0.000999000999000999,0.428055010506299,-0.284477691471772,37,86,46,0,0.481927710843373,0,GBM,Glioblastoma,4,FALSE,ZH1007
zh1019inf,10,0.306333979617652,0.480519480519481,0.1259345149795,0.0504953159427644,0.0353674539200333,2.1330118703853,0.035964035964036,0.174256318946269,-0.0139857695636581,170,7,12,0.0225988700564972,0.043956043956044,0.210526315789474,GBM,Glioblastoma,4,FALSE,ZH1019
zh1019t1,10,0.318607281181142,0.001998001998002,0.122050772779395,0.047413338089635,0.0369929535289415,2.01761220907564,0.038961038961039,0.100119703387299,0.0443435155473035,45,1,3,0,0.125,0,GBM,Glioblastoma,4,FALSE,ZH1019
zh8811a,10,0.583476622915292,0.000999000999000999,0.420343000904471,0.0768153395550452,0.0546192927508379,6.28949303530035,0.000999000999000999,0.489455203437031,-0.380713978860489,248,151,190,0.0050125313283208,0.141552511415525,0,GBM,Glioblastoma,4,FALSE,ZH881
zh8811b,10,0.658692777389675,0.000999000999000999,0.390048936162729,0.0775557838303144,0.057676860753684,5.41799862629408,0.000999000999000999,0.543008233508908,-0.363629471549141,319,106,279,0.0611764705882353,0.244147157190635,0,GBM,Glioblastoma,4,FALSE,ZH881
zh8812,10,0.267123880149959,0.00799200799200799,0.043423407024305,0.0354539424212717,0.0292869080612176,0.272116967293881,0.307692307692308,0.121965945497205,0.00338003215940939,120,0,8,0,0.078125,0,GBM,Glioblastoma,4,FALSE,ZH881
zh881inf,10,0.246717341524396,0.001998001998002,0.0265054788146139,0.0269436848138677,0.0243217795205154,-0.0180170204603725,0.478521478521479,0.115930982159312,-0.00330447429061184,122,0,1,0,0.016260162601626,0,GBM,Glioblastoma,4,FALSE,ZH881
zh881t1,10,0.391633982026642,0.001998001998002,0.217939584825803,0.0661281019691678,0.0427140634609242,3.55413347633188,0.00699300699300699,0.340634210224184,-0.149865048270283,238,77,154,0.0761904761904762,0.11734693877551,0.025974025974026,GBM,Glioblastoma,4,FALSE,ZH881
zh916bulk,10,0.57625953667673,0.003996003996004,0.629918775896193,0.125096509008453,0.0662140914603639,7.62409112250568,0.000999000999000999,0.50605759950796,-0.46841967605231,187,185,190,0.0752688172043011,0.254641909814324,0,GBM,Glioblastoma,4,FALSE,ZH916
zh916inf,10,0.107406792568737,0.120879120879121,0.0905187489610633,0.0245028105307029,0.0316114552444835,2.08835493082467,0.038961038961039,0.0694007752261269,-0.0490081560327217,20,2,0,0,0,0,GBM,Glioblastoma,4,FALSE,ZH916
zh916t1,10,0.71727217944656,0.000999000999000999,0.361528462170868,0.115464060540068,0.0662034016522832,3.71679393338717,0.004995004995005,0.33490171594998,-0.228863622315721,359,46,71,0.0641975308641975,0.0930232558139535,0.136752136752137,GBM,Glioblastoma,4,FALSE,ZH916
