sample_id,n_spots,n_hot,n_cold,frac_hot,cohort,who_grade
bwh23,894,56,12,0.0626398210290828,IDHm,3
bwh24,2878,43,104,0.0149409312022238,IDHm,4
bwh25,2201,168,145,0.0763289413902771,IDHm,4
bwh28,2114,56,149,0.0264900662251656,IDHm,2
bwh35,1209,6,17,0.00496277915632754,IDHm,2
mgh258,2194,154,77,0.0701914311759344,GBM,4
mgh259,3094,290,261,0.0937297996121526,IDHm,3
zh1007inf,1345,199,133,0.147955390334573,GBM,4
zh1007nec,876,37,22,0.0422374429223744,GBM,4
zh1019inf,1675,170,190,0.101492537313433,GBM,4
zh1019t1,1066,45,28,0.0422138836772983,GBM,4
zh8811a,2362,248,240,0.104995766299746,GBM,4
zh8811b,2479,319,296,0.128680919725696,GBM,4
zh8812,1976,120,89,0.0607287449392713,GBM,4
zh881inf,1245,122,152,0.0979919678714859,GBM,4
zh881t1,2609,238,263,0.0912226906860866,GBM,4
zh916bulk,1983,187,222,0.0943015632879476,GBM,4
zh916inf,1258,20,16,0.0158982511923688,GBM,4
zh916t1,2510,359,440,0.143027888446215,GBM,4
