sample_id,gene_removed,spearman_vs_full
mgh258,LYZ,0.99978313453991
mgh258,VIM,0.999495660910609
mgh258,HLA-DPB1,0.993040897662721
mgh258,CD163,0.999938088921746
mgh258,LGALS3,0.996560253168025
mgh258,HLA-DQA1,0.998348566657101
mgh258,S100A4,0.998862048534093
mgh258,HLA-DPA1,0.995220394607986
mgh258,S100A6,0.999191724244753
mgh258,HLA-DRB1,0.993209031371838
mgh258,ANXA1,0.997339167817427
mgh258,HLA-DQB1,0.997111125124846
mgh258,HLA-DRA,0.996686776462353
mgh258,SLC40A1,0.998245724956393
mgh258,MS4A6A,0.998162134347469
mgh258,TGFBI,0.995383831903075
mgh258,LGALS1,0.996928589295699
mgh258,CD74,0.999358002432148
mgh258,MRC1,0.999980984393677
mgh258,CST3,0.999009331002454
mgh258,ARL4C,0.999373898762555
mgh258,ANXA2,0.995248694458768
mgh258,CTSD,0.992996472542534
mgh258,S100A10,0.993879867087951
mgh258,MS4A4A,0.999444228270137
mgh258,FGL2,0.999281729515202
mgh258,CD44,0.994956557679605
mgh258,AHR,0.999955771430204
mgh258,AHNAK,0.999216886360615
mgh258,CSTA,0.999758692234483
mgh258,CD48,0.999878410278186
mgh258,IQGAP1,0.998678989730985
mgh258,NAMPT,0.996730003424863
mgh258,FCHO2,0.999795179291259
mgh258,MPEG1,0.999843599180294
mgh258,EMP3,0.993979566520153
mgh258,HLA-DMA,0.996952177988308
mgh258,FILIP1L,0.999870323348082
mgh258,SH3BP5,0.999739617543219
mgh258,FXYD5,0.998340439389084
mgh258,GRN,0.994621755819778
mgh258,LITAF,0.997472173948065
mgh258,CTSS,0.99718890412788
mgh258,CFD,0.999789933538777
mgh258,STAB1,0.999406311250308
mgh258,IFITM3,0.995125441288998
mgh258,ARHGAP18,0.999555875575436
mgh258,NPC2,0.993402795568868
mgh258,DAB2,0.999399448906527
mgh258,TXNIP,0.996386591662558
mgh258,TXN,0.993240724052793
mgh258,BTG1,0.998227351043192
mgh258,FNBP1,0.999581046782448
mgh258,AP1S2,0.998361515010354
mgh258,PSAP,0.998756620742153
mgh258,CD68,0.996080835030351
mgh258,BLVRB,0.998210774383443
mgh258,RNF144B,0.999865820982378
mgh258,YBX1,0.993542856643202
mgh258,C1orf162,0.999390539621118
mgh258,CHPT1,0.998558447059067
mgh258,TMSB10,0.999922476081654
mgh258,GPR183,0.999887499091562
mgh258,BRI3,0.996198320623241
mgh258,RPS18,0.99985330866713
mgh258,HEXA,0.998749233736783
mgh258,FCGRT,0.996662770764495
mgh258,RNASE6,0.999436508063963
mgh258,TNFAIP3,0.999875568248892
mgh258,SDCBP,0.994147369263727
mgh258,HLA-DMB,0.996730307374695
mgh258,PPDPF,0.994177049654846
mgh258,RPS2,0.999642503645675
mgh258,RPS13,0.99882700024824
mgh258,HLA-DOA,0.999119882676862
mgh258,GSTP1,0.994893013836645
mgh258,PTMA,0.996707131998959
mgh258,PHLDA1,0.99435523111281
mgh258,CARD16,0.998211100775034
mgh258,PPA1,0.997007030440788
mgh258,FTH1,0.999984342277891
mgh258,MARCH1,0.999700224826154
mgh258,PECAM1,0.998834715909684
mgh258,RPL12,0.998359541914798
mgh258,PCBD1,0.998484627866351
mgh258,RPS17,0.993955491761431
mgh258,SNX6,0.997869079491356
mgh258,RBPJ,0.999034242860122
mgh258,DRAM2,0.999154642929746
zh881inf,LYZ,0.999913747153905
zh881inf,VIM,0.995640473078182
zh881inf,HLA-DPB1,0.998664413930873
zh881inf,CD163,0.999519227011329
zh881inf,LGALS3,0.998418947080205
zh881inf,HLA-DQA1,0.99972732484801
zh881inf,S100A4,0.999704988619911
zh881inf,HLA-DPA1,0.99721939930945
zh881inf,S100A6,0.995553030977366
zh881inf,HLA-DRB1,0.997512548317715
zh881inf,ANXA1,0.998717002310638
zh881inf,HLA-DQB1,0.998741850753512
zh881inf,HLA-DRA,0.995385512296847
zh881inf,SLC40A1,0.99977505671809
zh881inf,MS4A6A,0.999728548303239
zh881inf,TGFBI,0.999913857529059
zh881inf,LGALS1,0.995766652234502
zh881inf,CD74,0.995677470550117
zh881inf,MRC1,0.999971625778178
zh881inf,CST3,0.999831421178616
zh881inf,ARL4C,0.998450836198594
zh881inf,ANXA2,0.997325668956249
zh881inf,CTSD,0.995242254565363
zh881inf,S100A10,0.996966000966253
zh881inf,MS4A4A,0.999742884653975
zh881inf,FGL2,0.999727458540325
zh881inf,CD44,0.997226398039789
zh881inf,AHR,0.99964036466509
zh881inf,AHNAK,0.998437482333638
zh881inf,CSTA,0.999949891174086
zh881inf,IQGAP1,0.999149555302476
zh881inf,NAMPT,0.997531170642014
zh881inf,FCHO2,0.999808234596251
zh881inf,MPEG1,0.999930685873857
zh881inf,EMP3,0.998821532376222
zh881inf,HLA-DMA,0.999148300752549
zh881inf,FILIP1L,0.999920685251075
zh881inf,SH3BP5,0.999091490125643
zh881inf,FXYD5,0.999525278994955
zh881inf,GRN,0.998166764422897
zh881inf,LITAF,0.997679903699645
zh881inf,CTSS,0.999661065474756
zh881inf,CFD,0.999871265105095
zh881inf,STAB1,0.999932190708767
zh881inf,IFITM3,0.995141038826568
zh881inf,ARHGAP18,0.999855649333595
zh881inf,NPC2,0.996801087829
zh881inf,DAB2,0.999812293609483
zh881inf,TXNIP,0.997205191988891
zh881inf,TXN,0.997774840427105
zh881inf,BTG1,0.99865446771829
zh881inf,FNBP1,0.99859799755973
zh881inf,AP1S2,0.99820562273943
zh881inf,PSAP,0.996929129396863
zh881inf,CD68,0.998871294530768
zh881inf,BLVRB,0.999263473478712
zh881inf,RNF144B,0.999930222608782
zh881inf,YBX1,0.997730679426601
zh881inf,C1orf162,0.99951040631581
zh881inf,CHPT1,0.999064678262606
zh881inf,TMSB10,0.996631276266093
zh881inf,GPR183,0.999638388794786
zh881inf,BRI3,0.998320386591841
zh881inf,RPS18,0.996896430304887
zh881inf,HEXA,0.999371450046062
zh881inf,FCGRT,0.99894206997856
zh881inf,RNASE6,0.99982772749477
zh881inf,TNFAIP3,0.999862693142218
zh881inf,SDCBP,0.997405204451963
zh881inf,HLA-DMB,0.999494801429698
zh881inf,PPDPF,0.995274925613818
zh881inf,RPS2,0.995826309235186
zh881inf,RPS13,0.995809605269596
zh881inf,HLA-DOA,0.999699884929255
zh881inf,GSTP1,0.995798558426289
zh881inf,PTMA,0.99718171932301
zh881inf,PHLDA1,0.997352141920844
zh881inf,CARD16,0.999926867821876
zh881inf,PPA1,0.997099556633196
zh881inf,FTH1,0.999963114443979
zh881inf,MARCH1,0.999276636117031
zh881inf,PECAM1,0.999613809305919
zh881inf,RPL12,0.995563386058603
zh881inf,PCBD1,0.99948632273897
zh881inf,RPS17,0.995606004842279
zh881inf,SNX6,0.998641591125872
zh881inf,RBPJ,0.99867633602686
zh881inf,DRAM2,0.999691843078595
zh881t1,LYZ,0.999876206402351
zh881t1,VIM,0.999923439407176
zh881t1,AREG,0.999972883160792
zh881t1,HLA-DPB1,0.996793625322536
zh881t1,CD163,0.995297357371778
zh881t1,LGALS3,0.994124990247358
zh881t1,HLA-DQA1,0.999709899451277
zh881t1,S100A4,0.999828925253084
zh881t1,HLA-DPA1,0.994510266632257
zh881t1,S100A6,0.999428934135036
zh881t1,HLA-DRB1,0.995371543183675
zh881t1,ANXA1,0.997005760484834
zh881t1,HLA-DQB1,0.998221726486317
zh881t1,HLA-DRA,0.996560273094093
zh881t1,SLC40A1,0.999670561756753
zh881t1,MS4A6A,0.998047060183595
zh881t1,TGFBI,0.997956000419459
zh881t1,LGALS1,0.99626613604621
zh881t1,CD74,0.999023137676005
zh881t1,MRC1,0.999769966517162
zh881t1,CST3,0.999788163840751
zh881t1,ARL4C,0.996674657628776
zh881t1,ANXA2,0.996197536972982
zh881t1,CTSD,0.995483233678175
zh881t1,S100A10,0.993999798456902
zh881t1,MS4A4A,0.999023921326586
zh881t1,FGL2,0.999703182069163
zh881t1,CD44,0.994579493097047
zh881t1,AHR,0.99924329653031
zh881t1,AHNAK,0.999435544925971
zh881t1,CSTA,0.999975738534031
zh881t1,CD48,0.999998635745475
zh881t1,IQGAP1,0.999193272004799
zh881t1,NAMPT,0.994505081784326
zh881t1,FCHO2,0.999932922801048
zh881t1,MPEG1,0.999968341558147
zh881t1,EMP3,0.997728138318868
zh881t1,HLA-DMA,0.99852199830404
zh881t1,FILIP1L,0.999928929535478
zh881t1,SH3BP5,0.999567205623937
zh881t1,FXYD5,0.99940909061965
zh881t1,GRN,0.995721231232486
zh881t1,LITAF,0.997648817972166
zh881t1,CTSS,0.999167077341176
zh881t1,CFD,0.999799652736105
zh881t1,STAB1,0.997700561837346
zh881t1,IFITM3,0.994601641462397
zh881t1,ARHGAP18,0.999864912618385
zh881t1,NPC2,0.994503411078568
zh881t1,DAB2,0.999781970301389
zh881t1,TXNIP,0.995745153812906
zh881t1,TXN,0.994846555892774
zh881t1,BTG1,0.997252618249595
zh881t1,FNBP1,0.999782254605582
zh881t1,AP1S2,0.996275162478795
zh881t1,PSAP,0.999615538343771
zh881t1,CD68,0.998352785469053
zh881t1,BLVRB,0.999686999368021
zh881t1,RNF144B,0.99998784215423
zh881t1,YBX1,0.996185543331323
zh881t1,C1orf162,0.999779532009087
zh881t1,CHPT1,0.999267188046017
zh881t1,TMSB10,0.999993358972457
zh881t1,GPR183,0.99996935917445
zh881t1,BRI3,0.996840073658744
zh881t1,RPS18,0.999759522772859
zh881t1,HEXA,0.998840773368166
zh881t1,FCGRT,0.998018893977121
zh881t1,RNASE6,0.999854249607502
zh881t1,TNFAIP3,0.999892714118633
zh881t1,SDCBP,0.99665337874029
zh881t1,HLA-DMB,0.998665235738228
zh881t1,PPDPF,0.998249625623032
zh881t1,RPS2,0.999952935076942
zh881t1,RPS13,0.997892892836651
zh881t1,HLA-DOA,0.999829974796504
zh881t1,GSTP1,0.995063673376437
zh881t1,PTMA,0.99960499510087
zh881t1,PHLDA1,0.995464796824641
zh881t1,CARD16,0.999937372169564
zh881t1,PPA1,0.996683696577999
zh881t1,FTH1,0.99999497222543
zh881t1,MARCH1,0.999046075600151
zh881t1,PECAM1,0.999293495218203
zh881t1,RPL12,0.998618321665248
zh881t1,PCBD1,0.999667682395268
zh881t1,RPS17,0.994887513594982
zh881t1,SNX6,0.998820404487267
zh881t1,RBPJ,0.998428674575476
zh881t1,DRAM2,0.999849619318179
zh916bulk,LYZ,0.999834750686975
zh916bulk,VIM,0.999978069762624
zh916bulk,AREG,0.999729987462223
zh916bulk,HLA-DPB1,0.995101848666764
zh916bulk,CD163,0.997595054121073
zh916bulk,LGALS3,0.995547385803645
zh916bulk,HLA-DQA1,0.99933635389748
zh916bulk,S100A4,0.998925302564784
zh916bulk,HLA-DPA1,0.994620013603503
zh916bulk,S100A6,0.999777652506482
zh916bulk,HLA-DRB1,0.994927803316969
zh916bulk,ANXA1,0.995906294638562
zh916bulk,HLA-DQB1,0.998176560510392
zh916bulk,HLA-DRA,0.997646310586461
zh916bulk,SLC40A1,0.999763183291106
zh916bulk,MS4A6A,0.998789003229331
zh916bulk,TGFBI,0.996855550147813
zh916bulk,LGALS1,0.999721272230189
zh916bulk,CD74,0.999065609996976
zh916bulk,MRC1,0.999965037503026
zh916bulk,CST3,0.999763816552311
zh916bulk,ARL4C,0.9975957835635
zh916bulk,ANXA2,0.997354387064928
zh916bulk,CTSD,0.996978604077188
zh916bulk,S100A10,0.997533081443899
zh916bulk,MS4A4A,0.99952387354778
zh916bulk,FGL2,0.99972422001225
zh916bulk,CD44,0.99756740336202
zh916bulk,AHR,0.99974319285021
zh916bulk,AHNAK,0.999069496898257
zh916bulk,CSTA,0.99994800677043
zh916bulk,CD48,0.99996443232667
zh916bulk,IQGAP1,0.997204051325147
zh916bulk,NAMPT,0.997574645841495
zh916bulk,FCHO2,0.999836662012727
zh916bulk,MPEG1,0.999959220038432
zh916bulk,EMP3,0.99559619541659
zh916bulk,HLA-DMA,0.998099392248764
zh916bulk,FILIP1L,0.999700687385328
zh916bulk,SH3BP5,0.999573993923842
zh916bulk,FXYD5,0.998944310797162
zh916bulk,GRN,0.996418904410689
zh916bulk,LITAF,0.997936601347309
zh916bulk,CTSS,0.998975185951067
zh916bulk,CFD,0.999914678211331
zh916bulk,STAB1,0.998932423485813
zh916bulk,IFITM3,0.996643759945939
zh916bulk,ARHGAP18,0.999810748306971
zh916bulk,NPC2,0.995918399326431
zh916bulk,DAB2,0.999491359842553
zh916bulk,TXNIP,0.997342510139026
zh916bulk,TXN,0.995899774272022
zh916bulk,BTG1,0.996666445417572
zh916bulk,FNBP1,0.999705107904049
zh916bulk,AP1S2,0.997289659349939
zh916bulk,PSAP,0.999674869860207
zh916bulk,CD68,0.998490290401237
zh916bulk,BLVRB,0.998276740473505
zh916bulk,RNF144B,0.999938996452247
zh916bulk,YBX1,0.995682685251557
zh916bulk,C1orf162,0.999752073130334
zh916bulk,CHPT1,0.996255172839782
zh916bulk,TMSB10,0.999996087321245
zh916bulk,GPR183,0.999491729563927
zh916bulk,BRI3,0.997691268314843
zh916bulk,RPS18,0.99980568683203
zh916bulk,HEXA,0.998723736126507
zh916bulk,FCGRT,0.997355323861143
zh916bulk,RNASE6,0.999849742748297
zh916bulk,TNFAIP3,0.999701042873545
zh916bulk,SDCBP,0.996207182705545
zh916bulk,HLA-DMB,0.998966703861737
zh916bulk,PPDPF,0.995833016757098
zh916bulk,RPS2,0.999458446404764
zh916bulk,RPS13,0.998871932390256
zh916bulk,HLA-DOA,0.999737239961192
zh916bulk,GSTP1,0.996160058584212
zh916bulk,PTMA,0.999548738485559
zh916bulk,PHLDA1,0.995749291977217
zh916bulk,CARD16,0.999834938048953
zh916bulk,PPA1,0.99761585670007
zh916bulk,FTH1,0.999997323066013
zh916bulk,MARCH1,0.999876391283691
zh916bulk,PECAM1,0.998773562191312
zh916bulk,RPL12,0.999327902591674
zh916bulk,PCBD1,0.999438018912863
zh916bulk,RPS17,0.997350329725593
zh916bulk,SNX6,0.998982280708671
zh916bulk,RBPJ,0.999328354259182
zh916bulk,DRAM2,0.99983231151458
zh916inf,LYZ,0.99945606031015
zh916inf,VIM,0.985805196118493
zh916inf,HLA-DPB1,0.997709106302973
zh916inf,CD163,0.999680554286195
zh916inf,LGALS3,0.995803588974883
zh916inf,HLA-DQA1,0.999948693634884
zh916inf,S100A4,0.999698657983076
zh916inf,HLA-DPA1,0.997074783759939
zh916inf,S100A6,0.991782610807189
zh916inf,HLA-DRB1,0.99778382963572
zh916inf,ANXA1,0.998922311670903
zh916inf,HLA-DQB1,0.999532739577285
zh916inf,HLA-DRA,0.991687753980203
zh916inf,SLC40A1,0.999042571510703
zh916inf,MS4A6A,0.99933184188245
zh916inf,TGFBI,0.999996287039366
zh916inf,LGALS1,0.991414774494667
zh916inf,CD74,0.986005965769414
zh916inf,MRC1,0.999293794587219
zh916inf,CST3,0.999397671582461
zh916inf,ARL4C,0.999199510393094
zh916inf,ANXA2,0.998948344581693
zh916inf,CTSD,0.987067658581695
zh916inf,S100A10,0.997761503648278
zh916inf,MS4A4A,0.998956817790087
zh916inf,FGL2,0.999649158372637
zh916inf,CD44,0.994943645273865
zh916inf,AHR,0.998974088180461
zh916inf,AHNAK,0.995124329618095
zh916inf,IQGAP1,0.998347931434221
zh916inf,NAMPT,0.99713349493673
zh916inf,FCHO2,0.999274015231707
zh916inf,MPEG1,0.999930725557534
zh916inf,EMP3,0.999267228224543
zh916inf,HLA-DMA,0.999537195429316
zh916inf,FILIP1L,0.999610544484536
zh916inf,SH3BP5,0.996202316361529
zh916inf,FXYD5,0.999541096749685
zh916inf,GRN,0.996992777637559
zh916inf,LITAF,0.993614061808938
zh916inf,CTSS,0.999082211581971
zh916inf,CFD,0.999540682358833
zh916inf,STAB1,0.999259491891915
zh916inf,IFITM3,0.992216429040929
zh916inf,ARHGAP18,0.999780453119951
zh916inf,NPC2,0.993953764547371
zh916inf,DAB2,0.999580902581011
zh916inf,TXNIP,0.989818532935162
zh916inf,TXN,0.994216910059125
zh916inf,BTG1,0.998406365345424
zh916inf,FNBP1,0.994161075526562
zh916inf,AP1S2,0.995876775255743
zh916inf,PSAP,0.993836922224041
zh916inf,CD68,0.997943256399097
zh916inf,BLVRB,0.998051394858426
zh916inf,RNF144B,0.999860914665005
zh916inf,YBX1,0.994591503235571
zh916inf,C1orf162,0.999545704800426
zh916inf,CHPT1,0.99752961087612
zh916inf,TMSB10,0.987747174044389
zh916inf,GPR183,0.999618708778668
zh916inf,BRI3,0.996660934798749
zh916inf,RPS18,0.988830969816885
zh916inf,HEXA,0.998341872261199
zh916inf,FCGRT,0.997647349719385
zh916inf,RNASE6,0.99949735494049
zh916inf,TNFAIP3,0.999715010681904
zh916inf,SDCBP,0.99481427931199
zh916inf,HLA-DMB,0.999039369382085
zh916inf,PPDPF,0.986469523561002
zh916inf,RPS2,0.986757739602693
zh916inf,RPS13,0.986918993869507
zh916inf,HLA-DOA,0.999694280485486
zh916inf,GSTP1,0.990591885050788
zh916inf,PTMA,0.99354889657891
zh916inf,PHLDA1,0.997556258590657
zh916inf,PPA1,0.990032787597681
zh916inf,FTH1,0.999994195485261
zh916inf,MARCH1,0.997987527086116
zh916inf,PECAM1,0.999486225096793
zh916inf,RPL12,0.988061958736424
zh916inf,PCBD1,0.998294821309391
zh916inf,RPS17,0.988748039979828
zh916inf,SNX6,0.994451917573075
zh916inf,RBPJ,0.993218678223895
zh916inf,DRAM2,0.999268038935528
zh916t1,LYZ,0.999780800441084
zh916t1,VIM,0.999969868050052
zh916t1,AREG,0.99992264587288
zh916t1,HLA-DPB1,0.998110999659857
zh916t1,CD163,0.999019333920732
zh916t1,LGALS3,0.997883426683567
zh916t1,HLA-DQA1,0.999181148114218
zh916t1,S100A4,0.999399279201746
zh916t1,HLA-DPA1,0.998552470438852
zh916t1,S100A6,0.999424784209783
zh916t1,HLA-DRB1,0.998438691729786
zh916t1,ANXA1,0.99919168333138
zh916t1,HLA-DQB1,0.998179019833821
zh916t1,HLA-DRA,0.999719820560516
zh916t1,SLC40A1,0.999682845233814
zh916t1,MS4A6A,0.999230932194078
zh916t1,TGFBI,0.997886602685795
zh916t1,LGALS1,0.999730286151648
zh916t1,CD74,0.999898021520148
zh916t1,MRC1,0.999961715834841
zh916t1,CST3,0.999888770858889
zh916t1,ARL4C,0.998423797254472
zh916t1,ANXA2,0.999345905727876
zh916t1,CTSD,0.998916995172596
zh916t1,S100A10,0.997596131436147
zh916t1,MS4A4A,0.999728550833868
zh916t1,FGL2,0.999758424772593
zh916t1,CD44,0.999207598090759
zh916t1,AHR,0.999783658108429
zh916t1,AHNAK,0.998946209472892
zh916t1,CSTA,0.999979200857476
zh916t1,CD48,0.999988447914091
zh916t1,IQGAP1,0.998322072616755
zh916t1,NAMPT,0.998777810106283
zh916t1,FCHO2,0.999951423452183
zh916t1,MPEG1,0.999970020580322
zh916t1,EMP3,0.99786626474251
zh916t1,HLA-DMA,0.998443288508069
zh916t1,FILIP1L,0.999817354411559
zh916t1,SH3BP5,0.999800086232531
zh916t1,FXYD5,0.998798475115475
zh916t1,GRN,0.997959608558878
zh916t1,LITAF,0.998388137788823
zh916t1,CTSS,0.999259344763374
zh916t1,CFD,0.999893238252186
zh916t1,STAB1,0.998735064618687
zh916t1,IFITM3,0.998797089826116
zh916t1,ARHGAP18,0.999888861542367
zh916t1,NPC2,0.998643972708179
zh916t1,DAB2,0.999864579813601
zh916t1,TXNIP,0.99802207542299
zh916t1,TXN,0.99812683151414
zh916t1,BTG1,0.998252131578868
zh916t1,FNBP1,0.99979220473963
zh916t1,AP1S2,0.997874669084351
zh916t1,PSAP,0.999868585821837
zh916t1,CD68,0.998977487297948
zh916t1,BLVRB,0.999327566421215
zh916t1,RNF144B,0.999971403787596
zh916t1,YBX1,0.998067893523434
zh916t1,C1orf162,0.999846965785374
zh916t1,CHPT1,0.997726110038331
zh916t1,TMSB10,0.999947769743775
zh916t1,GPR183,0.999794705553814
zh916t1,BRI3,0.998653466770542
zh916t1,RPS18,0.999712425115351
zh916t1,HEXA,0.99939391009549
zh916t1,FCGRT,0.998185424598737
zh916t1,RNASE6,0.999895970897695
zh916t1,TNFAIP3,0.999899709598314
zh916t1,SDCBP,0.997862337841234
zh916t1,HLA-DMB,0.998519740544219
zh916t1,PPDPF,0.997937814933378
zh916t1,RPS2,0.999763425073672
zh916t1,RPS13,0.999364767886889
zh916t1,HLA-DOA,0.999812756114699
zh916t1,GSTP1,0.998439110428753
zh916t1,PTMA,0.999804974222552
zh916t1,PHLDA1,0.998255179334186
zh916t1,CARD16,0.999930591868541
zh916t1,PPA1,0.99938715645556
zh916t1,FTH1,0.999980360012133
zh916t1,MARCH1,0.99989813212336
zh916t1,PECAM1,0.998775647360894
zh916t1,RPL12,0.999128424792782
zh916t1,PCBD1,0.999906348651839
zh916t1,RPS17,0.998052883328884
zh916t1,SNX6,0.999471206360352
zh916t1,RBPJ,0.999663059734186
zh916t1,DRAM2,0.999921601305724
zh1007inf,LYZ,0.999838004201903
zh1007inf,VIM,0.999980102231548
zh1007inf,HLA-DPB1,0.996038092639311
zh1007inf,CD163,0.999789807166089
zh1007inf,LGALS3,0.994949618882276
zh1007inf,HLA-DQA1,0.999329513758303
zh1007inf,S100A4,0.999349391802296
zh1007inf,HLA-DPA1,0.995350607373033
zh1007inf,S100A6,0.998640784393758
zh1007inf,HLA-DRB1,0.995508028842034
zh1007inf,ANXA1,0.996563504472115
zh1007inf,HLA-DQB1,0.998862843403078
zh1007inf,HLA-DRA,0.995990849951132
zh1007inf,SLC40A1,0.999605779318517
zh1007inf,MS4A6A,0.998696870024078
zh1007inf,TGFBI,0.997741938647449
zh1007inf,LGALS1,0.999710520633944
zh1007inf,CD74,0.998521004457755
zh1007inf,MRC1,0.999964286847258
zh1007inf,CST3,0.999416912034461
zh1007inf,ARL4C,0.998650399151478
zh1007inf,ANXA2,0.995095085415924
zh1007inf,CTSD,0.995818065559518
zh1007inf,S100A10,0.994808584954647
zh1007inf,MS4A4A,0.999689671012373
zh1007inf,FGL2,0.999774539222743
zh1007inf,CD44,0.995456193271077
zh1007inf,AHR,0.999796272892766
zh1007inf,AHNAK,0.999428047045949
zh1007inf,CSTA,0.999879045044424
zh1007inf,CD48,0.999992177999611
zh1007inf,IQGAP1,0.998631983423751
zh1007inf,NAMPT,0.995431516475869
zh1007inf,FCHO2,0.999906282719371
zh1007inf,MPEG1,0.99993948676583
zh1007inf,EMP3,0.995635195499547
zh1007inf,HLA-DMA,0.998572572457971
zh1007inf,FILIP1L,0.999567564457269
zh1007inf,SH3BP5,0.999706067128553
zh1007inf,FXYD5,0.998615853626975
zh1007inf,GRN,0.995276035704103
zh1007inf,LITAF,0.998217941398196
zh1007inf,CTSS,0.998654238635749
zh1007inf,CFD,0.999905524439417
zh1007inf,STAB1,0.998780634723002
zh1007inf,IFITM3,0.996603187774687
zh1007inf,ARHGAP18,0.999773010332376
zh1007inf,NPC2,0.995262566725523
zh1007inf,DAB2,0.999083346380892
zh1007inf,TXNIP,0.99861590048348
zh1007inf,TXN,0.995206160499081
zh1007inf,BTG1,0.998817082725124
zh1007inf,FNBP1,0.999579653787412
zh1007inf,AP1S2,0.998338795267459
zh1007inf,PSAP,0.999485527153125
zh1007inf,CD68,0.997091381021254
zh1007inf,BLVRB,0.999492207422726
zh1007inf,RNF144B,0.999967623280506
zh1007inf,YBX1,0.995232405640461
zh1007inf,C1orf162,0.999404763525245
zh1007inf,CHPT1,0.999366379743879
zh1007inf,TMSB10,0.999983491682812
zh1007inf,GPR183,0.999919973686218
zh1007inf,BRI3,0.997734080887901
zh1007inf,RPS18,0.999966413730742
zh1007inf,HEXA,0.998412310234636
zh1007inf,FCGRT,0.995900675020511
zh1007inf,RNASE6,0.999831680267271
zh1007inf,TNFAIP3,0.999994264195175
zh1007inf,SDCBP,0.996640782478599
zh1007inf,HLA-DMB,0.998082351040797
zh1007inf,PPDPF,0.995299334038282
zh1007inf,RPS2,0.999969727970527
zh1007inf,RPS13,0.999820261674027
zh1007inf,HLA-DOA,0.999746302837316
zh1007inf,GSTP1,0.99557180083228
zh1007inf,PTMA,0.999074927609784
zh1007inf,PHLDA1,0.996313982196787
zh1007inf,CARD16,0.999685657674779
zh1007inf,PPA1,0.997331076490578
zh1007inf,FTH1,0.999986778797115
zh1007inf,MARCH1,0.99959201313885
zh1007inf,PECAM1,0.997526055633332
zh1007inf,RPL12,0.999873010857661
zh1007inf,PCBD1,0.998763121533525
zh1007inf,RPS17,0.996187149611539
zh1007inf,SNX6,0.998480749024212
zh1007inf,RBPJ,0.999335891944519
zh1007inf,DRAM2,0.999624241902641
zh1007nec,LYZ,0.999858666883512
zh1007nec,VIM,0.999997192884832
zh1007nec,HLA-DPB1,0.99423134272916
zh1007nec,CD163,0.998759496082392
zh1007nec,LGALS3,0.999621686551344
zh1007nec,HLA-DQA1,0.999787596437963
zh1007nec,S100A4,0.995315072077836
zh1007nec,HLA-DPA1,0.994037446283295
zh1007nec,S100A6,0.997670710269225
zh1007nec,HLA-DRB1,0.993356754313952
zh1007nec,ANXA1,0.997681108562225
zh1007nec,HLA-DQB1,0.999318335138441
zh1007nec,HLA-DRA,0.988823299586933
zh1007nec,SLC40A1,0.999370594789999
zh1007nec,MS4A6A,0.997468928202446
zh1007nec,TGFBI,0.994375415890404
zh1007nec,LGALS1,0.999961409976889
zh1007nec,CD74,0.996544200235194
zh1007nec,MRC1,0.999985344091674
zh1007nec,CST3,0.99983120714073
zh1007nec,ARL4C,0.99128933888972
zh1007nec,ANXA2,0.993424834785318
zh1007nec,CTSD,0.997414530907985
zh1007nec,S100A10,0.992659559155384
zh1007nec,MS4A4A,0.999784521555358
zh1007nec,FGL2,0.999878347928361
zh1007nec,CD44,0.990212142928485
zh1007nec,AHR,0.999985165578784
zh1007nec,AHNAK,0.99987562560568
zh1007nec,CSTA,0.99998063135136
zh1007nec,CD48,1
zh1007nec,IQGAP1,0.996668061432479
zh1007nec,NAMPT,0.98940526909972
zh1007nec,FCHO2,0.999982916316361
zh1007nec,MPEG1,0.999998589748164
zh1007nec,EMP3,0.990659509775777
zh1007nec,HLA-DMA,0.999027501949952
zh1007nec,FILIP1L,0.999526293728334
zh1007nec,SH3BP5,0.999803403753485
zh1007nec,FXYD5,0.990989446010203
zh1007nec,GRN,0.990705619404508
zh1007nec,LITAF,0.997197535092253
zh1007nec,CTSS,0.999349280345138
zh1007nec,CFD,0.999998143465937
zh1007nec,STAB1,0.996902225753089
zh1007nec,IFITM3,0.999629710727372
zh1007nec,ARHGAP18,0.999929183936264
zh1007nec,NPC2,0.991561472591381
zh1007nec,DAB2,0.999806367067471
zh1007nec,TXNIP,0.998466529613393
zh1007nec,TXN,0.991998374068925
zh1007nec,BTG1,0.997780839353138
zh1007nec,FNBP1,0.998884834449624
zh1007nec,AP1S2,0.997826569892094
zh1007nec,PSAP,0.999878593386836
zh1007nec,CD68,0.993656490705673
zh1007nec,BLVRB,0.998451936225771
zh1007nec,RNF144B,1
zh1007nec,YBX1,0.993614874943908
zh1007nec,C1orf162,0.999770365481266
zh1007nec,CHPT1,0.999230649596235
zh1007nec,TMSB10,0.999996291394779
zh1007nec,GPR183,0.99993435188445
zh1007nec,BRI3,0.993782369406891
zh1007nec,RPS18,0.999989847079387
zh1007nec,HEXA,0.995481057742788
zh1007nec,FCGRT,0.990968810162329
zh1007nec,RNASE6,0.999487369006073
zh1007nec,TNFAIP3,0.999997250901484
zh1007nec,SDCBP,0.991323738438536
zh1007nec,HLA-DMB,0.998098306638322
zh1007nec,PPDPF,0.998662987557692
zh1007nec,RPS2,0.999991226091894
zh1007nec,RPS13,0.999965310483601
zh1007nec,HLA-DOA,0.999963087997193
zh1007nec,GSTP1,0.997827725801818
zh1007nec,PTMA,0.999808817165428
zh1007nec,PHLDA1,0.990937489996306
zh1007nec,CARD16,0.999644995875527
zh1007nec,PPA1,0.995967996388328
zh1007nec,FTH1,0.999989342780569
zh1007nec,MARCH1,0.999995751393202
zh1007nec,PECAM1,0.998049639596315
zh1007nec,RPL12,0.999980863418973
zh1007nec,PCBD1,0.996247471766671
zh1007nec,RPS17,0.998891747415631
zh1007nec,SNX6,0.997526717287984
zh1007nec,RBPJ,0.99947863525611
zh1007nec,DRAM2,0.999851048843345
zh1019inf,LYZ,0.999813632958921
zh1019inf,VIM,0.999755390027271
zh1019inf,HLA-DPB1,0.996975732735841
zh1019inf,CD163,0.999874358537595
zh1019inf,LGALS3,0.998483404763169
zh1019inf,HLA-DQA1,0.998857241323275
zh1019inf,S100A4,0.999134965806315
zh1019inf,HLA-DPA1,0.996916593532482
zh1019inf,S100A6,0.9991490554206
zh1019inf,HLA-DRB1,0.997335273494465
zh1019inf,ANXA1,0.997051395688465
zh1019inf,HLA-DQB1,0.998028336049561
zh1019inf,HLA-DRA,0.997791662377706
zh1019inf,SLC40A1,0.99979654872325
zh1019inf,MS4A6A,0.999144881069156
zh1019inf,TGFBI,0.997298069555332
zh1019inf,LGALS1,0.999316407133566
zh1019inf,CD74,0.999104989556283
zh1019inf,MRC1,0.999999507173226
zh1019inf,CST3,0.999902175800522
zh1019inf,ARL4C,0.99896563129111
zh1019inf,ANXA2,0.997052441364477
zh1019inf,CTSD,0.997823960400383
zh1019inf,S100A10,0.998007572850263
zh1019inf,MS4A4A,0.999791154440024
zh1019inf,FGL2,0.999804368836714
zh1019inf,CD44,0.996871089392391
zh1019inf,AHR,0.999974653255109
zh1019inf,AHNAK,0.998811377786034
zh1019inf,CSTA,0.999850232369069
zh1019inf,CD48,0.999965180383977
zh1019inf,IQGAP1,0.999343181284384
zh1019inf,NAMPT,0.998385087100665
zh1019inf,FCHO2,0.999965441480049
zh1019inf,MPEG1,0.999911612922483
zh1019inf,EMP3,0.996920090530288
zh1019inf,HLA-DMA,0.999406226726483
zh1019inf,FILIP1L,0.999932065233611
zh1019inf,SH3BP5,0.999743454299052
zh1019inf,FXYD5,0.99931342335892
zh1019inf,GRN,0.997295177697025
zh1019inf,LITAF,0.998242512056549
zh1019inf,CTSS,0.999275448247576
zh1019inf,CFD,0.999943808810473
zh1019inf,STAB1,0.999304918905182
zh1019inf,IFITM3,0.997018354604828
zh1019inf,ARHGAP18,0.999806135863781
zh1019inf,NPC2,0.997132237169083
zh1019inf,DAB2,0.99976071791833
zh1019inf,TXNIP,0.997490235599804
zh1019inf,TXN,0.996927057796671
zh1019inf,BTG1,0.99913934698416
zh1019inf,FNBP1,0.999568564630187
zh1019inf,AP1S2,0.999375929371866
zh1019inf,PSAP,0.999600789884624
zh1019inf,CD68,0.998202448167188
zh1019inf,BLVRB,0.99882346928119
zh1019inf,RNF144B,0.999952230913592
zh1019inf,YBX1,0.996878815694928
zh1019inf,C1orf162,0.99974430333967
zh1019inf,CHPT1,0.999342756766428
zh1019inf,TMSB10,0.999839741925872
zh1019inf,GPR183,0.999980845508615
zh1019inf,BRI3,0.997988559432402
zh1019inf,RPS18,0.999792462475373
zh1019inf,HEXA,0.999369358558202
zh1019inf,FCGRT,0.99787205506302
zh1019inf,RNASE6,0.999837813390117
zh1019inf,TNFAIP3,0.999961181592639
zh1019inf,SDCBP,0.998255767927645
zh1019inf,HLA-DMB,0.998723119661303
zh1019inf,PPDPF,0.996909443083498
zh1019inf,RPS2,0.999917424065133
zh1019inf,RPS13,0.9993854852331
zh1019inf,HLA-DOA,0.999865552770399
zh1019inf,GSTP1,0.996893808598979
zh1019inf,PTMA,0.999304962952283
zh1019inf,PHLDA1,0.998986880295651
zh1019inf,CARD16,0.999906405683966
zh1019inf,PPA1,0.9985847994068
zh1019inf,FTH1,0.999999140745031
zh1019inf,MARCH1,0.999847823774159
zh1019inf,PECAM1,0.999125098413421
zh1019inf,RPL12,0.999404821022239
zh1019inf,PCBD1,0.999414041095431
zh1019inf,RPS17,0.997129263627137
zh1019inf,SNX6,0.999410596415405
zh1019inf,RBPJ,0.999248076570031
zh1019inf,DRAM2,0.999726796498059
zh1019t1,LYZ,0.999980105738261
zh1019t1,VIM,0.999992855104448
zh1019t1,HLA-DPB1,0.990263231077289
zh1019t1,CD163,0.99992410560837
zh1019t1,LGALS3,0.992053204620936
zh1019t1,HLA-DQA1,0.994067706053873
zh1019t1,S100A4,0.990607865175301
zh1019t1,HLA-DPA1,0.990843671402898
zh1019t1,S100A6,0.999984360479
zh1019t1,HLA-DRB1,0.989039566878368
zh1019t1,ANXA1,0.997609855386994
zh1019t1,HLA-DQB1,0.993584334481802
zh1019t1,HLA-DRA,0.997510275090366
zh1019t1,SLC40A1,0.999110008543537
zh1019t1,MS4A6A,0.998718740701807
zh1019t1,TGFBI,0.999739829214508
zh1019t1,LGALS1,0.99985730764366
zh1019t1,CD74,0.999499176260418
zh1019t1,CST3,0.999930237586032
zh1019t1,ARL4C,0.996439348147485
zh1019t1,ANXA2,0.992410139501056
zh1019t1,CTSD,0.989825396588747
zh1019t1,S100A10,0.999948502266916
zh1019t1,MS4A4A,0.999859261658099
zh1019t1,FGL2,0.999817893083804
zh1019t1,CD44,0.989029026609679
zh1019t1,AHR,0.999867768664631
zh1019t1,AHNAK,0.998126633184407
zh1019t1,CSTA,0.99994286064911
zh1019t1,CD48,0.999999871218523
zh1019t1,IQGAP1,0.998108323939571
zh1019t1,NAMPT,0.99543777748709
zh1019t1,FCHO2,0.999990668296023
zh1019t1,MPEG1,0.999942830930307
zh1019t1,EMP3,0.994742050390582
zh1019t1,HLA-DMA,0.998511652660666
zh1019t1,FILIP1L,0.999912956104336
zh1019t1,SH3BP5,0.999825659598419
zh1019t1,FXYD5,0.99945068508613
zh1019t1,GRN,0.993634450447929
zh1019t1,LITAF,0.996816888434519
zh1019t1,CTSS,0.999535616470257
zh1019t1,CFD,0.99999972262451
zh1019t1,STAB1,0.999522054788911
zh1019t1,IFITM3,0.989986229495413
zh1019t1,ARHGAP18,0.999909218964709
zh1019t1,NPC2,0.990456413155238
zh1019t1,DAB2,0.999942177116653
zh1019t1,TXNIP,0.989409781354557
zh1019t1,TXN,0.995561246607308
zh1019t1,BTG1,0.997451273417119
zh1019t1,FNBP1,0.999449758844671
zh1019t1,AP1S2,0.998233432632357
zh1019t1,PSAP,0.999430013169789
zh1019t1,CD68,0.998692632737136
zh1019t1,BLVRB,0.993785818153638
zh1019t1,RNF144B,1
zh1019t1,YBX1,0.989758372981127
zh1019t1,C1orf162,0.999439538058663
zh1019t1,CHPT1,0.99799450336874
zh1019t1,TMSB10,0.99998704012533
zh1019t1,GPR183,0.999860561855013
zh1019t1,BRI3,0.994543798627253
zh1019t1,RPS18,0.999860346392657
zh1019t1,HEXA,0.998844627057902
zh1019t1,FCGRT,0.992072623342473
zh1019t1,RNASE6,0.999683113360783
zh1019t1,TNFAIP3,0.999983483775484
zh1019t1,SDCBP,0.993708806844977
zh1019t1,HLA-DMB,0.997695921073835
zh1019t1,PPDPF,0.990806728522244
zh1019t1,RPS2,0.999984521457045
zh1019t1,RPS13,0.999627390601254
zh1019t1,HLA-DOA,0.999896387871998
zh1019t1,GSTP1,0.989862839602084
zh1019t1,PTMA,0.999167445068161
zh1019t1,PHLDA1,0.996500615970473
zh1019t1,CARD16,0.999822291467472
zh1019t1,PPA1,0.998192764949613
zh1019t1,FTH1,0.999995244991557
zh1019t1,MARCH1,0.999980236996355
zh1019t1,PECAM1,0.997704938231017
zh1019t1,RPL12,0.999940218150628
zh1019t1,PCBD1,0.995503309945222
zh1019t1,RPS17,0.996389871231547
zh1019t1,SNX6,0.999562204892137
zh1019t1,RBPJ,0.999019916005749
zh1019t1,DRAM2,0.999303071780798
zh8811a,LYZ,0.9999496474312
zh8811a,VIM,0.999968652266502
zh8811a,AREG,0.999988228521614
zh8811a,HLA-DPB1,0.997307160318619
zh8811a,CD163,0.996197065539384
zh8811a,LGALS3,0.994677637611368
zh8811a,HLA-DQA1,0.99975312632505
zh8811a,S100A4,0.999547122607386
zh8811a,HLA-DPA1,0.994989373129226
zh8811a,S100A6,0.999932802836686
zh8811a,HLA-DRB1,0.996271919493861
zh8811a,ANXA1,0.996480035888705
zh8811a,HLA-DQB1,0.998768376942104
zh8811a,HLA-DRA,0.994890131623744
zh8811a,SLC40A1,0.999916495057819
zh8811a,MS4A6A,0.998668206803822
zh8811a,TGFBI,0.996989179688098
zh8811a,LGALS1,0.999149494925038
zh8811a,CD74,0.996476527907849
zh8811a,MRC1,0.999881362520974
zh8811a,CST3,0.999544917973854
zh8811a,ARL4C,0.996004656371321
zh8811a,ANXA2,0.996802522282042
zh8811a,CTSD,0.996298009493707
zh8811a,S100A10,0.997376351768845
zh8811a,MS4A4A,0.999465378367466
zh8811a,FGL2,0.999941528259615
zh8811a,CD44,0.995045942344066
zh8811a,AHR,0.999709689303494
zh8811a,AHNAK,0.999511739875334
zh8811a,CSTA,0.999977700507657
zh8811a,CD48,1
zh8811a,IQGAP1,0.999236544715861
zh8811a,NAMPT,0.994640240303768
zh8811a,FCHO2,0.999940169828205
zh8811a,MPEG1,0.999985682629512
zh8811a,EMP3,0.995201786317556
zh8811a,HLA-DMA,0.998744741335866
zh8811a,FILIP1L,0.999883932089409
zh8811a,SH3BP5,0.99979277307966
zh8811a,FXYD5,0.998005080343495
zh8811a,GRN,0.996810955642587
zh8811a,LITAF,0.997807586238397
zh8811a,CTSS,0.999402553363177
zh8811a,CFD,0.999948004655816
zh8811a,STAB1,0.997655173949805
zh8811a,IFITM3,0.997003177437932
zh8811a,ARHGAP18,0.999871173033431
zh8811a,NPC2,0.995870815032267
zh8811a,DAB2,0.999929568963855
zh8811a,TXNIP,0.995716315833705
zh8811a,TXN,0.995422855711288
zh8811a,BTG1,0.997655250454417
zh8811a,FNBP1,0.999809756772934
zh8811a,AP1S2,0.997117374673544
zh8811a,PSAP,0.999523355408547
zh8811a,CD68,0.999146840209048
zh8811a,BLVRB,0.999635369652437
zh8811a,RNF144B,0.999978318597336
zh8811a,YBX1,0.997066844091874
zh8811a,C1orf162,0.999666906796297
zh8811a,CHPT1,0.999556168799286
zh8811a,TMSB10,0.999998557335394
zh8811a,GPR183,0.999987475658769
zh8811a,BRI3,0.9976062189731
zh8811a,RPS18,0.999857889910365
zh8811a,HEXA,0.998494161396694
zh8811a,FCGRT,0.997153202031202
zh8811a,RNASE6,0.999922840095728
zh8811a,TNFAIP3,0.999844577646894
zh8811a,SDCBP,0.996458543202767
zh8811a,HLA-DMB,0.999096006598218
zh8811a,PPDPF,0.996313079948794
zh8811a,RPS2,0.999928338248372
zh8811a,RPS13,0.999336634266811
zh8811a,HLA-DOA,0.999910275459167
zh8811a,GSTP1,0.996363655846138
zh8811a,PTMA,0.999810837007643
zh8811a,PHLDA1,0.996219349327669
zh8811a,CARD16,0.999965596649517
zh8811a,PPA1,0.997546393361073
zh8811a,FTH1,0.999996697830199
zh8811a,MARCH1,0.999716155227305
zh8811a,PECAM1,0.99955635274723
zh8811a,RPL12,0.999646691280306
zh8811a,PCBD1,0.999193214238254
zh8811a,RPS17,0.997169716072572
zh8811a,SNX6,0.998958664564575
zh8811a,RBPJ,0.998909679532144
zh8811a,DRAM2,0.999872589972578
zh8811b,LYZ,0.999935157302989
zh8811b,VIM,0.999989322556266
zh8811b,AREG,0.999987203293772
zh8811b,HLA-DPB1,0.997981662825271
zh8811b,CD163,0.996897015752089
zh8811b,LGALS3,0.995666071031953
zh8811b,HLA-DQA1,0.999845182185564
zh8811b,S100A4,0.999586562059921
zh8811b,HLA-DPA1,0.995526888706048
zh8811b,S100A6,0.99997662194744
zh8811b,HLA-DRB1,0.997104266702816
zh8811b,ANXA1,0.996488011078836
zh8811b,HLA-DQB1,0.999186844188867
zh8811b,HLA-DRA,0.994751457233837
zh8811b,SLC40A1,0.999957988703314
zh8811b,MS4A6A,0.999085402171752
zh8811b,TGFBI,0.997104019365063
zh8811b,LGALS1,0.99941810964005
zh8811b,CD74,0.995715720896978
zh8811b,MRC1,0.999932077263678
zh8811b,CST3,0.99910764812587
zh8811b,ARL4C,0.9958160199744
zh8811b,ANXA2,0.997745096458732
zh8811b,CTSD,0.996324457079949
zh8811b,S100A10,0.998523697777373
zh8811b,MS4A4A,0.999710025542286
zh8811b,FGL2,0.999926520353456
zh8811b,CD44,0.995505356617061
zh8811b,AHR,0.999689836820161
zh8811b,AHNAK,0.99946666127051
zh8811b,CSTA,0.9999695774969
zh8811b,CD48,0.999998356301445
zh8811b,IQGAP1,0.999102532714033
zh8811b,NAMPT,0.995353563308502
zh8811b,FCHO2,0.999913726994903
zh8811b,MPEG1,0.999949434854286
zh8811b,EMP3,0.995386938827077
zh8811b,HLA-DMA,0.999111161391225
zh8811b,FILIP1L,0.999914703131636
zh8811b,SH3BP5,0.999672555043294
zh8811b,FXYD5,0.998129223119457
zh8811b,GRN,0.997268056625516
zh8811b,LITAF,0.997831652834336
zh8811b,CTSS,0.999498867286209
zh8811b,CFD,0.999954658771294
zh8811b,STAB1,0.998353285013201
zh8811b,IFITM3,0.997056145328452
zh8811b,ARHGAP18,0.999915075509064
zh8811b,NPC2,0.996134519413553
zh8811b,DAB2,0.999918735283549
zh8811b,TXNIP,0.996030443182131
zh8811b,TXN,0.995633012939004
zh8811b,BTG1,0.99772544454429
zh8811b,FNBP1,0.999792616323746
zh8811b,AP1S2,0.997332006277244
zh8811b,PSAP,0.999479369952088
zh8811b,CD68,0.999159017495771
zh8811b,BLVRB,0.999481745212623
zh8811b,RNF144B,0.999977576619821
zh8811b,YBX1,0.997134279411274
zh8811b,C1orf162,0.999744268900819
zh8811b,CHPT1,0.999596151713239
zh8811b,TMSB10,0.999998949427127
zh8811b,GPR183,0.999965885427384
zh8811b,BRI3,0.997195578320057
zh8811b,RPS18,0.999893067631976
zh8811b,HEXA,0.998744695971143
zh8811b,FCGRT,0.997560314772113
zh8811b,RNASE6,0.999915760399938
zh8811b,TNFAIP3,0.999840641977622
zh8811b,SDCBP,0.996330176850218
zh8811b,HLA-DMB,0.999403691488005
zh8811b,PPDPF,0.996239538892062
zh8811b,RPS2,0.999960888166259
zh8811b,RPS13,0.999152907039305
zh8811b,HLA-DOA,0.999951647260341
zh8811b,GSTP1,0.996528730575337
zh8811b,PTMA,0.999718179247972
zh8811b,PHLDA1,0.996681112867538
zh8811b,CARD16,0.999924202397777
zh8811b,PPA1,0.997677017962505
zh8811b,FTH1,0.999959709398066
zh8811b,MARCH1,0.9997539646943
zh8811b,PECAM1,0.999760180107725
zh8811b,RPL12,0.999638158283435
zh8811b,PCBD1,0.999072054284545
zh8811b,RPS17,0.997204426372719
zh8811b,SNX6,0.99907560890328
zh8811b,RBPJ,0.998907516848489
zh8811b,DRAM2,0.999892067273733
zh8812,LYZ,0.999864677968285
zh8812,VIM,0.999342182414079
zh8812,AREG,0.999991081778724
zh8812,HLA-DPB1,0.994472870903344
zh8812,CD163,0.999855512061686
zh8812,LGALS3,0.996218517857394
zh8812,HLA-DQA1,0.999079254698274
zh8812,S100A4,0.999299680109593
zh8812,HLA-DPA1,0.992017231145138
zh8812,S100A6,0.999691682903077
zh8812,HLA-DRB1,0.993992814283936
zh8812,ANXA1,0.993462996294518
zh8812,HLA-DQB1,0.996488395532544
zh8812,HLA-DRA,0.99425774253497
zh8812,SLC40A1,0.999405796676801
zh8812,MS4A6A,0.999373304817894
zh8812,TGFBI,0.999775053265929
zh8812,LGALS1,0.995999171068906
zh8812,CD74,0.998894417796394
zh8812,MRC1,0.999853629732253
zh8812,CST3,0.99999675248585
zh8812,ARL4C,0.99896494002084
zh8812,ANXA2,0.992230931707543
zh8812,CTSD,0.993227275838997
zh8812,S100A10,0.99225001086218
zh8812,MS4A4A,0.999847876204285
zh8812,FGL2,0.999746283681327
zh8812,CD44,0.991894013757932
zh8812,AHR,0.999703169742817
zh8812,AHNAK,0.998016042992757
zh8812,CSTA,0.999838567596669
zh8812,CD48,0.999999950618499
zh8812,IQGAP1,0.998435358810711
zh8812,NAMPT,0.997237094907493
zh8812,FCHO2,0.999772430602757
zh8812,MPEG1,0.999993985566503
zh8812,EMP3,0.99444454034522
zh8812,HLA-DMA,0.997298864170536
zh8812,FILIP1L,0.999843139079204
zh8812,SH3BP5,0.999274171649033
zh8812,FXYD5,0.998708784959042
zh8812,GRN,0.994706583065688
zh8812,LITAF,0.994654498798366
zh8812,CTSS,0.998974474540431
zh8812,CFD,0.999963682044727
zh8812,STAB1,0.999803497399758
zh8812,IFITM3,0.996713483415595
zh8812,ARHGAP18,0.999780907111747
zh8812,NPC2,0.991953856388846
zh8812,DAB2,0.999720302791047
zh8812,TXNIP,0.993273279131469
zh8812,TXN,0.994111238886156
zh8812,BTG1,0.996949349672693
zh8812,FNBP1,0.998003026879924
zh8812,AP1S2,0.996455419960456
zh8812,PSAP,0.998802486539165
zh8812,CD68,0.997972726085436
zh8812,BLVRB,0.999001504499961
zh8812,RNF144B,0.999886037216999
zh8812,YBX1,0.992841666192076
zh8812,C1orf162,0.999039905031737
zh8812,CHPT1,0.99847134509044
zh8812,TMSB10,0.999723133476387
zh8812,GPR183,0.999865039580745
zh8812,BRI3,0.99606383981675
zh8812,RPS18,0.999896378558325
zh8812,HEXA,0.998673391642165
zh8812,FCGRT,0.995914934381173
zh8812,RNASE6,0.999769917979124
zh8812,TNFAIP3,0.999968327405291
zh8812,SDCBP,0.993284241848226
zh8812,HLA-DMB,0.998298418467229
zh8812,PPDPF,0.992269815978749
zh8812,RPS2,0.999595110186384
zh8812,RPS13,0.999372042279681
zh8812,HLA-DOA,0.999599183967512
zh8812,GSTP1,0.992890729593458
zh8812,PTMA,0.999632465541977
zh8812,PHLDA1,0.996827037534254
zh8812,CARD16,0.999795793885336
zh8812,PPA1,0.994748887847529
zh8812,FTH1,0.999998120392316
zh8812,MARCH1,0.999605896351983
zh8812,PECAM1,0.999133609344998
zh8812,RPL12,0.999028665865577
zh8812,PCBD1,0.999039194638769
zh8812,RPS17,0.99497865531093
zh8812,SNX6,0.997157554920611
zh8812,RBPJ,0.99762994498309
zh8812,DRAM2,0.999582410198505
bwh23,LYZ,0.999883063497873
bwh23,VIM,0.983409782640894
bwh23,HLA-DPB1,0.999262415384888
bwh23,CD163,0.999842718704847
bwh23,LGALS3,0.999782808218069
bwh23,HLA-DQA1,0.999952236198247
bwh23,S100A4,0.999871823720803
bwh23,HLA-DPA1,0.997764678401965
bwh23,S100A6,0.987880791371154
bwh23,HLA-DRB1,0.999249139258582
bwh23,ANXA1,0.999642510448625
bwh23,HLA-DQB1,0.999639831715229
bwh23,HLA-DRA,0.993477511940573
bwh23,SLC40A1,0.999239238850224
bwh23,MS4A6A,0.999696601611818
bwh23,TGFBI,0.998324681294605
bwh23,LGALS1,0.986080277709227
bwh23,CD74,0.984648442819652
bwh23,MRC1,0.999974308482406
bwh23,CST3,0.998113942833145
bwh23,ARL4C,0.999173374686642
bwh23,ANXA2,0.998231588935727
bwh23,CTSD,0.986469319809348
bwh23,S100A10,0.985339762491135
bwh23,MS4A4A,0.99987577044952
bwh23,FGL2,0.999934841205827
bwh23,CD44,0.991862145639172
bwh23,AHR,0.999975882974924
bwh23,AHNAK,0.995692226571875
bwh23,IQGAP1,0.999799993278807
bwh23,NAMPT,0.995801160505853
bwh23,FCHO2,0.999732298501342
bwh23,MPEG1,0.999991132458746
bwh23,EMP3,0.999866210132168
bwh23,HLA-DMA,0.999362406146869
bwh23,FILIP1L,0.999958265454516
bwh23,SH3BP5,0.999851401505658
bwh23,FXYD5,0.999814554184615
bwh23,GRN,0.993922035208212
bwh23,LITAF,0.999398615276332
bwh23,CTSS,0.999817871113763
bwh23,CFD,0.999987454444476
bwh23,STAB1,0.999590967861654
bwh23,IFITM3,0.995927846245267
bwh23,ARHGAP18,0.999884142550495
bwh23,NPC2,0.994232302463443
bwh23,DAB2,0.999885649864082
bwh23,TXNIP,0.988233931385182
bwh23,TXN,0.987282547265803
bwh23,BTG1,0.99544785687711
bwh23,FNBP1,0.998949977314084
bwh23,AP1S2,0.998127315498427
bwh23,PSAP,0.999456451635427
bwh23,CD68,0.998069097066337
bwh23,BLVRB,0.997455233968441
bwh23,RNF144B,0.999943704548708
bwh23,YBX1,0.989344968734569
bwh23,C1orf162,0.999723783648671
bwh23,CHPT1,0.998540105457737
bwh23,TMSB10,0.998871084767013
bwh23,GPR183,1
bwh23,BRI3,0.993478460944192
bwh23,RPS18,0.999989541171707
bwh23,HEXA,0.998182645261737
bwh23,FCGRT,0.998085177866276
bwh23,RNASE6,0.999967842566881
bwh23,TNFAIP3,0.999987840719948
bwh23,SDCBP,0.993380754050288
bwh23,HLA-DMB,0.999700875832606
bwh23,PPDPF,0.987488306612301
bwh23,RPS2,0.999948192901303
bwh23,RPS13,0.999826075271871
bwh23,HLA-DOA,0.9999647481646
bwh23,GSTP1,0.993282220186495
bwh23,PTMA,0.994143135954573
bwh23,PHLDA1,0.986541230368168
bwh23,CARD16,0.999907911087532
bwh23,PPA1,0.986566443409382
bwh23,FTH1,0.999786360274756
bwh23,MARCH1,0.999089246411656
bwh23,PECAM1,0.997927426345518
bwh23,RPL12,0.999301135293435
bwh23,PCBD1,0.998172732234383
bwh23,RPS17,0.997539244695834
bwh23,SNX6,0.996836088938619
bwh23,RBPJ,0.990182057133662
bwh23,DRAM2,0.999699754791489
bwh24,LYZ,0.998955897625173
bwh24,VIM,0.999799103970148
bwh24,AREG,0.99996601731024
bwh24,HLA-DPB1,0.993895875768907
bwh24,CD163,0.995659205837436
bwh24,LGALS3,0.999236963345021
bwh24,HLA-DQA1,0.996251262861188
bwh24,S100A4,0.999555892803449
bwh24,HLA-DPA1,0.996489304531886
bwh24,S100A6,0.998501457111085
bwh24,HLA-DRB1,0.99450423498964
bwh24,ANXA1,0.994382590581507
bwh24,HLA-DQB1,0.994182202226296
bwh24,HLA-DRA,0.999447127130011
bwh24,SLC40A1,0.998100459161527
bwh24,MS4A6A,0.996720021177337
bwh24,TGFBI,0.999336631537945
bwh24,LGALS1,0.994331706651026
bwh24,CD74,0.999807807921926
bwh24,MRC1,0.999768213887809
bwh24,CST3,0.99962979182743
bwh24,ARL4C,0.999504208604692
bwh24,ANXA2,0.994602383684051
bwh24,CTSD,0.993826630023425
bwh24,S100A10,0.996393982520747
bwh24,MS4A4A,0.998225004003749
bwh24,FGL2,0.998962516642302
bwh24,CD44,0.994628079730752
bwh24,AHR,0.999245220658859
bwh24,AHNAK,0.996318044764452
bwh24,CSTA,0.999917023002478
bwh24,CD48,0.999879867036246
bwh24,IQGAP1,0.998223849717108
bwh24,NAMPT,0.995933894431687
bwh24,FCHO2,0.999624694322211
bwh24,MPEG1,0.999783540505364
bwh24,EMP3,0.999247558678884
bwh24,HLA-DMA,0.997024005720158
bwh24,FILIP1L,0.999017744615062
bwh24,SH3BP5,0.999258148975792
bwh24,FXYD5,0.998875459500404
bwh24,GRN,0.996477375706512
bwh24,LITAF,0.99764758319683
bwh24,CTSS,0.998051228000568
bwh24,CFD,0.999838903893056
bwh24,STAB1,0.998270376383444
bwh24,IFITM3,0.994625308162091
bwh24,ARHGAP18,0.999466035906022
bwh24,NPC2,0.993961270061306
bwh24,DAB2,0.998902438582201
bwh24,TXNIP,0.994967163994428
bwh24,TXN,0.995790586034402
bwh24,BTG1,0.998079772392626
bwh24,FNBP1,0.99843985250823
bwh24,AP1S2,0.996815924740356
bwh24,PSAP,0.999252187897612
bwh24,CD68,0.997489741919147
bwh24,BLVRB,0.998632141613836
bwh24,RNF144B,0.999771926678013
bwh24,YBX1,0.994110173322767
bwh24,C1orf162,0.998736036941463
bwh24,CHPT1,0.998701368125687
bwh24,TMSB10,0.999562512573464
bwh24,GPR183,0.999414369325847
bwh24,BRI3,0.997363526933
bwh24,RPS18,0.999453870862847
bwh24,HEXA,0.998681738359174
bwh24,FCGRT,0.997311019811039
bwh24,RNASE6,0.999045136605138
bwh24,TNFAIP3,0.999873342281175
bwh24,SDCBP,0.996281613172465
bwh24,HLA-DMB,0.997022874715451
bwh24,PPDPF,0.993875098510274
bwh24,RPS2,0.999212166229032
bwh24,RPS13,0.998517074569713
bwh24,HLA-DOA,0.998560092948533
bwh24,GSTP1,0.994522568120926
bwh24,PTMA,0.996725574383571
bwh24,PHLDA1,0.997307132716908
bwh24,CARD16,0.999580817025651
bwh24,PPA1,0.995779461012251
bwh24,FTH1,0.999978996219003
bwh24,MARCH1,0.998985386381608
bwh24,PECAM1,0.999521819376941
bwh24,RPL12,0.997591750269063
bwh24,PCBD1,0.998429483577151
bwh24,RPS17,0.994776327191032
bwh24,SNX6,0.997417315078715
bwh24,RBPJ,0.99760782731847
bwh24,DRAM2,0.999609539363105
bwh25,LYZ,0.999518704862357
bwh25,VIM,0.999919754929436
bwh25,AREG,0.99998305429387
bwh25,HLA-DPB1,0.996687532542189
bwh25,CD163,0.998835616606343
bwh25,LGALS3,0.999759299957878
bwh25,HLA-DQA1,0.998796153999862
bwh25,S100A4,0.999380000087998
bwh25,HLA-DPA1,0.997211421250107
bwh25,S100A6,0.9976238337392
bwh25,HLA-DRB1,0.996584919709814
bwh25,ANXA1,0.997722059633
bwh25,HLA-DQB1,0.99749380271813
bwh25,HLA-DRA,0.998567435636008
bwh25,SLC40A1,0.999442025739792
bwh25,MS4A6A,0.998831940364804
bwh25,TGFBI,0.999545092142437
bwh25,LGALS1,0.99645858995954
bwh25,CD74,0.999138206400801
bwh25,MRC1,0.999972380648578
bwh25,CST3,0.999276234229197
bwh25,ARL4C,0.998933816898984
bwh25,ANXA2,0.998095740763672
bwh25,CTSD,0.996670745814304
bwh25,S100A10,0.999154571946769
bwh25,MS4A4A,0.999644791799745
bwh25,FGL2,0.99922315129998
bwh25,CD44,0.996927595588464
bwh25,AHR,0.999195115533277
bwh25,AHNAK,0.999175611430727
bwh25,CSTA,0.999876327125992
bwh25,CD48,0.999976026783383
bwh25,IQGAP1,0.998963334863063
bwh25,NAMPT,0.998952759410692
bwh25,FCHO2,0.999672619356151
bwh25,MPEG1,0.999938656645083
bwh25,EMP3,0.998335399781646
bwh25,HLA-DMA,0.99845700409805
bwh25,FILIP1L,0.999726604322209
bwh25,SH3BP5,0.999784578118736
bwh25,FXYD5,0.999509567440068
bwh25,GRN,0.997747250853334
bwh25,LITAF,0.998657672622179
bwh25,CTSS,0.999102360106524
bwh25,CFD,0.999968067410998
bwh25,STAB1,0.999499235645057
bwh25,IFITM3,0.996940474254982
bwh25,ARHGAP18,0.999678988767772
bwh25,NPC2,0.997195648549645
bwh25,DAB2,0.999638519738594
bwh25,TXNIP,0.996993532697183
bwh25,TXN,0.998746664871662
bwh25,BTG1,0.998549335803064
bwh25,FNBP1,0.999414205497552
bwh25,AP1S2,0.99833597149619
bwh25,PSAP,0.99908636511363
bwh25,CD68,0.998777923606631
bwh25,BLVRB,0.999817325524109
bwh25,RNF144B,0.999891307256225
bwh25,YBX1,0.996414114080898
bwh25,C1orf162,0.99951388771015
bwh25,CHPT1,0.999508805799419
bwh25,TMSB10,0.999436871236537
bwh25,GPR183,0.999795705315045
bwh25,BRI3,0.998490641441171
bwh25,RPS18,0.999399413033073
bwh25,HEXA,0.999397836296736
bwh25,FCGRT,0.998732161928131
bwh25,RNASE6,0.999660348996998
bwh25,TNFAIP3,0.999941977247224
bwh25,SDCBP,0.997719215936773
bwh25,HLA-DMB,0.998393865953304
bwh25,PPDPF,0.996863696080901
bwh25,RPS2,0.999730824431272
bwh25,RPS13,0.997369813862469
bwh25,HLA-DOA,0.999557479265905
bwh25,GSTP1,0.997115431611851
bwh25,PTMA,0.996871408441013
bwh25,PHLDA1,0.996597955636001
bwh25,CARD16,0.999869276825694
bwh25,PPA1,0.997008489481398
bwh25,FTH1,0.999976133137221
bwh25,MARCH1,0.999705349880688
bwh25,PECAM1,0.99936426478944
bwh25,RPL12,0.997665402885232
bwh25,PCBD1,0.999090678630809
bwh25,RPS17,0.99651123817564
bwh25,SNX6,0.998614213873923
bwh25,RBPJ,0.998034056121083
bwh25,DRAM2,0.999525857014746
bwh28,LYZ,0.999762995219598
bwh28,VIM,0.991323448973108
bwh28,HLA-DPB1,0.99749938337441
bwh28,CD163,0.999607492388951
bwh28,LGALS3,0.999667865790979
bwh28,HLA-DQA1,0.999686051958241
bwh28,HLA-DPA1,0.994760071699538
bwh28,S100A6,0.993892540257085
bwh28,HLA-DRB1,0.996027980127141
bwh28,ANXA1,0.999302992923392
bwh28,HLA-DQB1,0.999321255937919
bwh28,HLA-DRA,0.991239870017134
bwh28,SLC40A1,0.99917583010512
bwh28,MS4A6A,0.999484055336411
bwh28,TGFBI,0.999510298911551
bwh28,LGALS1,0.995680035630472
bwh28,CD74,0.992135266089227
bwh28,MRC1,0.999721600579675
bwh28,CST3,0.996047867705334
bwh28,ARL4C,0.999827613257093
bwh28,ANXA2,0.997984066928094
bwh28,CTSD,0.993667202118172
bwh28,S100A10,0.996925756514564
bwh28,MS4A4A,0.999685656296329
bwh28,FGL2,0.999258647012305
bwh28,CD44,0.995185489757274
bwh28,AHR,0.999462650842139
bwh28,AHNAK,0.996266097924971
bwh28,IQGAP1,0.999402566088157
bwh28,NAMPT,0.998384264232562
bwh28,FCHO2,0.999396795962766
bwh28,MPEG1,0.999547606101517
bwh28,EMP3,0.999877202802483
bwh28,HLA-DMA,0.998859162920802
bwh28,FILIP1L,0.999878657797503
bwh28,SH3BP5,0.999652850953349
bwh28,FXYD5,0.999370440929937
bwh28,GRN,0.997297804006906
bwh28,LITAF,0.997338713123765
bwh28,CTSS,0.998167208938212
bwh28,CFD,0.999761260466772
bwh28,STAB1,0.999254128654026
bwh28,IFITM3,0.995647783139118
bwh28,ARHGAP18,0.999776799889943
bwh28,NPC2,0.99660986794354
bwh28,DAB2,0.999129083549973
bwh28,TXNIP,0.993264285999517
bwh28,TXN,0.995180021906452
bwh28,BTG1,0.996913329678747
bwh28,FNBP1,0.99792559626
bwh28,AP1S2,0.997207102450152
bwh28,PSAP,0.995084204370904
bwh28,CD68,0.997772905926743
bwh28,BLVRB,0.998644248851558
bwh28,RNF144B,0.999820926694318
bwh28,YBX1,0.992821382587026
bwh28,C1orf162,0.99944378353806
bwh28,CHPT1,0.997919399676499
bwh28,TMSB10,0.992312474108305
bwh28,GPR183,0.999657924700718
bwh28,BRI3,0.995999605815111
bwh28,RPS18,0.995886149869616
bwh28,HEXA,0.998886050479683
bwh28,FCGRT,0.997189119511051
bwh28,RNASE6,0.999392530687093
bwh28,TNFAIP3,0.999869693160971
bwh28,SDCBP,0.996554819481663
bwh28,HLA-DMB,0.997839710588267
bwh28,PPDPF,0.995223456804514
bwh28,RPS2,0.996222675425333
bwh28,RPS13,0.995285802166162
bwh28,HLA-DOA,0.999528566371768
bwh28,GSTP1,0.992844358922195
bwh28,PTMA,0.993045713156198
bwh28,PHLDA1,0.995003089181167
bwh28,CARD16,0.999820419256243
bwh28,PPA1,0.995583562027146
bwh28,FTH1,0.99859842983783
bwh28,MARCH1,0.99831344706668
bwh28,PECAM1,0.999582515185748
bwh28,RPL12,0.993883612798675
bwh28,PCBD1,0.998520945167102
bwh28,RPS17,0.99199336470195
bwh28,SNX6,0.997417228879584
bwh28,RBPJ,0.996404129045466
bwh28,DRAM2,0.999043242969926
bwh35,LYZ,0.999678788299532
bwh35,VIM,0.991695941139822
bwh35,HLA-DPB1,0.995300015092937
bwh35,CD163,0.999554914036799
bwh35,LGALS3,0.998778143713124
bwh35,HLA-DQA1,0.998593647124768
bwh35,HLA-DPA1,0.993997971242141
bwh35,S100A6,0.991804626716939
bwh35,HLA-DRB1,0.99664667592989
bwh35,ANXA1,0.998851038180859
bwh35,HLA-DQB1,0.99811910050612
bwh35,HLA-DRA,0.992205591256572
bwh35,SLC40A1,0.998619853419719
bwh35,MS4A6A,0.998399811891887
bwh35,TGFBI,0.997606474399635
bwh35,LGALS1,0.991773152459559
bwh35,CD74,0.992237893535804
bwh35,MRC1,0.999784158408019
bwh35,CST3,0.999628222734398
bwh35,ARL4C,0.999512578574846
bwh35,ANXA2,0.997843663664233
bwh35,CTSD,0.993023771821984
bwh35,S100A10,0.992549467997491
bwh35,MS4A4A,0.999613682544883
bwh35,FGL2,0.999052251300491
bwh35,CD44,0.992921202811623
bwh35,AHR,0.999062314849199
bwh35,AHNAK,0.994970958608075
bwh35,CSTA,0.999901237061445
bwh35,CD48,0.999705539529828
bwh35,IQGAP1,0.998856433242571
bwh35,NAMPT,0.99825474103741
bwh35,FCHO2,0.999493137332152
bwh35,MPEG1,0.999541726857857
bwh35,EMP3,0.999362385977608
bwh35,HLA-DMA,0.998155097035542
bwh35,FILIP1L,0.999469535200867
bwh35,SH3BP5,0.999397032878622
bwh35,FXYD5,0.998490049337246
bwh35,GRN,0.995929976188586
bwh35,LITAF,0.995494198384916
bwh35,CTSS,0.998488725181809
bwh35,CFD,0.999800314739661
bwh35,STAB1,0.999318498883117
bwh35,IFITM3,0.996880334155914
bwh35,ARHGAP18,0.999422614444974
bwh35,NPC2,0.994074026751734
bwh35,DAB2,0.998865588551638
bwh35,TXNIP,0.994037200104763
bwh35,TXN,0.995551756398553
bwh35,BTG1,0.997630363417144
bwh35,FNBP1,0.997430270728608
bwh35,AP1S2,0.997852189166
bwh35,PSAP,0.996158008471435
bwh35,CD68,0.997324280980058
bwh35,BLVRB,0.998208027400432
bwh35,RNF144B,0.999708092763234
bwh35,YBX1,0.995265407212421
bwh35,C1orf162,0.999184482990166
bwh35,CHPT1,0.998062430281258
bwh35,TMSB10,0.992556314483064
bwh35,GPR183,0.998864844996095
bwh35,BRI3,0.996581374936669
bwh35,RPS18,0.997810860405378
bwh35,HEXA,0.998425386672004
bwh35,FCGRT,0.997610760919948
bwh35,RNASE6,0.999322739561652
bwh35,TNFAIP3,0.999786282141024
bwh35,SDCBP,0.995657236905766
bwh35,HLA-DMB,0.997497539287369
bwh35,PPDPF,0.99506505811964
bwh35,RPS2,0.994752268438376
bwh35,RPS13,0.997763668032126
bwh35,HLA-DOA,0.99943619717425
bwh35,GSTP1,0.992283639770487
bwh35,PTMA,0.992025939588762
bwh35,PHLDA1,0.993748964817912
bwh35,CARD16,0.999682828653419
bwh35,PPA1,0.995730694955927
bwh35,FTH1,0.999770582471396
bwh35,MARCH1,0.998672138675939
bwh35,PECAM1,0.999364983351518
bwh35,RPL12,0.994631241055481
bwh35,PCBD1,0.998348412799353
bwh35,RPS17,0.991893633438573
bwh35,SNX6,0.997590037947313
bwh35,RBPJ,0.997084054674112
bwh35,DRAM2,0.999287058803921
mgh259,LYZ,0.999028549141211
mgh259,VIM,0.995484678849331
mgh259,HLA-DPB1,0.998589945173907
mgh259,CD163,0.999775668533373
mgh259,LGALS3,0.999448212552669
mgh259,HLA-DQA1,0.999676888690525
mgh259,S100A4,0.999837687618514
mgh259,HLA-DPA1,0.998590429941515
mgh259,S100A6,0.996411366755996
mgh259,HLA-DRB1,0.997978916579864
mgh259,ANXA1,0.999235974230268
mgh259,HLA-DQB1,0.999275581399899
mgh259,HLA-DRA,0.996813791970568
mgh259,SLC40A1,0.999513864655566
mgh259,MS4A6A,0.99945506624309
mgh259,TGFBI,0.999559543668356
mgh259,LGALS1,0.997055299247674
mgh259,CD74,0.993846183801699
mgh259,MRC1,0.999888864776461
mgh259,CST3,0.990581507012676
mgh259,ARL4C,0.999884322794969
mgh259,ANXA2,0.999435911056881
mgh259,CTSD,0.993589188184326
mgh259,S100A10,0.998587900360932
mgh259,MS4A4A,0.999670885722996
mgh259,FGL2,0.999701850850635
mgh259,CD44,0.998966248777101
mgh259,AHR,0.999858635611558
mgh259,AHNAK,0.999347289849192
mgh259,CSTA,0.999956149043421
mgh259,CD48,0.999980119081894
mgh259,IQGAP1,0.999779486909331
mgh259,NAMPT,0.998506836392051
mgh259,FCHO2,0.99967038191361
mgh259,MPEG1,0.999690238725105
mgh259,EMP3,0.999770232882786
mgh259,HLA-DMA,0.999635415077713
mgh259,SH3BP5,0.9993535694361
mgh259,FXYD5,0.999429909406373
mgh259,GRN,0.997106457863018
mgh259,LITAF,0.999489778338136
mgh259,CTSS,0.99945199770618
mgh259,CFD,0.999704535402448
mgh259,STAB1,0.998931309188252
mgh259,IFITM3,0.994982898277842
mgh259,ARHGAP18,0.999802493288467
mgh259,NPC2,0.997578629974381
mgh259,DAB2,0.999225212625107
mgh259,TXNIP,0.991223716986031
mgh259,TXN,0.991951792605499
mgh259,BTG1,0.997328401959444
mgh259,FNBP1,0.998200011776213
mgh259,AP1S2,0.999405857729329
mgh259,PSAP,0.990789602023077
mgh259,CD68,0.999139732677986
mgh259,BLVRB,0.99932095431775
mgh259,RNF144B,0.999923953867621
mgh259,YBX1,0.993727132372289
mgh259,C1orf162,0.999637642919577
mgh259,CHPT1,0.998744148799571
mgh259,TMSB10,0.992774034484235
mgh259,BRI3,0.997585053282465
mgh259,RPS18,0.999606593721841
mgh259,HEXA,0.998831063496002
mgh259,FCGRT,0.998264381367045
mgh259,RNASE6,0.999854740053585
mgh259,TNFAIP3,0.999948266058835
mgh259,SDCBP,0.99591591276468
mgh259,HLA-DMB,0.999370452111219
mgh259,PPDPF,0.992308739989782
mgh259,RPS2,0.999471586812425
mgh259,RPS13,0.999977272468303
mgh259,HLA-DOA,0.9999397082899
mgh259,GSTP1,0.991039824055293
mgh259,PTMA,0.990581249822902
mgh259,PHLDA1,0.990765376642685
mgh259,CARD16,0.999811898032359
mgh259,PPA1,0.993089164279192
mgh259,FTH1,0.997298033117059
mgh259,MARCH1,0.999297724800213
mgh259,PECAM1,0.999497447907774
mgh259,RPL12,0.999571966608318
mgh259,PCBD1,0.999357928591495
mgh259,RPS17,0.990330951734732
mgh259,SNX6,0.998289240614788
mgh259,RBPJ,0.998067657207253
mgh259,DRAM2,0.999150726640204
