sample_id,cohort,is_LGG,patient,n_mal,n_non,d_mal_minus_non,var_d
bwh24,IDHm,FALSE,BWH24,1878,597,0.235140835591192,0.00224957286470684
bwh25,IDHm,FALSE,BWH25,1639,357,0.660650436189018,0.00215360908718135
bwh28,IDHm,TRUE,BWH28,182,1625,-0.474417209057989,0.0060794902251792
bwh35,IDHm,TRUE,BWH35,160,899,-0.181546747044498,0.00500760524771114
mgh258,GBM,FALSE,MGH258,2049,104,-0.61193823312311,0.0103301669383546
mgh259,IDHm,TRUE,MGH259,2952,89,-1.13698757563389,0.022523607178211
zh1007inf,GBM,FALSE,ZH1007,1215,76,0.0344675784968512,0.0109164806431191
zh1019inf,GBM,FALSE,ZH1019,1577,64,1.2458015699344,0.0146092308390397
zh8812,GBM,FALSE,ZH881,840,886,0.325807190436738,0.00233968454232896
zh916bulk,GBM,FALSE,ZH916,1580,286,0.697315618359656,0.004271949763908
zh916inf,GBM,FALSE,ZH916,33,1142,-0.612045426030401,0.0424171818549581
zh916t1,GBM,FALSE,ZH916,2122,255,-0.459484603914602,0.00347305922305542
