sample_id,rho_UCell_AMS,rho_UCell_Tirosh,rho_full_noRibo,rho_MHCII_nonMHCII
mgh258,0.876608591416811,0.806514071768661,0.988570228711076,0.443973233557157
zh881inf,0.921998208792562,0.818424189588823,0.971693512628838,0.424058163923157
zh881t1,0.799667570435219,0.682836565627251,0.989514219240484,0.340984925367821
zh916bulk,0.647233154716884,0.433443743111048,0.992214051632438,-0.0830318017235594
zh916inf,0.827204652298498,0.728579151542149,0.929076237622338,0.196828646359374
zh916t1,0.698138112727036,0.476481511253951,0.993683960222002,0.488998971588865
zh1007inf,0.817863543341644,0.685920652584055,0.995388100966332,0.447255837787902
zh1007nec,0.816242075808022,0.693872804946035,0.998786094529955,0.075111116526019
zh1019inf,0.867065264314832,0.690647821272534,0.994605197651211,0.495441729928794
zh1019t1,0.781443604291458,0.596702466702356,0.995311229861722,0.332990885999802
zh8811a,0.664360931253502,0.509046940899978,0.99432105404415,0.13520287324164
zh8811b,0.617714575519471,0.465539280254138,0.994445373691084,0.17996947090948
zh8812,0.746992202110998,0.579499519627853,0.991941042833222,0.319187765867617
bwh23,0.800500342582235,0.692856502833523,0.996008166233081,0.131074572133136
bwh24,0.840972924172266,0.750247804485208,0.985067893241199,0.427263167405658
bwh25,0.855997088494313,0.750298994161725,0.987410622190092,0.600191725827775
bwh28,0.859383261455867,0.702886447541303,0.964727401537721,0.225130404789693
bwh35,0.913913284367321,0.840126121712721,0.970801203802029,0.313931071474823
mgh259,0.83768570462504,,0.987702103335847,0.40819204860096
