sample_id,arm,mean_cna,n_spots_used,cohort,histology,who_grade
bwh23,10p,0.00935022942913209,894,IDHm,Oligodendroglioma,3
bwh23,10q,-0.0280813635917795,894,IDHm,Oligodendroglioma,3
bwh23,11p,0.114187194356858,894,IDHm,Oligodendroglioma,3
bwh23,11q,0.0340717843406095,894,IDHm,Oligodendroglioma,3
bwh23,12p,-0.0314109858282279,894,IDHm,Oligodendroglioma,3
bwh23,12q,0.00522243951962326,894,IDHm,Oligodendroglioma,3
bwh23,13q,-0.19242678226767,894,IDHm,Oligodendroglioma,3
bwh23,14q,-0.000877855033665581,894,IDHm,Oligodendroglioma,3
bwh23,15q,0.00573806630685174,894,IDHm,Oligodendroglioma,3
bwh23,16p,0.00348839392448666,894,IDHm,Oligodendroglioma,3
bwh23,16q,0.0102852545456386,894,IDHm,Oligodendroglioma,3
bwh23,17p,0.01463406689587,894,IDHm,Oligodendroglioma,3
bwh23,17q,0.034214526635399,894,IDHm,Oligodendroglioma,3
bwh23,18p,-0.142198634498689,894,IDHm,Oligodendroglioma,3
bwh23,18q,-0.276121891320395,894,IDHm,Oligodendroglioma,3
bwh23,19p,0.101530537582819,894,IDHm,Oligodendroglioma,3
bwh23,19q,-0.165066237710095,894,IDHm,Oligodendroglioma,3
bwh23,1p,-0.248986040368639,894,IDHm,Oligodendroglioma,3
bwh23,1q,0.00579851511822589,894,IDHm,Oligodendroglioma,3
bwh23,20p,0.00977436042239618,894,IDHm,Oligodendroglioma,3
bwh23,20q,0.0140728087165047,894,IDHm,Oligodendroglioma,3
bwh23,21q,-0.0305017709386373,894,IDHm,Oligodendroglioma,3
bwh23,22q,0.0444919058567533,894,IDHm,Oligodendroglioma,3
bwh23,2p,-0.0184047834137106,894,IDHm,Oligodendroglioma,3
bwh23,2q,-0.00069137642526882,894,IDHm,Oligodendroglioma,3
bwh23,3p,-0.00566562403057116,894,IDHm,Oligodendroglioma,3
bwh23,3q,0.0260767090829732,894,IDHm,Oligodendroglioma,3
bwh23,4p,-0.0600044486110927,894,IDHm,Oligodendroglioma,3
bwh23,4q,-0.139095025107952,894,IDHm,Oligodendroglioma,3
bwh23,5p,-0.00432210020374136,894,IDHm,Oligodendroglioma,3
bwh23,5q,0.0114941078753524,894,IDHm,Oligodendroglioma,3
bwh23,6p,0.0899595677533761,894,IDHm,Oligodendroglioma,3
bwh23,6q,-0.331239132741629,894,IDHm,Oligodendroglioma,3
bwh23,7p,-0.0209094901386486,894,IDHm,Oligodendroglioma,3
bwh23,7q,0.0255727276255665,894,IDHm,Oligodendroglioma,3
bwh23,8p,-0.0585267317106806,894,IDHm,Oligodendroglioma,3
bwh23,8q,-0.00528299732515417,894,IDHm,Oligodendroglioma,3
bwh23,9p,-0.0927182605310184,894,IDHm,Oligodendroglioma,3
bwh23,9q,-0.0242048024629285,894,IDHm,Oligodendroglioma,3
bwh24,10p,0.0350317436540711,1878,IDHm,Astrocytoma,4
bwh24,10q,-0.0759844320717632,1878,IDHm,Astrocytoma,4
bwh24,11p,-0.0048654557376432,1878,IDHm,Astrocytoma,4
bwh24,11q,-0.00218156205456194,1878,IDHm,Astrocytoma,4
bwh24,12p,0.0334492171239423,1878,IDHm,Astrocytoma,4
bwh24,12q,-0.077554780287678,1878,IDHm,Astrocytoma,4
bwh24,13q,0.00342573852461699,1878,IDHm,Astrocytoma,4
bwh24,14q,0.00287381989832043,1878,IDHm,Astrocytoma,4
bwh24,15q,-0.0169826119778356,1878,IDHm,Astrocytoma,4
bwh24,16p,-0.0586292283468509,1878,IDHm,Astrocytoma,4
bwh24,16q,-0.0243939228218315,1878,IDHm,Astrocytoma,4
bwh24,17p,-0.0208949312211762,1878,IDHm,Astrocytoma,4
bwh24,17q,0.00338399154327681,1878,IDHm,Astrocytoma,4
bwh24,18p,0.0514127190489715,1878,IDHm,Astrocytoma,4
bwh24,18q,0.0351626343667305,1878,IDHm,Astrocytoma,4
bwh24,19p,-0.0114263403436773,1878,IDHm,Astrocytoma,4
bwh24,19q,-0.0155525944839801,1878,IDHm,Astrocytoma,4
bwh24,1p,0.0121225782977498,1878,IDHm,Astrocytoma,4
bwh24,1q,0.0193634575744883,1878,IDHm,Astrocytoma,4
bwh24,20p,-0.0353558074281223,1878,IDHm,Astrocytoma,4
bwh24,20q,-0.020195640357419,1878,IDHm,Astrocytoma,4
bwh24,21q,0.0103176972409887,1878,IDHm,Astrocytoma,4
bwh24,22q,-0.0435244775117931,1878,IDHm,Astrocytoma,4
bwh24,2p,-0.0171900153629486,1878,IDHm,Astrocytoma,4
bwh24,2q,-0.012742486204411,1878,IDHm,Astrocytoma,4
bwh24,3p,-0.0271926317971812,1878,IDHm,Astrocytoma,4
bwh24,3q,-0.00385497559597415,1878,IDHm,Astrocytoma,4
bwh24,4p,-0.0298508971253257,1878,IDHm,Astrocytoma,4
bwh24,4q,0.00360199767726611,1878,IDHm,Astrocytoma,4
bwh24,5p,-0.00466541167881234,1878,IDHm,Astrocytoma,4
bwh24,5q,0.00639012722334781,1878,IDHm,Astrocytoma,4
bwh24,6p,0.145041139958938,1878,IDHm,Astrocytoma,4
bwh24,6q,0.0092993379905896,1878,IDHm,Astrocytoma,4
bwh24,7p,-0.0231843646455153,1878,IDHm,Astrocytoma,4
bwh24,7q,-0.0113090202458088,1878,IDHm,Astrocytoma,4
bwh24,8p,-0.0214874295271259,1878,IDHm,Astrocytoma,4
bwh24,8q,0.00515479693601004,1878,IDHm,Astrocytoma,4
bwh24,9p,-0.00581411914643536,1878,IDHm,Astrocytoma,4
bwh24,9q,-0.036306617961774,1878,IDHm,Astrocytoma,4
bwh25,10p,0.0994947424330538,1639,IDHm,Astrocytoma,4
bwh25,10q,0.0278402496297279,1639,IDHm,Astrocytoma,4
bwh25,11p,-0.00440676086611878,1639,IDHm,Astrocytoma,4
bwh25,11q,-0.0172324111211532,1639,IDHm,Astrocytoma,4
bwh25,12p,-0.00238847436066607,1639,IDHm,Astrocytoma,4
bwh25,12q,-0.0233044160547557,1639,IDHm,Astrocytoma,4
bwh25,13q,0.0104320541786884,1639,IDHm,Astrocytoma,4
bwh25,14q,-0.0319389898102172,1639,IDHm,Astrocytoma,4
bwh25,15q,-0.0176091651498579,1639,IDHm,Astrocytoma,4
bwh25,16p,-0.00694734147100483,1639,IDHm,Astrocytoma,4
bwh25,16q,0.0116680640254794,1639,IDHm,Astrocytoma,4
bwh25,17p,-0.00220996997172575,1639,IDHm,Astrocytoma,4
bwh25,17q,-0.0204699670609629,1639,IDHm,Astrocytoma,4
bwh25,18p,-0.0697861093201655,1639,IDHm,Astrocytoma,4
bwh25,18q,-0.0629050167585833,1639,IDHm,Astrocytoma,4
bwh25,19p,-0.0441898617868734,1639,IDHm,Astrocytoma,4
bwh25,19q,-0.0566847533084704,1639,IDHm,Astrocytoma,4
bwh25,1p,0.026988101025333,1639,IDHm,Astrocytoma,4
bwh25,1q,0.0348291974551376,1639,IDHm,Astrocytoma,4
bwh25,20p,-0.0286642000829793,1639,IDHm,Astrocytoma,4
bwh25,20q,-0.0126629829044377,1639,IDHm,Astrocytoma,4
bwh25,21q,0.0103994964694694,1639,IDHm,Astrocytoma,4
bwh25,22q,-0.0508752372484423,1639,IDHm,Astrocytoma,4
bwh25,2p,-0.0136568779874122,1639,IDHm,Astrocytoma,4
bwh25,2q,-0.00936724476700399,1639,IDHm,Astrocytoma,4
bwh25,3p,-0.0430530697604671,1639,IDHm,Astrocytoma,4
bwh25,3q,-0.0289403586631756,1639,IDHm,Astrocytoma,4
bwh25,4p,0.0266963082198176,1639,IDHm,Astrocytoma,4
bwh25,4q,-0.0796789005552508,1639,IDHm,Astrocytoma,4
bwh25,5p,0.0264673863878719,1639,IDHm,Astrocytoma,4
bwh25,5q,-0.0104027216889243,1639,IDHm,Astrocytoma,4
bwh25,6p,0.168309212982869,1639,IDHm,Astrocytoma,4
bwh25,6q,-0.02053254151034,1639,IDHm,Astrocytoma,4
bwh25,7p,-0.00863799098316999,1639,IDHm,Astrocytoma,4
bwh25,7q,0.0344712263736631,1639,IDHm,Astrocytoma,4
bwh25,8p,-0.0616307706120616,1639,IDHm,Astrocytoma,4
bwh25,8q,-0.0197052777101784,1639,IDHm,Astrocytoma,4
bwh25,9p,-0.0115452446127611,1639,IDHm,Astrocytoma,4
bwh25,9q,-0.0907112289682825,1639,IDHm,Astrocytoma,4
bwh28,10p,0.0144572266649564,182,IDHm,Astrocytoma,2
bwh28,10q,-0.0316121924219153,182,IDHm,Astrocytoma,2
bwh28,11p,0.00634113513442624,182,IDHm,Astrocytoma,2
bwh28,11q,-0.0015118390143956,182,IDHm,Astrocytoma,2
bwh28,12p,-0.0162249268328617,182,IDHm,Astrocytoma,2
bwh28,12q,-0.00169301641100348,182,IDHm,Astrocytoma,2
bwh28,13q,0.16530020233759,182,IDHm,Astrocytoma,2
bwh28,14q,-0.0165708399647028,182,IDHm,Astrocytoma,2
bwh28,15q,-0.00557614242137912,182,IDHm,Astrocytoma,2
bwh28,16p,-0.0376619930445852,182,IDHm,Astrocytoma,2
bwh28,16q,-0.0452547535396917,182,IDHm,Astrocytoma,2
bwh28,17p,-0.0181566334579752,182,IDHm,Astrocytoma,2
bwh28,17q,-0.00143407099632447,182,IDHm,Astrocytoma,2
bwh28,18p,0.0955042601345192,182,IDHm,Astrocytoma,2
bwh28,18q,0.102320104376376,182,IDHm,Astrocytoma,2
bwh28,19p,-0.0439998595608599,182,IDHm,Astrocytoma,2
bwh28,19q,-0.0747591168787437,182,IDHm,Astrocytoma,2
bwh28,1p,-0.00334671842733065,182,IDHm,Astrocytoma,2
bwh28,1q,-0.00821277969665562,182,IDHm,Astrocytoma,2
bwh28,20p,-0.114086857149549,182,IDHm,Astrocytoma,2
bwh28,20q,-0.0841670642406,182,IDHm,Astrocytoma,2
bwh28,21q,0.0438476798559976,182,IDHm,Astrocytoma,2
bwh28,22q,-0.185008201991156,182,IDHm,Astrocytoma,2
bwh28,2p,-0.0210763085057911,182,IDHm,Astrocytoma,2
bwh28,2q,-0.0199962974249336,182,IDHm,Astrocytoma,2
bwh28,3p,0.00445901138486032,182,IDHm,Astrocytoma,2
bwh28,3q,0.0323417835345777,182,IDHm,Astrocytoma,2
bwh28,4p,-0.0381938886597547,182,IDHm,Astrocytoma,2
bwh28,4q,0.00842838473766375,182,IDHm,Astrocytoma,2
bwh28,5p,0.0278892716432737,182,IDHm,Astrocytoma,2
bwh28,5q,0.0111015445730955,182,IDHm,Astrocytoma,2
bwh28,6p,0.0314829577650747,182,IDHm,Astrocytoma,2
bwh28,6q,0.00521524086101585,182,IDHm,Astrocytoma,2
bwh28,7p,0.0312832570016742,182,IDHm,Astrocytoma,2
bwh28,7q,0.0348660721644875,182,IDHm,Astrocytoma,2
bwh28,8p,-0.0495097613842651,182,IDHm,Astrocytoma,2
bwh28,8q,-0.00797173832632346,182,IDHm,Astrocytoma,2
bwh28,9p,0.000823870817582943,182,IDHm,Astrocytoma,2
bwh28,9q,-0.0487164841822306,182,IDHm,Astrocytoma,2
bwh35,10p,0.0161336945230409,160,IDHm,Oligodendroglioma,2
bwh35,10q,-0.0210169842460158,160,IDHm,Oligodendroglioma,2
bwh35,11p,0.016810331104023,160,IDHm,Oligodendroglioma,2
bwh35,11q,-0.00065230740627295,160,IDHm,Oligodendroglioma,2
bwh35,12p,-0.00987945040546934,160,IDHm,Oligodendroglioma,2
bwh35,12q,-0.00547284361856713,160,IDHm,Oligodendroglioma,2
bwh35,13q,0.103132878347863,160,IDHm,Oligodendroglioma,2
bwh35,14q,0.00652019514006062,160,IDHm,Oligodendroglioma,2
bwh35,15q,-0.0164058529829677,160,IDHm,Oligodendroglioma,2
bwh35,16p,-0.0328268423853189,160,IDHm,Oligodendroglioma,2
bwh35,16q,-0.0299908706638558,160,IDHm,Oligodendroglioma,2
bwh35,17p,-0.0027416757829201,160,IDHm,Oligodendroglioma,2
bwh35,17q,0.00727980718471618,160,IDHm,Oligodendroglioma,2
bwh35,18p,0.128471335028465,160,IDHm,Oligodendroglioma,2
bwh35,18q,0.115562444580561,160,IDHm,Oligodendroglioma,2
bwh35,19p,-0.0204160249118873,160,IDHm,Oligodendroglioma,2
bwh35,19q,-0.0702880569082579,160,IDHm,Oligodendroglioma,2
bwh35,1p,-0.145947099665077,160,IDHm,Oligodendroglioma,2
bwh35,1q,0.0160416474047845,160,IDHm,Oligodendroglioma,2
bwh35,20p,-0.0646772851272132,160,IDHm,Oligodendroglioma,2
bwh35,20q,-0.0437808692228693,160,IDHm,Oligodendroglioma,2
bwh35,21q,0.0438716812265614,160,IDHm,Oligodendroglioma,2
bwh35,22q,-0.0736468381330512,160,IDHm,Oligodendroglioma,2
bwh35,2p,-0.0228341706146559,160,IDHm,Oligodendroglioma,2
bwh35,2q,-0.00872975653899988,160,IDHm,Oligodendroglioma,2
bwh35,3p,-0.00339646626502754,160,IDHm,Oligodendroglioma,2
bwh35,3q,0.00700854672536042,160,IDHm,Oligodendroglioma,2
bwh35,4p,-0.0107570786206556,160,IDHm,Oligodendroglioma,2
bwh35,4q,0.0119722254538595,160,IDHm,Oligodendroglioma,2
bwh35,5p,0.00138557078831578,160,IDHm,Oligodendroglioma,2
bwh35,5q,0.0112296126589315,160,IDHm,Oligodendroglioma,2
bwh35,6p,0.0315247255510449,160,IDHm,Oligodendroglioma,2
bwh35,6q,0.0240044982044562,160,IDHm,Oligodendroglioma,2
bwh35,7p,-0.014658944804126,160,IDHm,Oligodendroglioma,2
bwh35,7q,-0.0107471050294999,160,IDHm,Oligodendroglioma,2
bwh35,8p,-0.0167793801225833,160,IDHm,Oligodendroglioma,2
bwh35,8q,0.00943589896083505,160,IDHm,Oligodendroglioma,2
bwh35,9p,0.0075947787400517,160,IDHm,Oligodendroglioma,2
bwh35,9q,-0.0312746236103541,160,IDHm,Oligodendroglioma,2
mgh258,10p,-0.135017889488698,2049,GBM,Glioblastoma,4
mgh258,10q,-0.275295004327107,2049,GBM,Glioblastoma,4
mgh258,11p,-0.0170629314818169,2049,GBM,Glioblastoma,4
mgh258,11q,-0.0314322641619671,2049,GBM,Glioblastoma,4
mgh258,12p,0.00280683703346131,2049,GBM,Glioblastoma,4
mgh258,12q,0.00586456728236102,2049,GBM,Glioblastoma,4
mgh258,13q,-0.00891617072314014,2049,GBM,Glioblastoma,4
mgh258,14q,-0.0340803511604039,2049,GBM,Glioblastoma,4
mgh258,15q,-0.0853944313680514,2049,GBM,Glioblastoma,4
mgh258,16p,-0.0119499268595622,2049,GBM,Glioblastoma,4
mgh258,16q,-0.0183124069420721,2049,GBM,Glioblastoma,4
mgh258,17p,-0.0522310667397012,2049,GBM,Glioblastoma,4
mgh258,17q,-0.0101237063955838,2049,GBM,Glioblastoma,4
mgh258,18p,0.0273147107104086,2049,GBM,Glioblastoma,4
mgh258,18q,0.0101555886465289,2049,GBM,Glioblastoma,4
mgh258,19p,0.11372459688213,2049,GBM,Glioblastoma,4
mgh258,19q,0.0190562576963487,2049,GBM,Glioblastoma,4
mgh258,1p,0.0119688840732293,2049,GBM,Glioblastoma,4
mgh258,1q,0.0207970050459453,2049,GBM,Glioblastoma,4
mgh258,20p,-0.00248404584888458,2049,GBM,Glioblastoma,4
mgh258,20q,-0.0117160740652414,2049,GBM,Glioblastoma,4
mgh258,21q,0.0643802233704423,2049,GBM,Glioblastoma,4
mgh258,22q,-0.0426209171265316,2049,GBM,Glioblastoma,4
mgh258,2p,-0.00266822757116646,2049,GBM,Glioblastoma,4
mgh258,2q,0.00256986305116977,2049,GBM,Glioblastoma,4
mgh258,3p,-0.0598662288170949,2049,GBM,Glioblastoma,4
mgh258,3q,0.0081782169415238,2049,GBM,Glioblastoma,4
mgh258,4p,-0.00450666120897498,2049,GBM,Glioblastoma,4
mgh258,4q,-0.00605933853569598,2049,GBM,Glioblastoma,4
mgh258,5p,-0.0428735769241077,2049,GBM,Glioblastoma,4
mgh258,5q,-0.0249965447465312,2049,GBM,Glioblastoma,4
mgh258,6p,0.0082442295442977,2049,GBM,Glioblastoma,4
mgh258,6q,-0.0295416648777316,2049,GBM,Glioblastoma,4
mgh258,7p,0.12183565739181,2049,GBM,Glioblastoma,4
mgh258,7q,0.174078132890686,2049,GBM,Glioblastoma,4
mgh258,8p,-0.0781106057631182,2049,GBM,Glioblastoma,4
mgh258,8q,-0.0233630368909154,2049,GBM,Glioblastoma,4
mgh258,9p,-0.036024935230715,2049,GBM,Glioblastoma,4
mgh258,9q,-0.0457538472695054,2049,GBM,Glioblastoma,4
mgh259,10p,-0.0721615768488925,2952,IDHm,Oligodendroglioma,3
mgh259,10q,-0.0459790845627848,2952,IDHm,Oligodendroglioma,3
mgh259,11p,0.0767057460727528,2952,IDHm,Oligodendroglioma,3
mgh259,11q,0.0988519229493913,2952,IDHm,Oligodendroglioma,3
mgh259,12p,0.0314068995398714,2952,IDHm,Oligodendroglioma,3
mgh259,12q,0.0395398652738183,2952,IDHm,Oligodendroglioma,3
mgh259,13q,0.0219608191787043,2952,IDHm,Oligodendroglioma,3
mgh259,14q,-0.0474421875635834,2952,IDHm,Oligodendroglioma,3
mgh259,15q,-0.0715341133544262,2952,IDHm,Oligodendroglioma,3
mgh259,16p,0.0911077190941924,2952,IDHm,Oligodendroglioma,3
mgh259,16q,0.0251997021581108,2952,IDHm,Oligodendroglioma,3
mgh259,17p,0.0656814186251047,2952,IDHm,Oligodendroglioma,3
mgh259,17q,0.0354131213777985,2952,IDHm,Oligodendroglioma,3
mgh259,18p,-0.33160472403828,2952,IDHm,Oligodendroglioma,3
mgh259,18q,-0.283726792942338,2952,IDHm,Oligodendroglioma,3
mgh259,19p,0.146430043660934,2952,IDHm,Oligodendroglioma,3
mgh259,19q,-0.0295043748722402,2952,IDHm,Oligodendroglioma,3
mgh259,1p,-0.154523584489994,2952,IDHm,Oligodendroglioma,3
mgh259,1q,-0.0306656338814299,2952,IDHm,Oligodendroglioma,3
mgh259,20p,-0.0501942242354838,2952,IDHm,Oligodendroglioma,3
mgh259,20q,-0.0220892719109575,2952,IDHm,Oligodendroglioma,3
mgh259,21q,0.0854750309243814,2952,IDHm,Oligodendroglioma,3
mgh259,22q,0.0743288715479774,2952,IDHm,Oligodendroglioma,3
mgh259,2p,-0.0414940033116149,2952,IDHm,Oligodendroglioma,3
mgh259,2q,-0.0313873381190003,2952,IDHm,Oligodendroglioma,3
mgh259,3p,-0.0235613066356411,2952,IDHm,Oligodendroglioma,3
mgh259,3q,-0.0684151000410932,2952,IDHm,Oligodendroglioma,3
mgh259,4p,-0.334995423098858,2952,IDHm,Oligodendroglioma,3
mgh259,4q,-0.330848928881021,2952,IDHm,Oligodendroglioma,3
mgh259,5p,-0.0128119711808939,2952,IDHm,Oligodendroglioma,3
mgh259,5q,-0.018801642284803,2952,IDHm,Oligodendroglioma,3
mgh259,6p,0.0242755775168071,2952,IDHm,Oligodendroglioma,3
mgh259,6q,0.0022872318933477,2952,IDHm,Oligodendroglioma,3
mgh259,7p,-0.00114782591130634,2952,IDHm,Oligodendroglioma,3
mgh259,7q,0.0292208774335526,2952,IDHm,Oligodendroglioma,3
mgh259,8p,-0.0152216838738428,2952,IDHm,Oligodendroglioma,3
mgh259,8q,0.14275714451028,2952,IDHm,Oligodendroglioma,3
mgh259,9p,-0.0620881966560335,2952,IDHm,Oligodendroglioma,3
mgh259,9q,0.0104249206324906,2952,IDHm,Oligodendroglioma,3
zh1007inf,10p,-0.031915726901924,1215,GBM,Glioblastoma,4
zh1007inf,10q,-0.0830712389767066,1215,GBM,Glioblastoma,4
zh1007inf,11p,0.00427304627136955,1215,GBM,Glioblastoma,4
zh1007inf,11q,-0.0102658862926689,1215,GBM,Glioblastoma,4
zh1007inf,12p,-0.0279610942189655,1215,GBM,Glioblastoma,4
zh1007inf,12q,-0.0103983391713828,1215,GBM,Glioblastoma,4
zh1007inf,13q,-0.0114797341934415,1215,GBM,Glioblastoma,4
zh1007inf,14q,-0.0234413298468314,1215,GBM,Glioblastoma,4
zh1007inf,15q,-0.0280310544329091,1215,GBM,Glioblastoma,4
zh1007inf,16p,0.00197176860044858,1215,GBM,Glioblastoma,4
zh1007inf,16q,-0.00732445124089438,1215,GBM,Glioblastoma,4
zh1007inf,17p,0.00498500847806715,1215,GBM,Glioblastoma,4
zh1007inf,17q,-0.000345385909245123,1215,GBM,Glioblastoma,4
zh1007inf,18p,-0.0502203707159304,1215,GBM,Glioblastoma,4
zh1007inf,18q,-0.0474550549609213,1215,GBM,Glioblastoma,4
zh1007inf,19p,0.162855552949366,1215,GBM,Glioblastoma,4
zh1007inf,19q,0.119243207563175,1215,GBM,Glioblastoma,4
zh1007inf,1p,-0.00271746560636959,1215,GBM,Glioblastoma,4
zh1007inf,1q,-0.0201491399276471,1215,GBM,Glioblastoma,4
zh1007inf,20p,0.0355422200364884,1215,GBM,Glioblastoma,4
zh1007inf,20q,0.0556110181042448,1215,GBM,Glioblastoma,4
zh1007inf,21q,-0.0252248982837691,1215,GBM,Glioblastoma,4
zh1007inf,22q,-0.00832405340264367,1215,GBM,Glioblastoma,4
zh1007inf,2p,-0.0111259110519313,1215,GBM,Glioblastoma,4
zh1007inf,2q,-0.0150222040770778,1215,GBM,Glioblastoma,4
zh1007inf,3p,-0.0170344277740998,1215,GBM,Glioblastoma,4
zh1007inf,3q,-0.00799525867749598,1215,GBM,Glioblastoma,4
zh1007inf,4p,-0.0280708682140444,1215,GBM,Glioblastoma,4
zh1007inf,4q,-0.0610914354119523,1215,GBM,Glioblastoma,4
zh1007inf,5p,-0.0312768035157186,1215,GBM,Glioblastoma,4
zh1007inf,5q,-0.0203518254122191,1215,GBM,Glioblastoma,4
zh1007inf,6p,0.0189740518730418,1215,GBM,Glioblastoma,4
zh1007inf,6q,-0.0443944252584288,1215,GBM,Glioblastoma,4
zh1007inf,7p,0.0609606779630064,1215,GBM,Glioblastoma,4
zh1007inf,7q,0.0668587069185759,1215,GBM,Glioblastoma,4
zh1007inf,8p,-0.0460161950301388,1215,GBM,Glioblastoma,4
zh1007inf,8q,-0.021362389550034,1215,GBM,Glioblastoma,4
zh1007inf,9p,-0.0388874238194305,1215,GBM,Glioblastoma,4
zh1007inf,9q,-0.0131496130966017,1215,GBM,Glioblastoma,4
zh1007nec,10p,-0.0459073058201887,873,GBM,Glioblastoma,4
zh1007nec,10q,-0.0523976149201015,873,GBM,Glioblastoma,4
zh1007nec,11p,0.0065599014258234,873,GBM,Glioblastoma,4
zh1007nec,11q,-0.0289342386593865,873,GBM,Glioblastoma,4
zh1007nec,12p,-0.0711769323081473,873,GBM,Glioblastoma,4
zh1007nec,12q,-0.0124251304797546,873,GBM,Glioblastoma,4
zh1007nec,13q,-0.0224817643910075,873,GBM,Glioblastoma,4
zh1007nec,14q,-0.0239598504282125,873,GBM,Glioblastoma,4
zh1007nec,15q,-0.0188297154908044,873,GBM,Glioblastoma,4
zh1007nec,16p,-0.00167889926139689,873,GBM,Glioblastoma,4
zh1007nec,16q,0.00163534385614464,873,GBM,Glioblastoma,4
zh1007nec,17p,0.00426046765267167,873,GBM,Glioblastoma,4
zh1007nec,17q,-0.00293633178241313,873,GBM,Glioblastoma,4
zh1007nec,18p,-0.0495060266953452,873,GBM,Glioblastoma,4
zh1007nec,18q,-0.0758244588515016,873,GBM,Glioblastoma,4
zh1007nec,19p,0.322029006347319,873,GBM,Glioblastoma,4
zh1007nec,19q,0.152525518568207,873,GBM,Glioblastoma,4
zh1007nec,1p,0.00463972264344732,873,GBM,Glioblastoma,4
zh1007nec,1q,-0.00159882488380301,873,GBM,Glioblastoma,4
zh1007nec,20p,0.0607496191896557,873,GBM,Glioblastoma,4
zh1007nec,20q,0.105814160278596,873,GBM,Glioblastoma,4
zh1007nec,21q,0.0142685458257313,873,GBM,Glioblastoma,4
zh1007nec,22q,-0.0030381730690469,873,GBM,Glioblastoma,4
zh1007nec,2p,-0.0204562357990121,873,GBM,Glioblastoma,4
zh1007nec,2q,-0.0189735728026013,873,GBM,Glioblastoma,4
zh1007nec,3p,-0.0240263821435926,873,GBM,Glioblastoma,4
zh1007nec,3q,0.017017779509279,873,GBM,Glioblastoma,4
zh1007nec,4p,-0.0905664718110537,873,GBM,Glioblastoma,4
zh1007nec,4q,-0.13312965091619,873,GBM,Glioblastoma,4
zh1007nec,5p,-0.0457631951070527,873,GBM,Glioblastoma,4
zh1007nec,5q,-0.011420809216098,873,GBM,Glioblastoma,4
zh1007nec,6p,0.103250187605842,873,GBM,Glioblastoma,4
zh1007nec,6q,-0.048423601479364,873,GBM,Glioblastoma,4
zh1007nec,7p,0.101423942216175,873,GBM,Glioblastoma,4
zh1007nec,7q,0.141186505007384,873,GBM,Glioblastoma,4
zh1007nec,8p,-0.0376988863475818,873,GBM,Glioblastoma,4
zh1007nec,8q,-0.0146127884850833,873,GBM,Glioblastoma,4
zh1007nec,9p,-0.0699338885353914,873,GBM,Glioblastoma,4
zh1007nec,9q,-0.0161216103966919,873,GBM,Glioblastoma,4
zh1019inf,10p,-0.0900562417748003,1577,GBM,Glioblastoma,4
zh1019inf,10q,-0.198563152457557,1577,GBM,Glioblastoma,4
zh1019inf,11p,-0.0431302973823351,1577,GBM,Glioblastoma,4
zh1019inf,11q,-0.0598545775339653,1577,GBM,Glioblastoma,4
zh1019inf,12p,0.0111684973888695,1577,GBM,Glioblastoma,4
zh1019inf,12q,-0.00354206060825656,1577,GBM,Glioblastoma,4
zh1019inf,13q,-0.145964633742039,1577,GBM,Glioblastoma,4
zh1019inf,14q,-0.132076763502549,1577,GBM,Glioblastoma,4
zh1019inf,15q,-0.0722440706045944,1577,GBM,Glioblastoma,4
zh1019inf,16p,0.013767454358426,1577,GBM,Glioblastoma,4
zh1019inf,16q,0.0202525585250494,1577,GBM,Glioblastoma,4
zh1019inf,17p,-0.0213357647811735,1577,GBM,Glioblastoma,4
zh1019inf,17q,-0.0303407180370916,1577,GBM,Glioblastoma,4
zh1019inf,18p,0.0326822940886769,1577,GBM,Glioblastoma,4
zh1019inf,18q,0.0104949220930935,1577,GBM,Glioblastoma,4
zh1019inf,19p,0.0446416715837542,1577,GBM,Glioblastoma,4
zh1019inf,19q,0.01483412100782,1577,GBM,Glioblastoma,4
zh1019inf,1p,0.031021532121718,1577,GBM,Glioblastoma,4
zh1019inf,1q,0.041385266779489,1577,GBM,Glioblastoma,4
zh1019inf,20p,-0.00729117562482304,1577,GBM,Glioblastoma,4
zh1019inf,20q,-0.00420254191215312,1577,GBM,Glioblastoma,4
zh1019inf,21q,0.00553212339682455,1577,GBM,Glioblastoma,4
zh1019inf,22q,0.0203001779083662,1577,GBM,Glioblastoma,4
zh1019inf,2p,-0.000363969095797016,1577,GBM,Glioblastoma,4
zh1019inf,2q,0.00201031368813578,1577,GBM,Glioblastoma,4
zh1019inf,3p,-0.00719285545684364,1577,GBM,Glioblastoma,4
zh1019inf,3q,-0.00387857694126421,1577,GBM,Glioblastoma,4
zh1019inf,4p,-0.0827690670420635,1577,GBM,Glioblastoma,4
zh1019inf,4q,-0.121665663222843,1577,GBM,Glioblastoma,4
zh1019inf,5p,-0.0231859853632981,1577,GBM,Glioblastoma,4
zh1019inf,5q,0.00464377257978998,1577,GBM,Glioblastoma,4
zh1019inf,6p,-0.00342794761824819,1577,GBM,Glioblastoma,4
zh1019inf,6q,-0.163904183915948,1577,GBM,Glioblastoma,4
zh1019inf,7p,0.098394283907896,1577,GBM,Glioblastoma,4
zh1019inf,7q,0.102930807099649,1577,GBM,Glioblastoma,4
zh1019inf,8p,-0.0589467253364472,1577,GBM,Glioblastoma,4
zh1019inf,8q,-0.0315836022021047,1577,GBM,Glioblastoma,4
zh1019inf,9p,-0.00157187376732116,1577,GBM,Glioblastoma,4
zh1019inf,9q,0.0127513104023443,1577,GBM,Glioblastoma,4
zh1019t1,10p,-0.239474091064527,1066,GBM,Glioblastoma,4
zh1019t1,10q,-0.438516426468114,1066,GBM,Glioblastoma,4
zh1019t1,11p,-0.23808399700375,1066,GBM,Glioblastoma,4
zh1019t1,11q,-0.22271840782076,1066,GBM,Glioblastoma,4
zh1019t1,12p,0.00488067918684745,1066,GBM,Glioblastoma,4
zh1019t1,12q,0.00364391862893268,1066,GBM,Glioblastoma,4
zh1019t1,13q,-0.346284961260685,1066,GBM,Glioblastoma,4
zh1019t1,14q,-0.261667179397334,1066,GBM,Glioblastoma,4
zh1019t1,15q,-0.195766201367134,1066,GBM,Glioblastoma,4
zh1019t1,16p,0.0219321948541966,1066,GBM,Glioblastoma,4
zh1019t1,16q,0.026327180015034,1066,GBM,Glioblastoma,4
zh1019t1,17p,-0.0457973850429389,1066,GBM,Glioblastoma,4
zh1019t1,17q,-0.0500362666547959,1066,GBM,Glioblastoma,4
zh1019t1,18p,0.0439689440707922,1066,GBM,Glioblastoma,4
zh1019t1,18q,0.0167920279355484,1066,GBM,Glioblastoma,4
zh1019t1,19p,0.0578250261835726,1066,GBM,Glioblastoma,4
zh1019t1,19q,0.0495103806340892,1066,GBM,Glioblastoma,4
zh1019t1,1p,0.153532920232469,1066,GBM,Glioblastoma,4
zh1019t1,1q,0.148817915604194,1066,GBM,Glioblastoma,4
zh1019t1,20p,-0.0304196585475964,1066,GBM,Glioblastoma,4
zh1019t1,20q,-0.00567489019528772,1066,GBM,Glioblastoma,4
zh1019t1,21q,0.0939453445858559,1066,GBM,Glioblastoma,4
zh1019t1,22q,0.0235675734878196,1066,GBM,Glioblastoma,4
zh1019t1,2p,-0.000361692634882296,1066,GBM,Glioblastoma,4
zh1019t1,2q,0.00762420411221685,1066,GBM,Glioblastoma,4
zh1019t1,3p,0.0186461418281652,1066,GBM,Glioblastoma,4
zh1019t1,3q,0.0199550975882889,1066,GBM,Glioblastoma,4
zh1019t1,4p,-0.230090752268095,1066,GBM,Glioblastoma,4
zh1019t1,4q,-0.208249021849779,1066,GBM,Glioblastoma,4
zh1019t1,5p,-0.0307731391591297,1066,GBM,Glioblastoma,4
zh1019t1,5q,0.00704302185374109,1066,GBM,Glioblastoma,4
zh1019t1,6p,-0.0346917282182838,1066,GBM,Glioblastoma,4
zh1019t1,6q,-0.40564703933286,1066,GBM,Glioblastoma,4
zh1019t1,7p,0.0863491924954619,1066,GBM,Glioblastoma,4
zh1019t1,7q,0.1459635399057,1066,GBM,Glioblastoma,4
zh1019t1,8p,-0.260615280764461,1066,GBM,Glioblastoma,4
zh1019t1,8q,-0.0850539286273849,1066,GBM,Glioblastoma,4
zh1019t1,9p,0.00438088500817506,1066,GBM,Glioblastoma,4
zh1019t1,9q,0.0122548973264516,1066,GBM,Glioblastoma,4
zh8811a,10p,-0.0307399206578147,2352,GBM,Glioblastoma,4
zh8811a,10q,-0.131704498127958,2352,GBM,Glioblastoma,4
zh8811a,11p,0.0103341452463345,2352,GBM,Glioblastoma,4
zh8811a,11q,-0.0297657899132579,2352,GBM,Glioblastoma,4
zh8811a,12p,0.000558716751933675,2352,GBM,Glioblastoma,4
zh8811a,12q,-0.02427749969005,2352,GBM,Glioblastoma,4
zh8811a,13q,-0.0327786502229127,2352,GBM,Glioblastoma,4
zh8811a,14q,-0.0463719634422315,2352,GBM,Glioblastoma,4
zh8811a,15q,-0.031772168695698,2352,GBM,Glioblastoma,4
zh8811a,16p,-0.0346760681672797,2352,GBM,Glioblastoma,4
zh8811a,16q,-0.0129129665516394,2352,GBM,Glioblastoma,4
zh8811a,17p,-0.0176135428811476,2352,GBM,Glioblastoma,4
zh8811a,17q,0.0112946317845397,2352,GBM,Glioblastoma,4
zh8811a,18p,-0.0389170140335048,2352,GBM,Glioblastoma,4
zh8811a,18q,-0.0445564028008605,2352,GBM,Glioblastoma,4
zh8811a,19p,0.230804184484941,2352,GBM,Glioblastoma,4
zh8811a,19q,0.141114176368702,2352,GBM,Glioblastoma,4
zh8811a,1p,0.00471737253857778,2352,GBM,Glioblastoma,4
zh8811a,1q,-0.000978870121354491,2352,GBM,Glioblastoma,4
zh8811a,20p,0.00678624210077331,2352,GBM,Glioblastoma,4
zh8811a,20q,0.0732422269026906,2352,GBM,Glioblastoma,4
zh8811a,21q,0.0190451728223291,2352,GBM,Glioblastoma,4
zh8811a,22q,-0.0250147010557192,2352,GBM,Glioblastoma,4
zh8811a,2p,-0.0406478411115787,2352,GBM,Glioblastoma,4
zh8811a,2q,-0.0102050289305863,2352,GBM,Glioblastoma,4
zh8811a,3p,-0.0243740376804434,2352,GBM,Glioblastoma,4
zh8811a,3q,0.0213618595431636,2352,GBM,Glioblastoma,4
zh8811a,4p,-0.0707887290723231,2352,GBM,Glioblastoma,4
zh8811a,4q,-0.106198246869815,2352,GBM,Glioblastoma,4
zh8811a,5p,-0.0526980576067144,2352,GBM,Glioblastoma,4
zh8811a,5q,-0.0152042526146483,2352,GBM,Glioblastoma,4
zh8811a,6p,0.0794585092210628,2352,GBM,Glioblastoma,4
zh8811a,6q,-0.0517785121341699,2352,GBM,Glioblastoma,4
zh8811a,7p,0.121758062136885,2352,GBM,Glioblastoma,4
zh8811a,7q,0.144929723723829,2352,GBM,Glioblastoma,4
zh8811a,8p,-0.054360313126939,2352,GBM,Glioblastoma,4
zh8811a,8q,-0.0208449157844243,2352,GBM,Glioblastoma,4
zh8811a,9p,-0.0419485907113277,2352,GBM,Glioblastoma,4
zh8811a,9q,-0.0220185587649967,2352,GBM,Glioblastoma,4
zh8811b,10p,-0.0263317155734085,2473,GBM,Glioblastoma,4
zh8811b,10q,-0.121421262280748,2473,GBM,Glioblastoma,4
zh8811b,11p,0.00780163608117847,2473,GBM,Glioblastoma,4
zh8811b,11q,-0.0330600230660779,2473,GBM,Glioblastoma,4
zh8811b,12p,-0.000856195360850052,2473,GBM,Glioblastoma,4
zh8811b,12q,-0.0228994649934562,2473,GBM,Glioblastoma,4
zh8811b,13q,-0.0307458417981015,2473,GBM,Glioblastoma,4
zh8811b,14q,-0.0433668345615008,2473,GBM,Glioblastoma,4
zh8811b,15q,-0.027502729298317,2473,GBM,Glioblastoma,4
zh8811b,16p,-0.0348166043911587,2473,GBM,Glioblastoma,4
zh8811b,16q,-0.0134169284925628,2473,GBM,Glioblastoma,4
zh8811b,17p,-0.0219231150364029,2473,GBM,Glioblastoma,4
zh8811b,17q,0.00918193145861876,2473,GBM,Glioblastoma,4
zh8811b,18p,-0.0420207528884667,2473,GBM,Glioblastoma,4
zh8811b,18q,-0.0457702178200515,2473,GBM,Glioblastoma,4
zh8811b,19p,0.226909389850066,2473,GBM,Glioblastoma,4
zh8811b,19q,0.137014753012071,2473,GBM,Glioblastoma,4
zh8811b,1p,0.00515721088343922,2473,GBM,Glioblastoma,4
zh8811b,1q,-0.00313989505242716,2473,GBM,Glioblastoma,4
zh8811b,20p,0.000972515812188855,2473,GBM,Glioblastoma,4
zh8811b,20q,0.0694693849401472,2473,GBM,Glioblastoma,4
zh8811b,21q,0.0169627385715428,2473,GBM,Glioblastoma,4
zh8811b,22q,-0.0277438710238009,2473,GBM,Glioblastoma,4
zh8811b,2p,-0.037509195199222,2473,GBM,Glioblastoma,4
zh8811b,2q,-0.00709718317332014,2473,GBM,Glioblastoma,4
zh8811b,3p,-0.024939618099972,2473,GBM,Glioblastoma,4
zh8811b,3q,0.0178344754724734,2473,GBM,Glioblastoma,4
zh8811b,4p,-0.0687756225220134,2473,GBM,Glioblastoma,4
zh8811b,4q,-0.102606036476478,2473,GBM,Glioblastoma,4
zh8811b,5p,-0.0468618794316251,2473,GBM,Glioblastoma,4
zh8811b,5q,-0.0113237349611022,2473,GBM,Glioblastoma,4
zh8811b,6p,0.0814950265032407,2473,GBM,Glioblastoma,4
zh8811b,6q,-0.044834063389222,2473,GBM,Glioblastoma,4
zh8811b,7p,0.12930785411985,2473,GBM,Glioblastoma,4
zh8811b,7q,0.148368625460253,2473,GBM,Glioblastoma,4
zh8811b,8p,-0.0504552862080118,2473,GBM,Glioblastoma,4
zh8811b,8q,-0.018571563489281,2473,GBM,Glioblastoma,4
zh8811b,9p,-0.0264650684278918,2473,GBM,Glioblastoma,4
zh8811b,9q,-0.0196745826491991,2473,GBM,Glioblastoma,4
zh8812,10p,-0.0760786080860901,840,GBM,Glioblastoma,4
zh8812,10q,-0.183936261452559,840,GBM,Glioblastoma,4
zh8812,11p,0.00287391589729353,840,GBM,Glioblastoma,4
zh8812,11q,-0.0122502289596314,840,GBM,Glioblastoma,4
zh8812,12p,0.0025560606443266,840,GBM,Glioblastoma,4
zh8812,12q,-0.0112100160347507,840,GBM,Glioblastoma,4
zh8812,13q,0.00798133582794951,840,GBM,Glioblastoma,4
zh8812,14q,-0.0105910100848683,840,GBM,Glioblastoma,4
zh8812,15q,-0.0135647654226603,840,GBM,Glioblastoma,4
zh8812,16p,-0.0170385718680255,840,GBM,Glioblastoma,4
zh8812,16q,-0.00931535842801862,840,GBM,Glioblastoma,4
zh8812,17p,-0.00953479082255853,840,GBM,Glioblastoma,4
zh8812,17q,-0.00334338471351498,840,GBM,Glioblastoma,4
zh8812,18p,-0.00384196640074764,840,GBM,Glioblastoma,4
zh8812,18q,0.00246764575749028,840,GBM,Glioblastoma,4
zh8812,19p,0.024878036948105,840,GBM,Glioblastoma,4
zh8812,19q,0.0114422210354092,840,GBM,Glioblastoma,4
zh8812,1p,0.00122667874560047,840,GBM,Glioblastoma,4
zh8812,1q,0.00723713001493102,840,GBM,Glioblastoma,4
zh8812,20p,0.0153022078804727,840,GBM,Glioblastoma,4
zh8812,20q,0.0141655986333649,840,GBM,Glioblastoma,4
zh8812,21q,-0.0605310439933482,840,GBM,Glioblastoma,4
zh8812,22q,-0.0130691650979769,840,GBM,Glioblastoma,4
zh8812,2p,-0.0159104597068528,840,GBM,Glioblastoma,4
zh8812,2q,-0.00841904553556097,840,GBM,Glioblastoma,4
zh8812,3p,-0.00705977269879449,840,GBM,Glioblastoma,4
zh8812,3q,0.00637508258649978,840,GBM,Glioblastoma,4
zh8812,4p,-0.0104353038766159,840,GBM,Glioblastoma,4
zh8812,4q,-0.01039095914923,840,GBM,Glioblastoma,4
zh8812,5p,-0.0193933455639698,840,GBM,Glioblastoma,4
zh8812,5q,-0.00662813480829444,840,GBM,Glioblastoma,4
zh8812,6p,0.0190153232876061,840,GBM,Glioblastoma,4
zh8812,6q,-0.00658169634586284,840,GBM,Glioblastoma,4
zh8812,7p,0.03078948361592,840,GBM,Glioblastoma,4
zh8812,7q,0.0311108700500694,840,GBM,Glioblastoma,4
zh8812,8p,-0.0221761448567965,840,GBM,Glioblastoma,4
zh8812,8q,-0.00652802361242288,840,GBM,Glioblastoma,4
zh8812,9p,-0.0286426047392157,840,GBM,Glioblastoma,4
zh8812,9q,-0.0142329114265426,840,GBM,Glioblastoma,4
zh881inf,10p,-0.0138836082786309,1245,GBM,Glioblastoma,4
zh881inf,10q,-0.0279341332180247,1245,GBM,Glioblastoma,4
zh881inf,11p,0.00351280174816725,1245,GBM,Glioblastoma,4
zh881inf,11q,-0.0181206950726732,1245,GBM,Glioblastoma,4
zh881inf,12p,-0.00668837385572527,1245,GBM,Glioblastoma,4
zh881inf,12q,-0.0141031565202566,1245,GBM,Glioblastoma,4
zh881inf,13q,-0.00798086856692343,1245,GBM,Glioblastoma,4
zh881inf,14q,-0.00592663505238806,1245,GBM,Glioblastoma,4
zh881inf,15q,-0.0273268510031327,1245,GBM,Glioblastoma,4
zh881inf,16p,-0.027932776305979,1245,GBM,Glioblastoma,4
zh881inf,16q,-0.0190305219315356,1245,GBM,Glioblastoma,4
zh881inf,17p,-0.00645056125974629,1245,GBM,Glioblastoma,4
zh881inf,17q,0.00290728796606102,1245,GBM,Glioblastoma,4
zh881inf,18p,0.00380859847835955,1245,GBM,Glioblastoma,4
zh881inf,18q,0.011097410271159,1245,GBM,Glioblastoma,4
zh881inf,19p,0.00394857756659959,1245,GBM,Glioblastoma,4
zh881inf,19q,-0.00672507948043757,1245,GBM,Glioblastoma,4
zh881inf,1p,-0.00224875331839504,1245,GBM,Glioblastoma,4
zh881inf,1q,0.00876803612681552,1245,GBM,Glioblastoma,4
zh881inf,20p,-0.0179384500968063,1245,GBM,Glioblastoma,4
zh881inf,20q,-0.00347027502428685,1245,GBM,Glioblastoma,4
zh881inf,21q,-0.0287033980950681,1245,GBM,Glioblastoma,4
zh881inf,22q,-0.0307384049450791,1245,GBM,Glioblastoma,4
zh881inf,2p,-0.0168293722758345,1245,GBM,Glioblastoma,4
zh881inf,2q,-0.0106530746142628,1245,GBM,Glioblastoma,4
zh881inf,3p,-0.0154008524439641,1245,GBM,Glioblastoma,4
zh881inf,3q,0.00466586589211521,1245,GBM,Glioblastoma,4
zh881inf,4p,-0.0137958635331327,1245,GBM,Glioblastoma,4
zh881inf,4q,-0.000203897450104818,1245,GBM,Glioblastoma,4
zh881inf,5p,-0.0140001677547716,1245,GBM,Glioblastoma,4
zh881inf,5q,0.00266040227091838,1245,GBM,Glioblastoma,4
zh881inf,6p,0.00767608523957036,1245,GBM,Glioblastoma,4
zh881inf,6q,-0.0036767252631109,1245,GBM,Glioblastoma,4
zh881inf,7p,0.00916187904094944,1245,GBM,Glioblastoma,4
zh881inf,7q,0.00641458552472414,1245,GBM,Glioblastoma,4
zh881inf,8p,-0.0262206140074461,1245,GBM,Glioblastoma,4
zh881inf,8q,-0.00298077177193509,1245,GBM,Glioblastoma,4
zh881inf,9p,-0.0304816137247212,1245,GBM,Glioblastoma,4
zh881inf,9q,-0.0265318621128527,1245,GBM,Glioblastoma,4
zh881t1,10p,-0.0287906709007707,2582,GBM,Glioblastoma,4
zh881t1,10q,-0.0994748925558642,2582,GBM,Glioblastoma,4
zh881t1,11p,0.00945450042599551,2582,GBM,Glioblastoma,4
zh881t1,11q,-0.0207759144480824,2582,GBM,Glioblastoma,4
zh881t1,12p,-0.000903253408606413,2582,GBM,Glioblastoma,4
zh881t1,12q,-0.0322008414320336,2582,GBM,Glioblastoma,4
zh881t1,13q,-0.0187928541924466,2582,GBM,Glioblastoma,4
zh881t1,14q,-0.0380829157315558,2582,GBM,Glioblastoma,4
zh881t1,15q,-0.0316601079763411,2582,GBM,Glioblastoma,4
zh881t1,16p,-0.0528881075727313,2582,GBM,Glioblastoma,4
zh881t1,16q,-0.0233726687684497,2582,GBM,Glioblastoma,4
zh881t1,17p,-0.034922883886218,2582,GBM,Glioblastoma,4
zh881t1,17q,-0.00627105644825831,2582,GBM,Glioblastoma,4
zh881t1,18p,-0.038920878883563,2582,GBM,Glioblastoma,4
zh881t1,18q,-0.0314697665662673,2582,GBM,Glioblastoma,4
zh881t1,19p,0.192518082684221,2582,GBM,Glioblastoma,4
zh881t1,19q,0.115613322592967,2582,GBM,Glioblastoma,4
zh881t1,1p,0.0019764954870858,2582,GBM,Glioblastoma,4
zh881t1,1q,-0.000423160953391327,2582,GBM,Glioblastoma,4
zh881t1,20p,0.0396666075799117,2582,GBM,Glioblastoma,4
zh881t1,20q,0.0885075821806087,2582,GBM,Glioblastoma,4
zh881t1,21q,-0.00176323102365635,2582,GBM,Glioblastoma,4
zh881t1,22q,-0.0451358563822396,2582,GBM,Glioblastoma,4
zh881t1,2p,-0.0268106988577851,2582,GBM,Glioblastoma,4
zh881t1,2q,-0.00628406875893142,2582,GBM,Glioblastoma,4
zh881t1,3p,-0.0442480091881507,2582,GBM,Glioblastoma,4
zh881t1,3q,0.00063532448284574,2582,GBM,Glioblastoma,4
zh881t1,4p,-0.032618000099109,2582,GBM,Glioblastoma,4
zh881t1,4q,-0.0824386846906681,2582,GBM,Glioblastoma,4
zh881t1,5p,-0.0294593188082879,2582,GBM,Glioblastoma,4
zh881t1,5q,-0.00605091614690922,2582,GBM,Glioblastoma,4
zh881t1,6p,0.0463289601872939,2582,GBM,Glioblastoma,4
zh881t1,6q,-0.0242483155637065,2582,GBM,Glioblastoma,4
zh881t1,7p,0.110526567311765,2582,GBM,Glioblastoma,4
zh881t1,7q,0.127130283778691,2582,GBM,Glioblastoma,4
zh881t1,8p,-0.0614405373277071,2582,GBM,Glioblastoma,4
zh881t1,8q,-0.0175800855355536,2582,GBM,Glioblastoma,4
zh881t1,9p,-0.037825651344798,2582,GBM,Glioblastoma,4
zh881t1,9q,-0.0269315858711162,2582,GBM,Glioblastoma,4
zh916bulk,10p,-0.109390878485227,1580,GBM,Glioblastoma,4
zh916bulk,10q,-0.250015003327707,1580,GBM,Glioblastoma,4
zh916bulk,11p,0.00238190627845284,1580,GBM,Glioblastoma,4
zh916bulk,11q,-0.00996888660522771,1580,GBM,Glioblastoma,4
zh916bulk,12p,0.00368454011839455,1580,GBM,Glioblastoma,4
zh916bulk,12q,-0.00989204215392307,1580,GBM,Glioblastoma,4
zh916bulk,13q,-0.0353273021504095,1580,GBM,Glioblastoma,4
zh916bulk,14q,-0.0141886182310019,1580,GBM,Glioblastoma,4
zh916bulk,15q,-0.0185288618873711,1580,GBM,Glioblastoma,4
zh916bulk,16p,-0.0172749741863367,1580,GBM,Glioblastoma,4
zh916bulk,16q,-0.00664590476050147,1580,GBM,Glioblastoma,4
zh916bulk,17p,-0.0095611864347089,1580,GBM,Glioblastoma,4
zh916bulk,17q,-0.00183557532897405,1580,GBM,Glioblastoma,4
zh916bulk,18p,-0.0103459768541755,1580,GBM,Glioblastoma,4
zh916bulk,18q,-0.0331229012538812,1580,GBM,Glioblastoma,4
zh916bulk,19p,0.0784120484564182,1580,GBM,Glioblastoma,4
zh916bulk,19q,0.0323722878468571,1580,GBM,Glioblastoma,4
zh916bulk,1p,0.00260652554572157,1580,GBM,Glioblastoma,4
zh916bulk,1q,-6.18914532150368e-05,1580,GBM,Glioblastoma,4
zh916bulk,20p,-0.0180751368202735,1580,GBM,Glioblastoma,4
zh916bulk,20q,-0.0124916492113435,1580,GBM,Glioblastoma,4
zh916bulk,21q,-0.0340483887451034,1580,GBM,Glioblastoma,4
zh916bulk,22q,-0.0110765118414293,1580,GBM,Glioblastoma,4
zh916bulk,2p,-0.0091596943416638,1580,GBM,Glioblastoma,4
zh916bulk,2q,-0.00625719894042547,1580,GBM,Glioblastoma,4
zh916bulk,3p,-0.00535866064401691,1580,GBM,Glioblastoma,4
zh916bulk,3q,0.00624985155443516,1580,GBM,Glioblastoma,4
zh916bulk,4p,-0.0297730372190205,1580,GBM,Glioblastoma,4
zh916bulk,4q,-0.0169983147289446,1580,GBM,Glioblastoma,4
zh916bulk,5p,-0.0260864733173199,1580,GBM,Glioblastoma,4
zh916bulk,5q,-0.00204637637310343,1580,GBM,Glioblastoma,4
zh916bulk,6p,0.0123626586978632,1580,GBM,Glioblastoma,4
zh916bulk,6q,-0.00457945856500874,1580,GBM,Glioblastoma,4
zh916bulk,7p,0.0386597839782031,1580,GBM,Glioblastoma,4
zh916bulk,7q,0.0554226271673844,1580,GBM,Glioblastoma,4
zh916bulk,8p,-0.017619240994029,1580,GBM,Glioblastoma,4
zh916bulk,8q,-0.00611916156047549,1580,GBM,Glioblastoma,4
zh916bulk,9p,-0.0299185252282679,1580,GBM,Glioblastoma,4
zh916bulk,9q,-0.0115085087972551,1580,GBM,Glioblastoma,4
zh916inf,10p,0.0216282216149066,33,GBM,Glioblastoma,4
zh916inf,10q,-0.011650886450393,33,GBM,Glioblastoma,4
zh916inf,11p,0.0196212755542586,33,GBM,Glioblastoma,4
zh916inf,11q,-0.000248677533724842,33,GBM,Glioblastoma,4
zh916inf,12p,-0.0286702024005344,33,GBM,Glioblastoma,4
zh916inf,12q,-0.0262297806482178,33,GBM,Glioblastoma,4
zh916inf,13q,0.0669720425537871,33,GBM,Glioblastoma,4
zh916inf,14q,0.000135700596954225,33,GBM,Glioblastoma,4
zh916inf,15q,-0.00609508226112874,33,GBM,Glioblastoma,4
zh916inf,16p,-0.0151324744778592,33,GBM,Glioblastoma,4
zh916inf,16q,-0.04191770970281,33,GBM,Glioblastoma,4
zh916inf,17p,-0.0267766001227804,33,GBM,Glioblastoma,4
zh916inf,17q,-0.0150139363207665,33,GBM,Glioblastoma,4
zh916inf,18p,0.0885910880619039,33,GBM,Glioblastoma,4
zh916inf,18q,0.0829377690962328,33,GBM,Glioblastoma,4
zh916inf,19p,-0.0454983469556666,33,GBM,Glioblastoma,4
zh916inf,19q,-0.0507811467493892,33,GBM,Glioblastoma,4
zh916inf,1p,-0.00912514737654264,33,GBM,Glioblastoma,4
zh916inf,1q,1.98244465880381e-05,33,GBM,Glioblastoma,4
zh916inf,20p,-0.0966933951948921,33,GBM,Glioblastoma,4
zh916inf,20q,-0.0355588646744467,33,GBM,Glioblastoma,4
zh916inf,21q,0.000841316245778667,33,GBM,Glioblastoma,4
zh916inf,22q,-0.316216162665931,33,GBM,Glioblastoma,4
zh916inf,2p,-0.0071450244693232,33,GBM,Glioblastoma,4
zh916inf,2q,0.00737158901451333,33,GBM,Glioblastoma,4
zh916inf,3p,-0.00375578810957552,33,GBM,Glioblastoma,4
zh916inf,3q,0.00163664804262622,33,GBM,Glioblastoma,4
zh916inf,4p,0.0276785572753015,33,GBM,Glioblastoma,4
zh916inf,4q,0.0335269252259845,33,GBM,Glioblastoma,4
zh916inf,5p,0.0298635352071106,33,GBM,Glioblastoma,4
zh916inf,5q,0.00742030739019956,33,GBM,Glioblastoma,4
zh916inf,6p,-0.0189767798311994,33,GBM,Glioblastoma,4
zh916inf,6q,0.0284699564273473,33,GBM,Glioblastoma,4
zh916inf,7p,0.00818619082410333,33,GBM,Glioblastoma,4
zh916inf,7q,-0.030759503338161,33,GBM,Glioblastoma,4
zh916inf,8p,0.00247561741163225,33,GBM,Glioblastoma,4
zh916inf,8q,-0.0302124232914791,33,GBM,Glioblastoma,4
zh916inf,9p,0.0235786011115408,33,GBM,Glioblastoma,4
zh916inf,9q,-0.00544562980768314,33,GBM,Glioblastoma,4
zh916t1,10p,-0.123215044099341,2122,GBM,Glioblastoma,4
zh916t1,10q,-0.253710490398142,2122,GBM,Glioblastoma,4
zh916t1,11p,0.00164781060079611,2122,GBM,Glioblastoma,4
zh916t1,11q,-0.0151505489209618,2122,GBM,Glioblastoma,4
zh916t1,12p,0.00525038503889308,2122,GBM,Glioblastoma,4
zh916t1,12q,-0.00760169128953661,2122,GBM,Glioblastoma,4
zh916t1,13q,-0.0124577132125344,2122,GBM,Glioblastoma,4
zh916t1,14q,-0.00919893248023925,2122,GBM,Glioblastoma,4
zh916t1,15q,-0.0112701261880715,2122,GBM,Glioblastoma,4
zh916t1,16p,-0.0201626656778695,2122,GBM,Glioblastoma,4
zh916t1,16q,-0.0133518238422131,2122,GBM,Glioblastoma,4
zh916t1,17p,-0.00834463747977752,2122,GBM,Glioblastoma,4
zh916t1,17q,-0.0051923396071894,2122,GBM,Glioblastoma,4
zh916t1,18p,-0.0116692864805375,2122,GBM,Glioblastoma,4
zh916t1,18q,-0.0246765604457964,2122,GBM,Glioblastoma,4
zh916t1,19p,0.0670216070753838,2122,GBM,Glioblastoma,4
zh916t1,19q,0.0422451489391498,2122,GBM,Glioblastoma,4
zh916t1,1p,-0.000218308551030417,2122,GBM,Glioblastoma,4
zh916t1,1q,0.00246228994855736,2122,GBM,Glioblastoma,4
zh916t1,20p,-0.0253843360614488,2122,GBM,Glioblastoma,4
zh916t1,20q,-0.0135012538829172,2122,GBM,Glioblastoma,4
zh916t1,21q,-0.0170427471333931,2122,GBM,Glioblastoma,4
zh916t1,22q,-0.0217844442221058,2122,GBM,Glioblastoma,4
zh916t1,2p,-0.0101371630508343,2122,GBM,Glioblastoma,4
zh916t1,2q,-0.00936418788369404,2122,GBM,Glioblastoma,4
zh916t1,3p,-0.00442789404815945,2122,GBM,Glioblastoma,4
zh916t1,3q,0.000729427424254202,2122,GBM,Glioblastoma,4
zh916t1,4p,-0.00723276731631917,2122,GBM,Glioblastoma,4
zh916t1,4q,-0.0178955680291284,2122,GBM,Glioblastoma,4
zh916t1,5p,-0.0231914527625616,2122,GBM,Glioblastoma,4
zh916t1,5q,-0.00311832853019011,2122,GBM,Glioblastoma,4
zh916t1,6p,0.0334042946996423,2122,GBM,Glioblastoma,4
zh916t1,6q,-0.000161244088354528,2122,GBM,Glioblastoma,4
zh916t1,7p,0.0413027412674098,2122,GBM,Glioblastoma,4
zh916t1,7q,0.0654085019524492,2122,GBM,Glioblastoma,4
zh916t1,8p,-0.0139761114767951,2122,GBM,Glioblastoma,4
zh916t1,8q,-0.00988481625180875,2122,GBM,Glioblastoma,4
zh916t1,9p,-0.020114345491956,2122,GBM,Glioblastoma,4
zh916t1,9q,-0.0170756884085486,2122,GBM,Glioblastoma,4
