sample_id,cohort,histology,who_grade,10p,10q,19q,1p,7p,7q,codel_1p19q,gain7_loss10
bwh23,IDHm,Oligodendroglioma,3,0.00935022942913209,-0.0280813635917795,-0.165066237710095,-0.248986040368639,-0.0209094901386486,0.0255727276255665,TRUE,FALSE
bwh24,IDHm,Astrocytoma,4,0.0350317436540711,-0.0759844320717632,-0.0155525944839801,0.0121225782977498,-0.0231843646455153,-0.0113090202458088,FALSE,FALSE
bwh25,IDHm,Astrocytoma,4,0.0994947424330538,0.0278402496297279,-0.0566847533084704,0.026988101025333,-0.00863799098316999,0.0344712263736631,FALSE,FALSE
bwh28,IDHm,Astrocytoma,2,0.0144572266649564,-0.0316121924219153,-0.0747591168787437,-0.00334671842733065,0.0312832570016742,0.0348660721644875,FALSE,FALSE
bwh35,IDHm,Oligodendroglioma,2,0.0161336945230409,-0.0210169842460158,-0.0702880569082579,-0.145947099665077,-0.014658944804126,-0.0107471050294999,TRUE,FALSE
mgh258,GBM,Glioblastoma,4,-0.135017889488698,-0.275295004327107,0.0190562576963487,0.0119688840732293,0.12183565739181,0.174078132890686,FALSE,TRUE
mgh259,IDHm,Oligodendroglioma,3,-0.0721615768488925,-0.0459790845627848,-0.0295043748722402,-0.154523584489994,-0.00114782591130634,0.0292208774335526,FALSE,FALSE
zh1007inf,GBM,Glioblastoma,4,-0.031915726901924,-0.0830712389767066,0.119243207563175,-0.00271746560636959,0.0609606779630064,0.0668587069185759,FALSE,TRUE
zh1007nec,GBM,Glioblastoma,4,-0.0459073058201887,-0.0523976149201015,0.152525518568207,0.00463972264344732,0.101423942216175,0.141186505007384,FALSE,FALSE
zh1019inf,GBM,Glioblastoma,4,-0.0900562417748003,-0.198563152457557,0.01483412100782,0.031021532121718,0.098394283907896,0.102930807099649,FALSE,TRUE
zh1019t1,GBM,Glioblastoma,4,-0.239474091064527,-0.438516426468114,0.0495103806340892,0.153532920232469,0.0863491924954619,0.1459635399057,FALSE,TRUE
zh8811a,GBM,Glioblastoma,4,-0.0307399206578147,-0.131704498127958,0.141114176368702,0.00471737253857778,0.121758062136885,0.144929723723829,FALSE,TRUE
zh8811b,GBM,Glioblastoma,4,-0.0263317155734085,-0.121421262280748,0.137014753012071,0.00515721088343922,0.12930785411985,0.148368625460253,FALSE,TRUE
zh8812,GBM,Glioblastoma,4,-0.0760786080860901,-0.183936261452559,0.0114422210354092,0.00122667874560047,0.03078948361592,0.0311108700500694,FALSE,FALSE
zh881inf,GBM,Glioblastoma,4,-0.0138836082786309,-0.0279341332180247,-0.00672507948043757,-0.00224875331839504,0.00916187904094944,0.00641458552472414,FALSE,FALSE
zh881t1,GBM,Glioblastoma,4,-0.0287906709007707,-0.0994748925558642,0.115613322592967,0.0019764954870858,0.110526567311765,0.127130283778691,FALSE,TRUE
zh916bulk,GBM,Glioblastoma,4,-0.109390878485227,-0.250015003327707,0.0323722878468571,0.00260652554572157,0.0386597839782031,0.0554226271673844,FALSE,FALSE
zh916inf,GBM,Glioblastoma,4,0.0216282216149066,-0.011650886450393,-0.0507811467493892,-0.00912514737654264,0.00818619082410333,-0.030759503338161,FALSE,FALSE
zh916t1,GBM,Glioblastoma,4,-0.123215044099341,-0.253710490398142,0.0422451489391498,-0.000218308551030417,0.0413027412674098,0.0654085019524492,FALSE,TRUE
