sample_id,MP,n_spots,rho,p_msr,msr_null_sd,ess,p_dutilleul,rho_partial_macadj,p_msr_partial,rho_random_mean,rho_random_sd,pct_random_below,cohort,histology,who_grade,is_LGG,patient,q_msr,q_dutilleul,q_msr_partial
bwh23,Neuron,894,-0.0736097211900141,0.161,0.0518334630718849,112.352421839002,0.439782723999671,0.0517851145696024,0.157,0.286738545848031,0.0773570355196271,0,IDHm,Oligodendroglioma,3,TRUE,BWH23,0.204909090909091,0.513079844666283,0.2355
bwh23,Vasc,894,0.292888024982821,0.001,0.0591711780825336,232.052030551814,5.6940410030772e-06,0.150480264337913,0.001,-0.0194913021237943,0.0554718500026683,1,IDHm,Oligodendroglioma,3,TRUE,BWH23,0.00233333333333333,2.65721913476936e-05,0.003
bwh23,MES.Hyp,894,0.411290675740983,0.001,0.120875350988709,66.7945329741788,0.000556320825428519,0.247766237374138,0.001,-0.0791629142756805,0.112801432232965,1,IDHm,Oligodendroglioma,3,TRUE,BWH23,0.00233333333333333,0.00155769831119985,0.003
bwh23,Mac,894,0.446792961640885,0.001,0.0759738995846076,227.466088295104,1.46390399051938e-12,,,-0.0360127917929183,0.0543596556075542,1,IDHm,Oligodendroglioma,3,TRUE,BWH23,0.00233333333333333,2.04946558672714e-11,
bwh23,Oligo,894,0.0467979079303418,0.331,0.0470990375630586,405.610400053732,0.347163380025582,0.081487957249097,0.035,0.223631806049287,0.0495496783478717,0,IDHm,Oligodendroglioma,3,TRUE,BWH23,0.356461538461538,0.441844301850741,0.07
bwh23,MES,894,0.454955810779048,0.001,0.0857317056056471,166.892774092385,6.62791237461019e-10,0.352849093293068,0.001,0.133903560742695,0.0640823030969268,1,IDHm,Oligodendroglioma,3,TRUE,BWH23,0.00233333333333333,4.63953866222713e-09,0.003
bwh23,Prolif.Metab,894,-0.0143166373174276,0.753,0.0489951024151452,310.299854105953,0.801669258925572,0.0446995550412296,0.214,0.210264272288936,0.0489054800154563,0,IDHm,Oligodendroglioma,3,TRUE,BWH23,0.753,0.801669258925572,0.285333333333333
bwh23,MES.Ast,894,0.324624031553804,0.001,0.0809367511478231,152.002324828694,4.49798792853896e-05,0.210070418191302,0.001,0.00929330220686583,0.0768938695799888,1,IDHm,Oligodendroglioma,3,TRUE,BWH23,0.00233333333333333,0.000157429577498864,0.003
bwh23,Reactive.Ast,894,0.0779748524574555,0.197,0.059171701318605,83.7373754962778,0.481507018257161,0.141484128229533,0.002,0.244509325109586,0.0906053143166566,0.04,IDHm,Oligodendroglioma,3,TRUE,BWH23,0.229833333333333,0.518546019661558,0.0048
bwh23,NPC,894,-0.121426577011454,0.049,0.0626993437576979,131.009106400486,0.167082976370652,0.0385743265035105,0.316,0.3109877330141,0.0761475700460119,0,IDHm,Oligodendroglioma,3,TRUE,BWH23,0.07,0.233916166918913,0.3792
bwh23,Inflammatory.Mac,894,0.338693532570824,0.001,0.105472189640985,86.0261101765621,0.00142131306762062,,,-0.18892148983337,0.099581441879913,1,IDHm,Oligodendroglioma,3,TRUE,BWH23,0.00233333333333333,0.00331639715778144,
bwh23,chromatin.reg,894,-0.147216938750503,0.032,0.0683291592200002,168.888119195238,0.0562111796581257,-0.0943583174358148,0.082,0.0697590478918914,0.0713892791560345,0,IDHm,Oligodendroglioma,3,TRUE,BWH23,0.056,0.112422359316251,0.140571428571429
bwh23,OPC,894,-0.172532212014846,0.05,0.0914213856705747,105.751879921569,0.0773232558197132,0.0163008442351453,0.771,0.328018037723751,0.0908733564463452,0,IDHm,Oligodendroglioma,3,TRUE,BWH23,0.07,0.135315697684498,0.771
bwh23,AC,894,-0.220206547784657,0.027,0.10288599833207,55.8857220713073,0.103301854512908,-0.0183346149899052,0.72,0.33928252373485,0.120437937614392,0,IDHm,Oligodendroglioma,3,TRUE,BWH23,0.054,0.160691773686746,0.771
bwh24,Neuron,2878,-0.0014879098021742,0.976,0.0433314585579592,174.419663263599,0.98443485924788,0.0157570990423924,0.537,0.115755143130284,0.046192556132393,0.006,IDHm,Astrocytoma,4,FALSE,BWH24,0.976,0.98443485924788,0.585818181818182
bwh24,Vasc,2878,0.331966121785724,0.001,0.0340009411647739,576.318826298512,2.71531259787104e-16,0.185991948052638,0.001,0.178990241381434,0.0305659361946151,1,IDHm,Astrocytoma,4,FALSE,BWH24,0.0014,1.90071881850972e-15,0.0015
bwh24,MES.Hyp,2878,0.398871828524426,0.001,0.041977170133004,352.506725461622,6.81510531043738e-15,0.198764854590967,0.001,0.387799542742141,0.0264967069407055,0.685,IDHm,Astrocytoma,4,FALSE,BWH24,0.0014,3.18038247820411e-14,0.0015
bwh24,Mac,2878,0.660813705753605,0.001,0.0435671759085234,365.891240955392,2.82676430512544e-47,,,0.307774207638865,0.0430619271296774,1,IDHm,Astrocytoma,4,FALSE,BWH24,0.0014,3.95747002717561e-46,
bwh24,Oligo,2878,0.0994903222532062,0.02,0.0453183907960005,164.561242107391,0.204191466786237,0.0460850842498012,0.096,0.227347019170174,0.0627715341473145,0.015,IDHm,Astrocytoma,4,FALSE,BWH24,0.0254545454545455,0.259880048637029,0.128
bwh24,MES,2878,0.49443816975589,0.001,0.065237888015475,149.424909567669,1.38011098842308e-10,0.317181492267339,0.001,0.436858929240907,0.0540664093294179,0.855,IDHm,Astrocytoma,4,FALSE,BWH24,0.0014,3.86431076758462e-10,0.0015
bwh24,Prolif.Metab,2878,0.196124288584859,0.001,0.033245196527095,488.928715306637,1.25366553646119e-05,0.117944643691305,0.001,0.279369262298561,0.0240764061273704,0,IDHm,Astrocytoma,4,FALSE,BWH24,0.0014,1.95014639005075e-05,0.0015
bwh24,MES.Ast,2878,0.339889569228129,0.001,0.0386897777051748,473.072432653299,2.94842744752487e-14,0.220815494568909,0.001,0.327182683963556,0.0365622009623652,0.622,IDHm,Astrocytoma,4,FALSE,BWH24,0.0014,1.0319496066337e-13,0.0015
bwh24,Reactive.Ast,2878,0.499220663415402,0.001,0.0638393542269489,134.035435815579,8.21847265730282e-10,0.321115754541869,0.001,0.435026560193339,0.0513469132168873,0.882,IDHm,Astrocytoma,4,FALSE,BWH24,0.0014,1.91764362003732e-09,0.0015
bwh24,NPC,2878,0.0148741285128456,0.707,0.0391237627794228,305.42803976012,0.795715368795107,0.0259270508103906,0.287,0.171410909318515,0.0377369114924702,0,IDHm,Astrocytoma,4,FALSE,BWH24,0.824833333333333,0.928334596927625,0.3444
bwh24,Inflammatory.Mac,2878,0.48562456649065,0.001,0.0630808890091434,129.84136621233,4.83717544181716e-09,,,0.363125747289702,0.0402408554326579,0.996,IDHm,Astrocytoma,4,FALSE,BWH24,0.0014,9.67435088363432e-09,
bwh24,chromatin.reg,2878,-0.00972117454804316,0.814,0.0393088333026379,311.162640966014,0.864386144862856,-0.00189709993805514,0.936,-0.0616611853718235,0.0358053478240458,0.915,IDHm,Astrocytoma,4,FALSE,BWH24,0.876615384615385,0.930877386775383,0.936
bwh24,OPC,2878,0.19951699043436,0.001,0.0410579958563659,181.54536440636,0.00699949120054936,0.176687983079129,0.001,0.36871212255256,0.0519195078315797,0.001,IDHm,Astrocytoma,4,FALSE,BWH24,0.0014,0.0097992876807691,0.0015
bwh24,AC,2878,0.422173004812655,0.001,0.0614898600944908,158.167216137927,3.23961979789092e-08,0.293436989640077,0.001,0.479068611023192,0.0459465740973502,0.108,IDHm,Astrocytoma,4,FALSE,BWH24,0.0014,5.66933464630911e-08,0.0015
bwh25,Neuron,2201,0.31250547453317,0.001,0.050070061571431,268.312401366535,1.72748316715512e-07,0.140127860485581,0.001,0.391461547194469,0.0175402658494756,0,IDHm,Astrocytoma,4,FALSE,BWH25,0.0014,4.83695286803434e-07,0.00133333333333333
bwh25,Vasc,2201,0.582283796598125,0.001,0.0938031262518193,50.5092599343336,8.21114474156307e-06,0.324412321522652,0.001,0.451914110656771,0.0450141841440041,0.999,IDHm,Astrocytoma,4,FALSE,BWH25,0.0014,1.43695032977354e-05,0.00133333333333333
bwh25,MES.Hyp,2201,0.602633114396014,0.001,0.0726106740872364,81.0890324159548,2.58707050908666e-09,0.348907380305008,0.001,0.548033248975502,0.0275354209500504,0.979,IDHm,Astrocytoma,4,FALSE,BWH25,0.0014,1.20729957090711e-08,0.00133333333333333
bwh25,Mac,2201,0.781217075329373,0.001,0.0875145003188904,49.5859031446526,2.66061931322856e-11,,,0.543963249624891,0.0362066592961258,1,IDHm,Astrocytoma,4,FALSE,BWH25,0.0014,3.72486703851998e-10,
bwh25,Oligo,2201,0.0241274780504203,0.869,0.132295405513678,30.1902786391573,0.898947190696903,-0.0490565708236103,0.617,0.318114523322245,0.0768025809436562,0,IDHm,Astrocytoma,4,FALSE,BWH25,0.869,0.898947190696903,0.617
bwh25,MES,2201,0.633060514793984,0.001,0.0799541231689366,62.0707775719523,3.30729800168213e-08,0.379628932189186,0.001,0.557037206594082,0.0335729264740687,0.991,IDHm,Astrocytoma,4,FALSE,BWH25,0.0014,1.15755430058874e-07,0.00133333333333333
bwh25,Prolif.Metab,2201,0.414763896168601,0.001,0.0702390882156497,123.994065080891,1.67398907427295e-06,0.209895240100221,0.001,0.498627344146583,0.0196387985697518,0,IDHm,Astrocytoma,4,FALSE,BWH25,0.0014,3.90597450663688e-06,0.00133333333333333
bwh25,MES.Ast,2201,0.628141591405446,0.001,0.112759155297838,35.3568608780802,4.86492506234612e-05,0.415611030179196,0.001,0.484416206856925,0.0564086348291856,0.998,IDHm,Astrocytoma,4,FALSE,BWH25,0.0014,7.56766120809397e-05,0.00133333333333333
bwh25,Reactive.Ast,2201,0.634246607840618,0.001,0.0819621823081665,86.037214730983,5.47062839413048e-11,0.388247048973213,0.001,0.649124049822703,0.0244052664073464,0.286,IDHm,Astrocytoma,4,FALSE,BWH25,0.0014,3.82943987589133e-10,0.00133333333333333
bwh25,NPC,2201,0.127444044225245,0.083,0.0727897921604372,171.312521211695,0.0963837669405715,0.0491422159306061,0.324,0.298084292829075,0.0384639301622323,0,IDHm,Astrocytoma,4,FALSE,BWH25,0.0893846153846154,0.112447728097333,0.353454545454545
bwh25,Inflammatory.Mac,2201,0.559688774261923,0.001,0.0854552400008993,61.5119296562098,2.47910884633165e-06,,,0.432702272158276,0.0409801659830352,1,IDHm,Astrocytoma,4,FALSE,BWH25,0.0014,4.9582176926633e-06,
bwh25,chromatin.reg,2201,0.204040224394498,0.002,0.0717596862076101,87.3098529230101,0.057551310045302,0.142845897192013,0.001,0.177779838163893,0.0322962539821285,0.796,IDHm,Astrocytoma,4,FALSE,BWH25,0.00254545454545455,0.073247121875839,0.00133333333333333
bwh25,OPC,2201,0.240530697822124,0.019,0.114859881333874,45.4114655699924,0.109759705496027,0.107521396835974,0.125,0.515829613103762,0.0621851474940072,0,IDHm,Astrocytoma,4,FALSE,BWH25,0.0221666666666667,0.118202759764952,0.15
bwh25,AC,2201,0.452921456030853,0.001,0.0927880719176782,71.6340933247829,6.76713700512668e-05,0.23798032773734,0.001,0.636627340636621,0.0415108043895271,0,IDHm,Astrocytoma,4,FALSE,BWH25,0.0014,9.47399180717735e-05,0.00133333333333333
bwh28,Neuron,2114,0.320792941528958,0.001,0.0538440528416104,319.889623491866,4.33297050264007e-09,0.33402894237975,0.001,0.382586895800517,0.0262572331605756,0.014,IDHm,Astrocytoma,2,TRUE,BWH28,0.00107692307692308,5.51468973063281e-09,0.00109090909090909
bwh28,Vasc,2114,0.363777335019053,0.001,0.0441906128097483,544.991372314551,1.70384182978124e-18,0.249507812471518,0.001,0.269130073810462,0.0248276558837931,0.996,IDHm,Astrocytoma,2,TRUE,BWH28,0.00107692307692308,1.19268928084687e-17,0.00109090909090909
bwh28,MES.Hyp,2114,0.48482843107665,0.001,0.0629746317617732,248.53721863603,4.6715697175845e-16,0.425757061076509,0.001,0.45548949815388,0.0283826334713639,0.854,IDHm,Astrocytoma,2,TRUE,BWH28,0.00107692307692308,1.30803952092366e-15,0.00109090909090909
bwh28,Mac,2114,0.471829143176874,0.001,0.0451294990092654,613.45864808003,2.48485017718622e-35,,,0.15340754849285,0.0352631668657332,1,IDHm,Astrocytoma,2,TRUE,BWH28,0.00107692307692308,3.47879024806071e-34,
bwh28,Oligo,2114,0.315576137701006,0.001,0.0463996897463221,445.009719015339,9.53798041011879e-12,0.278464455111441,0.001,0.342760172720225,0.0298979780718252,0.182,IDHm,Astrocytoma,2,TRUE,BWH28,0.00107692307692308,2.22552876236105e-11,0.00109090909090909
bwh28,MES,2114,0.555701682246514,0.001,0.0737418206102703,184.635836826466,2.36206226484235e-16,0.529052897343317,0.001,0.499226993428662,0.0369370984395713,0.938,IDHm,Astrocytoma,2,TRUE,BWH28,0.00107692307692308,8.26721792694822e-16,0.00109090909090909
bwh28,Prolif.Metab,2114,0.370795479874463,0.001,0.055052379860558,285.351358458651,9.92146068537736e-11,0.346881360101375,0.001,0.430402746768284,0.0224351152077957,0.006,IDHm,Astrocytoma,2,TRUE,BWH28,0.00107692307692308,1.73625561994104e-10,0.00109090909090909
bwh28,MES.Ast,2114,0.437312985000266,0.001,0.067245039156707,203.813166526359,6.27767511122775e-11,0.414411865402222,0.001,0.45253093956929,0.0292841727295824,0.277,IDHm,Astrocytoma,2,TRUE,BWH28,0.00107692307692308,1.25553502224555e-10,0.00109090909090909
bwh28,Reactive.Ast,2114,0.616535468323205,0.001,0.0781641889182131,155.180680418918,1.27998706227019e-17,0.577649010716406,0.001,0.559784702058311,0.0340767286186658,0.957,IDHm,Astrocytoma,2,TRUE,BWH28,0.00107692307692308,5.97327295726087e-17,0.00109090909090909
bwh28,NPC,2114,0.29406884364407,0.001,0.0495331187670177,415.153683532492,1.00081206396431e-09,0.316376645863236,0.001,0.342518571856256,0.0230109161963385,0.013,IDHm,Astrocytoma,2,TRUE,BWH28,0.00107692307692308,1.43912829400957e-09,0.00109090909090909
bwh28,Inflammatory.Mac,2114,0.214610091943544,0.001,0.034053429133466,792.946542245735,1.02794878143541e-09,,,0.173283174204026,0.0162469640281866,0.994,IDHm,Astrocytoma,2,TRUE,BWH28,0.00107692307692308,1.43912829400957e-09,
bwh28,chromatin.reg,2114,0.0244632270499763,0.581,0.041750827649226,590.661617654045,0.552932116523135,-0.01583159955238,0.678,0.037280880154375,0.0326434833466244,0.379,IDHm,Astrocytoma,2,TRUE,BWH28,0.581,0.552932116523135,0.678
bwh28,OPC,2114,0.4402034759281,0.001,0.078054176070634,148.484959017139,2.04968270742371e-08,0.46750409445729,0.001,0.571629080527913,0.0344102068094005,0.001,IDHm,Astrocytoma,2,TRUE,BWH28,0.00107692307692308,2.20735060799477e-08,0.00109090909090909
bwh28,AC,2114,0.498492363831499,0.001,0.0877389317236893,112.90454996225,1.94996562213236e-08,0.52545706595064,0.001,0.615271057230217,0.043943646489693,0.007,IDHm,Astrocytoma,2,TRUE,BWH28,0.00107692307692308,2.20735060799477e-08,0.00109090909090909
bwh35,Neuron,1209,0.119579354567216,0.002,0.0357866848340737,860.417452475754,0.000439544096609147,0.147155019185408,0.001,0.22667396095124,0.0287400001142612,0,IDHm,Oligodendroglioma,2,TRUE,BWH35,0.00254545454545455,0.000559419759320733,0.00133333333333333
bwh35,Vasc,1209,0.260902762200031,0.001,0.0342405388761676,928.130959641484,6.58002103619113e-16,0.0920984015638397,0.006,0.124122647801626,0.036209663526821,0.999,IDHm,Oligodendroglioma,2,TRUE,BWH35,0.0014,1.53533824177793e-15,0.00654545454545455
bwh35,MES.Hyp,1209,0.340201199859152,0.001,0.0448805671700231,693.972400775238,2.90596609637774e-20,0.281532054502411,0.001,0.305197228978135,0.0308842341916171,0.871,IDHm,Oligodendroglioma,2,TRUE,BWH35,0.0014,1.01708813373221e-19,0.00133333333333333
bwh35,Mac,1209,0.606328759048761,0.001,0.0432317298808827,777.139126751819,3.42569539297518e-79,,,0.164981085568669,0.0458615088789307,1,IDHm,Oligodendroglioma,2,TRUE,BWH35,0.0014,4.79597355016526e-78,
bwh35,Oligo,1209,0.166942905072102,0.001,0.0400631679490513,705.099896565421,8.33476985065858e-06,0.175491544823091,0.001,0.288122243245378,0.0495148518589186,0.004,IDHm,Oligodendroglioma,2,TRUE,BWH35,0.0014,1.1668677790922e-05,0.00133333333333333
bwh35,MES,1209,0.398534842965408,0.001,0.0513710872726689,468.05929693043,2.87030114975478e-19,0.343133517348157,0.001,0.255181661861212,0.0410534545668566,1,IDHm,Oligodendroglioma,2,TRUE,BWH35,0.0014,8.03684321931338e-19,0.00133333333333333
bwh35,Prolif.Metab,1209,0.188573738141875,0.001,0.0349651636787685,902.31261533837,1.14373004489203e-08,0.155140794722528,0.001,0.245328550114296,0.0288857780991307,0.023,IDHm,Oligodendroglioma,2,TRUE,BWH35,0.0014,2.00152757856105e-08,0.00133333333333333
bwh35,MES.Ast,1209,0.290671520435935,0.001,0.0422371327958301,693.268218055068,5.77408791917098e-15,0.245367267590071,0.001,0.249263420062014,0.030960064670027,0.915,IDHm,Oligodendroglioma,2,TRUE,BWH35,0.0014,1.1548175838342e-14,0.00133333333333333
bwh35,Reactive.Ast,1209,0.451547013658699,0.001,0.0549212067439266,421.274728745668,1.48426551636306e-22,0.349448393497947,0.001,0.314943917284633,0.0392286657155957,1,IDHm,Oligodendroglioma,2,TRUE,BWH35,0.0014,1.03898586145414e-21,0.00133333333333333
bwh35,NPC,1209,0.0777383199417676,0.025,0.0343166851381853,889.170210196137,0.0204317277649576,0.120650256991321,0.002,0.2032575968577,0.0286656081123992,0,IDHm,Oligodendroglioma,2,TRUE,BWH35,0.0269230769230769,0.0220033991314928,0.0024
bwh35,Inflammatory.Mac,1209,0.358990930533511,0.001,0.037899231925622,686.306623122447,2.65045004194446e-22,,,0.168684687957222,0.0386617634923119,1,IDHm,Oligodendroglioma,2,TRUE,BWH35,0.0014,1.23687668624075e-21,
bwh35,chromatin.reg,1209,0.0689022082793946,0.104,0.0419168878343007,528.812844481291,0.11351214715854,0.0483022410106157,0.146,0.101139539093624,0.0344771538774578,0.174,IDHm,Oligodendroglioma,2,TRUE,BWH35,0.104,0.11351214715854,0.146
bwh35,OPC,1209,0.12823793692396,0.004,0.0452823958309456,558.913810198283,0.00238563855043104,0.201782146572508,0.001,0.36596685581112,0.0384867261391528,0,IDHm,Oligodendroglioma,2,TRUE,BWH35,0.00466666666666667,0.00278324497550288,0.00133333333333333
bwh35,AC,1209,0.223519097492555,0.001,0.050005719672922,508.600762547652,3.52412731936147e-07,0.242784310026602,0.001,0.373734036899344,0.041170346382389,0,IDHm,Oligodendroglioma,2,TRUE,BWH35,0.0014,5.48197583011785e-07,0.00133333333333333
mgh258,Neuron,2194,-0.0833214306091233,0.057,0.0456491255101345,215.166935991537,0.223526407840051,0.0433058407832848,0.06,0.144310115722946,0.0330629486369875,0,GBM,Glioblastoma,4,FALSE,MGH258,0.114,0.39117121372009,0.072
mgh258,Vasc,2194,0.0264613014765884,0.703,0.0604855500970101,161.548083095537,0.738550060712462,0.119406365385604,0.001,0.127863863269617,0.0438625492971439,0.006,GBM,Glioblastoma,4,FALSE,MGH258,0.703,0.738550060712462,0.002
mgh258,MES.Hyp,2194,0.0762181909549862,0.255,0.0635382272823497,188.484863548551,0.29789775913598,0.228519831424813,0.001,0.282432110702956,0.0322768288004227,0,GBM,Glioblastoma,4,FALSE,MGH258,0.357,0.417056862790372,0.002
mgh258,Mac,2194,0.721576512375034,0.001,0.124923904774022,24.60837114471,5.45112017337647e-05,,,-0.188814881739857,0.109478424414304,1,GBM,Glioblastoma,4,FALSE,MGH258,0.0035,0.000763156824272706,
mgh258,Oligo,2194,0.504937427338708,0.001,0.158551205051033,17.6736783037201,0.0344560797926444,0.115633403823041,0.002,-0.189370448357963,0.122765733586996,1,GBM,Glioblastoma,4,FALSE,MGH258,0.0035,0.120596279274255,0.00342857142857143
mgh258,MES,2194,0.41225409615221,0.001,0.0805906677588039,63.5723067620107,0.00074319999323918,0.313089602253244,0.001,0.0573421315314131,0.0706564194641292,1,GBM,Glioblastoma,4,FALSE,MGH258,0.0035,0.00520239995267426,0.002
mgh258,Prolif.Metab,2194,0.0478493344378339,0.152,0.0324386410707145,789.571384020106,0.179216059453061,0.0709254355982865,0.003,0.152208679390525,0.0261186753119583,0,GBM,Glioblastoma,4,FALSE,MGH258,0.236444444444444,0.358432118906123,0.0045
mgh258,MES.Ast,2194,-0.161708610604386,0.132,0.108630456928382,44.9163751876405,0.28904979330654,0.208299462329791,0.001,0.390490029117845,0.0718104677157821,0,GBM,Glioblastoma,4,FALSE,MGH258,0.231,0.417056862790372,0.002
mgh258,Reactive.Ast,2194,0.589710575323841,0.001,0.125040591296865,25.2631581390183,0.00180541754821063,0.322992649324284,0.001,-0.0723284196278661,0.102746797869538,1,GBM,Glioblastoma,4,FALSE,MGH258,0.0035,0.00842528189164961,0.002
mgh258,NPC,2194,-0.151442202563109,0.002,0.0597236686811584,135.544309746487,0.0789242528902754,0.0244193464207362,0.356,0.207740798325105,0.0425414427139202,0,GBM,Glioblastoma,4,FALSE,MGH258,0.0056,0.220987908092771,0.388363636363636
mgh258,Inflammatory.Mac,2194,-0.0503763105273958,0.448,0.0619209747729779,140.545760987871,0.553673839414031,,,0.109704245633697,0.0419513364124126,0,GBM,Glioblastoma,4,FALSE,MGH258,0.570181818181818,0.645952812649702,
mgh258,chromatin.reg,2194,0.268562362456972,0.007,0.123012434077257,31.7446218939941,0.138929355125325,-0.0154920098668115,0.701,-0.28455482974182,0.0797628425366591,1,GBM,Glioblastoma,4,FALSE,MGH258,0.0163333333333333,0.324168495292426,0.701
mgh258,OPC,2194,0.0391749114060485,0.571,0.0642819270160578,125.424206086985,0.663921334989845,0.125760471969409,0.004,0.268133079302772,0.0338663028223049,0,GBM,Glioblastoma,4,FALSE,MGH258,0.614923076923077,0.714992206912141,0.00533333333333333
mgh258,AC,2194,0.0462636109261305,0.52,0.0658192568047399,196.520587927115,0.519083920963087,0.200020458525332,0.001,0.310349658567603,0.0453075531453619,0,GBM,Glioblastoma,4,FALSE,MGH258,0.606666666666667,0.645952812649702,0.002
mgh259,Neuron,3094,0.214919279891106,0.001,0.0631428006404722,296.259094901182,0.000193589537084551,0.252356987435208,0.001,0.38568615152798,0.0246058274176822,0,IDHm,Oligodendroglioma,3,TRUE,MGH259,0.001,0.000271025351918371,0.001
mgh259,Vasc,3094,0.346088720554036,0.001,0.0665011126911049,203.306056943914,4.15776191276674e-07,0.227691978852415,0.001,0.221775412106529,0.0279135940154723,1,IDHm,Oligodendroglioma,3,TRUE,MGH259,0.001,2.20497157983401e-06,0.001
mgh259,MES.Hyp,3094,0.493373374114867,0.001,0.0818422180945997,75.5633264569878,6.33490371552931e-06,0.311587124654678,0.001,0.322686590792401,0.0326443599829102,1,IDHm,Oligodendroglioma,3,TRUE,MGH259,0.001,1.47814420029017e-05,0.001
mgh259,Mac,3094,0.612519362775425,0.001,0.12980334998802,26.935553539996,0.000694682024169169,,,0.112507931407953,0.0537809086579574,1,IDHm,Oligodendroglioma,3,TRUE,MGH259,0.001,0.000748119102951412,
mgh259,Oligo,3094,0.552501195530079,0.001,0.13277792549178,27.385724024549,0.00259684778255785,0.289571402820585,0.001,0.247292366533762,0.0545101674536697,1,IDHm,Oligodendroglioma,3,TRUE,MGH259,0.001,0.00259684778255785,0.001
mgh259,MES,3094,0.543464414242085,0.001,0.0968560761361539,51.0924806022063,3.70614923257661e-05,0.329905458084225,0.001,0.211788310046946,0.0431512679864098,1,IDHm,Oligodendroglioma,3,TRUE,MGH259,0.001,6.48576115700906e-05,0.001
mgh259,Prolif.Metab,3094,0.213480857657241,0.001,0.0437320313970259,522.229390615456,8.49148064690569e-07,0.202221140950706,0.001,0.295193962635979,0.0223081278691792,0,IDHm,Oligodendroglioma,3,TRUE,MGH259,0.001,2.97201822641699e-06,0.001
mgh259,MES.Ast,3094,0.336324724431947,0.001,0.0547021991788809,290.396066324438,4.13426842624926e-09,0.272502436958485,0.001,0.324608374377127,0.0217699961141987,0.742,IDHm,Oligodendroglioma,3,TRUE,MGH259,0.001,5.78797579674896e-08,0.001
mgh259,Reactive.Ast,3094,0.671496282288239,0.001,0.13993665251537,24.9731278281651,0.000239762337146295,0.422898048008307,0.001,0.26196279725741,0.0583975155202689,1,IDHm,Oligodendroglioma,3,TRUE,MGH259,0.001,0.000305152065458922,0.001
mgh259,NPC,3094,0.1977187146857,0.001,0.0573186389336222,379.224701955622,0.000106217092065356,0.20751628614429,0.001,0.33639676647518,0.0211024344201388,0,IDHm,Oligodendroglioma,3,TRUE,MGH259,0.001,0.000165226587657221,0.001
mgh259,Inflammatory.Mac,3094,0.334911553547949,0.001,0.0636739710933444,153.002583903226,2.32086794317313e-05,,,0.223293775999865,0.0253371717110075,1,IDHm,Oligodendroglioma,3,TRUE,MGH259,0.001,4.64173588634626e-05,
mgh259,chromatin.reg,3094,0.413231627027803,0.001,0.102945583975063,73.3527804470313,0.000269874525578337,0.313188870515136,0.001,0.368369602724538,0.0404773350686019,0.861,IDHm,Oligodendroglioma,3,TRUE,MGH259,0.001,0.000314853613174727,0.001
mgh259,OPC,3094,0.445150367278315,0.001,0.102395358720438,97.7221221992281,4.51764046244694e-06,0.416232377113354,0.001,0.558543636457153,0.0320995567859772,0,IDHm,Oligodendroglioma,3,TRUE,MGH259,0.001,1.26493932948514e-05,0.001
mgh259,AC,3094,0.538135779468967,0.001,0.0991421676628463,76.6928809506181,4.7249390996443e-07,0.431300893892649,0.001,0.465865919726581,0.0359117087947264,0.98,IDHm,Oligodendroglioma,3,TRUE,MGH259,0.001,2.20497157983401e-06,0.001
zh1007inf,Neuron,1345,0.269483542029799,0.001,0.0814026545706077,121.525055026672,0.00273846192160094,0.18511038073196,0.001,0.276974854969394,0.0251359631101682,0.392,GBM,Glioblastoma,4,FALSE,ZH1007,0.00155555555555556,0.012315590116218,0.0015
zh1007inf,Vasc,1345,0.363115718407953,0.001,0.12633219391771,52.7404834898133,0.00768735169149245,0.283984848835051,0.001,0.21192094024211,0.0876646259309047,0.952,GBM,Glioblastoma,4,FALSE,ZH1007,0.00155555555555556,0.0179371539468157,0.0015
zh1007inf,MES.Hyp,1345,0.543667961566571,0.001,0.140466117015816,28.2413157978514,0.0026618525224062,0.425968450898988,0.001,0.506303251618431,0.0356243474545971,0.869,GBM,Glioblastoma,4,FALSE,ZH1007,0.00155555555555556,0.012315590116218,0.0015
zh1007inf,Mac,1345,0.731396587034831,0.001,0.189162912936937,13.5817959594146,0.00351874003320515,,,0.24198443060988,0.0661048364996243,1,GBM,Glioblastoma,4,FALSE,ZH1007,0.00155555555555556,0.012315590116218,
zh1007inf,Oligo,1345,-0.141659013655937,0.236,0.116987626304265,86.7587350858567,0.191233859079278,-0.248003125160826,0.001,-0.338289861536407,0.0623855930270885,0.993,GBM,Glioblastoma,4,FALSE,ZH1007,0.254153846153846,0.20594415593153,0.0015
zh1007inf,MES,1345,0.499036394636567,0.001,0.172400052610435,16.424365912724,0.0456653482730602,0.183165409966309,0.002,0.139241306734062,0.0625814831648736,1,GBM,Glioblastoma,4,FALSE,ZH1007,0.00155555555555556,0.0710349862025381,0.00266666666666667
zh1007inf,Prolif.Metab,1345,0.187073829795371,0.001,0.0582857296519524,137.471744739183,0.0283233814339522,0.0893712012016437,0.004,0.135282617948966,0.0263848769355899,0.96,GBM,Glioblastoma,4,FALSE,ZH1007,0.00155555555555556,0.0495659175094164,0.0048
zh1007inf,MES.Ast,1345,0.493526154191084,0.001,0.171313990622567,23.032644228416,0.0166161163496081,0.36993823142499,0.001,0.573198172246598,0.0483239705030102,0.055,GBM,Glioblastoma,4,FALSE,ZH1007,0.00155555555555556,0.0332322326992162,0.0015
zh1007inf,Reactive.Ast,1345,0.410282749661545,0.001,0.154722445593294,22.667012225973,0.053771603330633,0.0714121398283812,0.205,0.0160213816851634,0.0628517649594352,1,GBM,Glioblastoma,4,FALSE,ZH1007,0.00155555555555556,0.0752802446628862,0.223636363636364
zh1007inf,NPC,1345,0.112322614293861,0.077,0.0655773977927897,205.891689297875,0.108057444770891,0.1414291277244,0.001,0.273138908254252,0.0391042180863534,0,GBM,Glioblastoma,4,FALSE,ZH1007,0.098,0.137527656981134,0.0015
zh1007inf,Inflammatory.Mac,1345,0.425828192740469,0.001,0.12064184927657,39.165942478114,0.00675028330002596,,,0.27761774541357,0.0353325147864576,1,GBM,Glioblastoma,4,FALSE,ZH1007,0.00155555555555556,0.0179371539468157,
zh1007inf,chromatin.reg,1345,-0.156322883839242,0.116,0.0973038748351811,82.2319701498958,0.160165437263812,-0.27229741426884,0.001,-0.426700593686015,0.0606881137607999,1,GBM,Glioblastoma,4,FALSE,ZH1007,0.135333333333333,0.18685967680778,0.0015
zh1007inf,OPC,1345,-0.212268106580908,0.002,0.0810346830792435,237.95367097012,0.000984992657484166,-0.160109841830262,0.001,-0.1203754662947,0.058920428373992,0.049,GBM,Glioblastoma,4,FALSE,ZH1007,0.0028,0.012315590116218,0.0015
zh1007inf,AC,1345,-0.0235305801619027,0.802,0.082677095247158,133.815506747657,0.787404707079484,-0.0450608069374785,0.281,0.0747852808426193,0.0580185165436955,0.038,GBM,Glioblastoma,4,FALSE,ZH1007,0.802,0.787404707079484,0.281
zh1007nec,Neuron,876,-0.0891735202791891,0.112,0.0567429426523996,419.313126391612,0.0681213807089541,-0.0366595605312344,0.343,0.203307991510053,0.0459049014956835,0,GBM,Glioblastoma,4,FALSE,ZH1007,0.142545454545455,0.0914885516287332,0.5112
zh1007nec,Vasc,876,0.0657210803481941,0.264,0.0573076441694147,162.379629384963,0.405464043711116,0.124204686998277,0.008,0.0268519179788311,0.0903156301090215,0.672,GBM,Glioblastoma,4,FALSE,ZH1007,0.308,0.473041384329635,0.0192
zh1007nec,MES.Hyp,876,0.330363005530781,0.001,0.103243439212446,65.2806008175871,0.00706568688653955,0.269460247399397,0.001,0.0237143757478938,0.153914281924001,0.966,GBM,Glioblastoma,4,FALSE,ZH1007,0.00233333333333333,0.0164866027352589,0.004
zh1007nec,Mac,876,0.649855423088935,0.001,0.107052357051037,112.766673242808,7.28782389382102e-15,,,0.0603006614179502,0.0782738927051205,1,GBM,Glioblastoma,4,FALSE,ZH1007,0.00233333333333333,1.02029534513494e-13,
zh1007nec,Oligo,876,0.140479044291886,0.01,0.0571268100064951,317.774411042198,0.0121834547293568,-0.0180474280762455,0.61,0.0886469157711116,0.0411193518324933,0.9,GBM,Glioblastoma,4,FALSE,ZH1007,0.0175,0.0243669094587135,0.616
zh1007nec,MES,876,0.237296556787256,0.004,0.0981344030262291,101.507459124779,0.0165978354432779,0.0194824200399676,0.616,0.226151593905852,0.0712560043431612,0.554,GBM,Glioblastoma,4,FALSE,ZH1007,0.008,0.0290462120257363,0.616
zh1007nec,Prolif.Metab,876,-0.0730197752087859,0.099,0.0431788099949865,608.443830562022,0.0718838619940047,-0.0374653767542701,0.299,0.0405933166828315,0.0463603064836815,0.004,GBM,Glioblastoma,4,FALSE,ZH1007,0.1386,0.0914885516287332,0.5112
zh1007nec,MES.Ast,876,0.0309351222418733,0.604,0.0561654305259913,137.384376795488,0.719320578285593,-0.0424776530233946,0.336,0.274909719030592,0.0796665964860502,0.002,GBM,Glioblastoma,4,FALSE,ZH1007,0.650461538461538,0.774652930461408,0.5112
zh1007nec,Reactive.Ast,876,0.172092951269453,0.001,0.0425939159111558,411.357040530194,0.000454982800535355,0.0352564670900054,0.396,0.156783327840104,0.0703646300037682,0.569,GBM,Glioblastoma,4,FALSE,ZH1007,0.00233333333333333,0.00159243980187374,0.5112
zh1007nec,NPC,876,-0.120230198108584,0.028,0.0582289440823797,344.955306441807,0.0255467723926339,-0.11685025176304,0.004,0.24088942172292,0.069787413239259,0,GBM,Glioblastoma,4,FALSE,ZH1007,0.0435555555555556,0.0397394237218749,0.012
zh1007nec,Inflammatory.Mac,876,0.353479249233341,0.001,0.140235188324723,61.3330219032599,0.00507208368281901,,,0.112625264039128,0.107051744442448,0.982,GBM,Glioblastoma,4,FALSE,ZH1007,0.00233333333333333,0.0142018343118932,
zh1007nec,chromatin.reg,876,0.0116543431263375,0.833,0.0571769341566189,159.663988631403,0.88383448983383,0.0447137553535465,0.426,-0.278125385634521,0.0692512689551093,1,GBM,Glioblastoma,4,FALSE,ZH1007,0.833,0.88383448983383,0.5112
zh1007nec,OPC,876,-0.369049082800135,0.001,0.105276644627206,108.556979407761,8.12511923837181e-05,-0.33909720702884,0.001,0.115951950768145,0.124405518571711,0,GBM,Glioblastoma,4,FALSE,ZH1007,0.00233333333333333,0.000568758346686027,0.004
zh1007nec,AC,876,-0.320961472707005,0.001,0.0950240275030562,122.209152491169,0.000308990601899801,-0.323577469428948,0.001,0.180343529564509,0.131372929509445,0,GBM,Glioblastoma,4,FALSE,ZH1007,0.00233333333333333,0.00144195614219907,0.004
zh1019inf,Neuron,1675,0.381631604038635,0.001,0.154361561833158,37.8961259484569,0.0182380112744263,0.374532232591835,0.001,0.462740227070523,0.0259552946758989,0.004,GBM,Glioblastoma,4,FALSE,ZH1019,0.00127272727272727,0.0342650368050448,0.0012
zh1019inf,Vasc,1675,0.485958795264839,0.001,0.117602285006472,65.2111889396966,3.94550182360608e-05,0.307980135553673,0.001,0.326851740783481,0.0422770486180624,1,GBM,Glioblastoma,4,FALSE,ZH1019,0.00127272727272727,0.000276185127652426,0.0012
zh1019inf,MES.Hyp,1675,0.557335655383307,0.001,0.247000860789058,15.0626268310386,0.0304748470621878,0.56903543848518,0.001,0.489056074549143,0.0505658255129825,0.914,GBM,Glioblastoma,4,FALSE,ZH1019,0.00127272727272727,0.0370112570665008,0.0012
zh1019inf,Mac,1675,0.713808935481909,0.001,0.120112653161498,73.7919085126539,1.01804365056881e-12,,,0.375288053205234,0.0423947697398739,1,GBM,Glioblastoma,4,FALSE,ZH1019,0.00127272727272727,1.42526111079634e-11,
zh1019inf,Oligo,1675,-0.415956717996984,0.001,0.172651317823712,26.7709857302527,0.0317239346284293,-0.348363594070562,0.001,-0.170707626222589,0.0691899707023273,0,GBM,Glioblastoma,4,FALSE,ZH1019,0.00127272727272727,0.0370112570665008,0.0012
zh1019inf,MES,1675,0.695340550015865,0.001,0.240317303615265,15.9719809843964,0.00281329041650029,0.648455946432236,0.001,0.638403496017624,0.0457736327284369,0.914,GBM,Glioblastoma,4,FALSE,ZH1019,0.00127272727272727,0.00984651645775101,0.0012
zh1019inf,Prolif.Metab,1675,0.415679848535177,0.001,0.159969416441901,38.6942817044374,0.00877490452704116,0.36003628472665,0.001,0.436998119112319,0.0271303046061829,0.206,GBM,Glioblastoma,4,FALSE,ZH1019,0.00127272727272727,0.0204747772297627,0.0012
zh1019inf,MES.Ast,1675,0.657497422080254,0.001,0.245990547843261,15.5658172893977,0.00646431244369332,0.644968886756456,0.001,0.604596135247985,0.0467359379127615,0.88,GBM,Glioblastoma,4,FALSE,ZH1019,0.00127272727272727,0.0181000748423413,0.0012
zh1019inf,Reactive.Ast,1675,0.616745288603158,0.001,0.209050178339688,24.4264603591257,0.00118915277603097,0.547821607266373,0.001,0.651931654586584,0.0333468307746357,0.145,GBM,Glioblastoma,4,FALSE,ZH1019,0.00127272727272727,0.00554937962147787,0.0012
zh1019inf,NPC,1675,0.213187371476786,0.001,0.0891056212670897,115.228679559463,0.0220275236603859,0.195418316492759,0.001,0.32847706258491,0.0194010621114917,0,GBM,Glioblastoma,4,FALSE,ZH1019,0.00127272727272727,0.0342650368050448,0.0012
zh1019inf,Inflammatory.Mac,1675,0.203019038972967,0.001,0.0774820232951046,130.658178114731,0.0202023785616191,,,0.03432468120312,0.03067668887424,1,GBM,Glioblastoma,4,FALSE,ZH1019,0.00127272727272727,0.0342650368050448,
zh1019inf,chromatin.reg,1675,-0.347091735612607,0.017,0.157742110074711,26.7199183017915,0.0777903081836636,-0.306294725177462,0.006,-0.331718972396714,0.0449303303975487,0.396,GBM,Glioblastoma,4,FALSE,ZH1019,0.0183076923076923,0.0837741780439454,0.00654545454545455
zh1019inf,OPC,1675,0.121890167847218,0.389,0.131155748178183,44.0697593853092,0.430194228254704,0.175775736654818,0.121,0.429615543029302,0.0469164352810735,0,GBM,Glioblastoma,4,FALSE,ZH1019,0.389,0.430194228254704,0.121
zh1019inf,AC,1675,0.435777853628556,0.002,0.205961743788266,24.5432589805872,0.0311376383485685,0.446958597473995,0.001,0.639985687358002,0.0407129078724708,0,GBM,Glioblastoma,4,FALSE,ZH1019,0.00233333333333333,0.0370112570665008,0.0012
zh1019t1,Neuron,1066,0.0444880516185543,0.307,0.0427028413742472,540.810742395048,0.301743284904686,0.0624623919427605,0.106,0.170885101929519,0.0402700608993092,0,GBM,Glioblastoma,4,FALSE,ZH1019,0.358166666666667,0.38403690806051,0.181714285714286
zh1019t1,Vasc,1066,0.306824765715156,0.001,0.0544024640988119,380.695352285438,9.65479383985178e-10,0.145862321719924,0.001,0.00792338360962581,0.0683518828033838,1,GBM,Glioblastoma,4,FALSE,ZH1019,0.00233333333333333,4.5055704585975e-09,0.003
zh1019t1,MES.Hyp,1066,-0.0760817340075206,0.262,0.0647081116720728,166.141186593694,0.329723488859557,-0.0122448424797326,0.825,-0.0985092399179171,0.0866362596154572,0.641,GBM,Glioblastoma,4,FALSE,ZH1019,0.358166666666667,0.384677403669483,0.825
zh1019t1,Mac,1066,0.658642679920969,0.001,0.0519679863774585,388.763974524157,1.03550455603537e-49,,,0.169765468636458,0.0652455175333422,1,GBM,Glioblastoma,4,FALSE,ZH1019,0.00233333333333333,1.44970637844951e-48,
zh1019t1,Oligo,1066,0.0521721654485034,0.293,0.0477146187944115,399.327629305066,0.29833703544109,0.0529425535895495,0.251,0.11968373398668,0.0466805158253988,0.062,GBM,Glioblastoma,4,FALSE,ZH1019,0.358166666666667,0.38403690806051,0.3012
zh1019t1,MES,1066,0.352020908683552,0.001,0.0554388822870892,341.725949726898,2.09577357350016e-11,0.260056313631105,0.001,0.205402890163088,0.0515420992698108,0.996,GBM,Glioblastoma,4,FALSE,ZH1019,0.00233333333333333,1.46704150145011e-10,0.003
zh1019t1,Prolif.Metab,1066,0.0662249440331773,0.079,0.0368864384808415,699.357203329714,0.0800956416547613,0.0857563191384263,0.014,0.127157531730092,0.0415394835246398,0.054,GBM,Glioblastoma,4,FALSE,ZH1019,0.13825,0.140167372895832,0.0336
zh1019t1,MES.Ast,1066,0.203986644785636,0.001,0.0531615064311007,271.210883165415,0.00072634522361041,0.193006831576885,0.001,0.0826382160774478,0.051917479576621,0.983,GBM,Glioblastoma,4,FALSE,ZH1019,0.00233333333333333,0.00169480552175762,0.003
zh1019t1,Reactive.Ast,1066,0.289505276406355,0.001,0.0572855828806593,410.841986461394,2.24953401786254e-09,0.235463973034824,0.001,0.260748334504401,0.0568436862152321,0.69,GBM,Glioblastoma,4,FALSE,ZH1019,0.00233333333333333,7.87336906251888e-09,0.003
zh1019t1,NPC,1066,0.0362019322943962,0.47,0.0472934785782091,485.01196643766,0.426335358250187,0.0786667345092089,0.066,0.214333272244465,0.0421596544179295,0,GBM,Glioblastoma,4,FALSE,ZH1019,0.506153846153846,0.459130385807893,0.132
zh1019t1,Inflammatory.Mac,1066,0.221952668509444,0.001,0.0656842476425134,240.69206216362,0.000522649252776953,,,0.0463501092522216,0.0548784734602624,1,GBM,Glioblastoma,4,FALSE,ZH1019,0.00233333333333333,0.00146341790777547,
zh1019t1,chromatin.reg,1066,-0.134429291137672,0.038,0.0657345404567638,220.889317998989,0.0459702571890142,-0.0552511284789868,0.3,-0.206406008938881,0.0614579836312083,0.871,GBM,Glioblastoma,4,FALSE,ZH1019,0.076,0.0919405143780283,0.327272727272727
zh1019t1,OPC,1066,0.0879124170233375,0.111,0.0532543244097689,310.028982077832,0.122426203598976,0.0613912430433383,0.205,0.325606170584794,0.0633525095880458,0,GBM,Glioblastoma,4,FALSE,ZH1019,0.172666666666667,0.190440761153962,0.3012
zh1019t1,AC,1066,0.031556222234156,0.612,0.0598015981149902,304.879031551097,0.583094809179964,0.0584877885718953,0.249,0.30328260182068,0.0744207658724647,0,GBM,Glioblastoma,4,FALSE,ZH1019,0.612,0.583094809179964,0.3012
zh8811a,Neuron,2362,0.09860826536993,0.293,0.0890543638824149,137.236799202538,0.25121223133109,0.0524242429292028,0.506,0.468487431424222,0.0580851317099808,0,GBM,Glioblastoma,4,FALSE,ZH881,0.315538461538462,0.319724658057751,0.552
zh8811a,Vasc,2362,0.39196605675206,0.001,0.0702893093602978,176.317830393213,7.25511875927671e-08,0.288920969017014,0.001,0.12924155289471,0.0554167164160531,1,GBM,Glioblastoma,4,FALSE,ZH881,0.002,2.03143325259748e-07,0.002
zh8811a,MES.Hyp,2362,0.136104378337382,0.157,0.0950604781434427,57.5016857410027,0.310514628266277,0.259799898316295,0.001,-0.0472220850025417,0.0999779155169482,0.955,GBM,Glioblastoma,4,FALSE,ZH881,0.2198,0.356467916229198,0.002
zh8811a,Mac,2362,0.652100053161701,0.001,0.102533703273789,86.1103539723523,1.00617908173676e-11,,,0.348457046953951,0.0548076044249652,1,GBM,Glioblastoma,4,FALSE,ZH881,0.002,4.69550238143822e-11,
zh8811a,Oligo,2362,0.155743016488679,0.062,0.0839564657171215,99.6131018991949,0.122531560080292,0.110737622033633,0.117,0.471230424169722,0.0697228547816491,0,GBM,Glioblastoma,4,FALSE,ZH881,0.0964444444444444,0.190604649013788,0.1755
zh8811a,MES,2362,0.645575309404484,0.001,0.108610388177186,106.357406601228,7.21232434878607e-14,0.430121584721108,0.001,0.424915339753018,0.0522750053246618,1,GBM,Glioblastoma,4,FALSE,ZH881,0.002,1.00972540883005e-12,0.002
zh8811a,Prolif.Metab,2362,0.045400480848299,0.223,0.0374192519725509,651.998753094779,0.247010797140207,0.0386510883279709,0.316,0.111145463367048,0.0219011540564237,0.001,GBM,Glioblastoma,4,FALSE,ZH881,0.260166666666667,0.319724658057751,0.421333333333333
zh8811a,MES.Ast,2362,0.55952967369514,0.001,0.104372807764731,80.2313249369686,6.5388688991463e-08,0.488799209486472,0.001,0.461232251964526,0.0720425726833878,0.906,GBM,Glioblastoma,4,FALSE,ZH881,0.002,2.03143325259748e-07,0.002
zh8811a,Reactive.Ast,2362,0.583409975071404,0.001,0.0906580296047747,126.410160016813,6.93302539608447e-13,0.36052736874229,0.001,0.533490566655054,0.0372962564908115,0.919,GBM,Glioblastoma,4,FALSE,ZH881,0.002,4.85311777725913e-12,0.002
zh8811a,NPC,2362,0.0267334617477239,0.755,0.0847149860164512,117.86673238537,0.773963857730502,-0.0426205514037903,0.575,0.378274462670497,0.0708323450425327,0,GBM,Glioblastoma,4,FALSE,ZH881,0.755,0.773963857730502,0.575
zh8811a,Inflammatory.Mac,2362,0.250032637583511,0.004,0.0878785907250745,82.2124924898457,0.0232974526858094,,,0.0184008164671998,0.0803983050659644,0.996,GBM,Glioblastoma,4,FALSE,ZH881,0.007,0.0407705422001664,
zh8811a,chromatin.reg,2362,-0.423697577289027,0.001,0.0995754024945374,99.8044460917448,1.14366967318813e-05,-0.390222409285661,0.001,-0.538106013543524,0.0327852938958473,0.998,GBM,Glioblastoma,4,FALSE,ZH881,0.002,2.6685625707723e-05,0.002
zh8811a,OPC,2362,0.123427389085344,0.194,0.0954888532875993,64.0519027519708,0.331005922212827,0.0598466981072061,0.469,0.500471430662364,0.0923624123411209,0.001,GBM,Glioblastoma,4,FALSE,ZH881,0.246909090909091,0.356467916229198,0.552
zh8811a,AC,2362,0.316962631058014,0.001,0.0962097881449565,83.8462813495416,0.00333701810841194,0.204440593589649,0.002,0.619649169090164,0.0678583786624278,0,GBM,Glioblastoma,4,FALSE,ZH881,0.002,0.00667403621682389,0.00342857142857143
zh8811b,Neuron,2479,0.169492243270415,0.064,0.0930381228959676,89.302152308057,0.111684952452109,0.110414047331554,0.041,0.524052030761995,0.0537587864543725,0,GBM,Glioblastoma,4,FALSE,ZH881,0.0896,0.142144484939047,0.0546666666666667
zh8811b,Vasc,2479,0.400618474914106,0.001,0.0788073605085917,143.354274683707,6.8998310035787e-07,0.306139676174162,0.001,0.0754996164699471,0.0557050486742168,1,GBM,Glioblastoma,4,FALSE,ZH881,0.00233333333333333,1.93195268100204e-06,0.00171428571428571
zh8811b,MES.Hyp,2479,0.0553775952396357,0.611,0.100623249371873,48.1573942142167,0.708042078358682,0.25054179541789,0.001,-0.216857171744056,0.0916687226034688,0.994,GBM,Glioblastoma,4,FALSE,ZH881,0.611,0.708042078358682,0.00171428571428571
zh8811b,Mac,2479,0.666907694863256,0.001,0.120989879424124,55.7335484910907,2.16958658268888e-08,,,0.419185591034424,0.0541163034797133,1,GBM,Glioblastoma,4,FALSE,ZH881,0.00233333333333333,1.01247373858814e-07,
zh8811b,Oligo,2479,0.215279249794157,0.051,0.111464011401869,55.9210498211287,0.11133143432601,0.151179400503792,0.017,0.54743936982303,0.0592236828056647,0,GBM,Glioblastoma,4,FALSE,ZH881,0.0793333333333333,0.142144484939047,0.0255
zh8811b,MES,2479,0.665507480178514,0.001,0.110602715700917,80.6722992627763,1.34569404222921e-11,0.438758959678233,0.001,0.433809771887806,0.0457199421208667,1,GBM,Glioblastoma,4,FALSE,ZH881,0.00233333333333333,1.8839716591209e-10,0.00171428571428571
zh8811b,Prolif.Metab,2479,0.0632925640254007,0.099,0.0379399981619918,763.703509418651,0.0804658291407399,0.0426995252628975,0.11,0.108924169880687,0.0178844847880628,0.002,GBM,Glioblastoma,4,FALSE,ZH881,0.1155,0.125169067552262,0.132
zh8811b,MES.Ast,2479,0.591428421849725,0.001,0.115030697716919,68.8586018645921,9.02323230630655e-08,0.531878857034504,0.001,0.43340379606933,0.0587116531123691,0.989,GBM,Glioblastoma,4,FALSE,ZH881,0.00233333333333333,3.15813130720729e-07,0.00171428571428571
zh8811b,Reactive.Ast,2479,0.666669690911846,0.001,0.109890357257766,71.3746203597562,1.96666743732854e-10,0.439286145624152,0.001,0.577324222564763,0.0361501684890296,0.998,GBM,Glioblastoma,4,FALSE,ZH881,0.00233333333333333,1.37666720612998e-09,0.00171428571428571
zh8811b,NPC,2479,0.0879452596731025,0.372,0.0912893835253582,79.2314843785878,0.440188199272729,-0.00904860364288295,0.866,0.431944933139568,0.0661268639015755,0,GBM,Glioblastoma,4,FALSE,ZH881,0.400615384615385,0.474048829986015,0.866
zh8811b,Inflammatory.Mac,2479,0.231270178291641,0.007,0.0853033213115967,66.3187444803057,0.0610616378894179,,,-0.0873838243424886,0.0740265933685531,1,GBM,Glioblastoma,4,FALSE,ZH881,0.01225,0.106857866306481,
zh8811b,chromatin.reg,2479,-0.370725878078692,0.001,0.109470330300242,61.1329609137526,0.0032349400959485,-0.322079281419133,0.001,-0.613195442333837,0.0389897530665118,1,GBM,Glioblastoma,4,FALSE,ZH881,0.00233333333333333,0.00754819355721317,0.00171428571428571
zh8811b,OPC,2479,0.217283993121561,0.085,0.128586198199104,42.7292603227847,0.16303328149546,0.0948910484297072,0.217,0.630578841133442,0.0762826649796821,0,GBM,Glioblastoma,4,FALSE,ZH881,0.108181818181818,0.190205495078036,0.236727272727273
zh8811b,AC,2479,0.368410106038446,0.002,0.12324788029047,48.9708080208001,0.0092197128174229,0.259853405520445,0.001,0.681467022870793,0.0613811103508691,0,GBM,Glioblastoma,4,FALSE,ZH881,0.004,0.0184394256348458,0.00171428571428571
zh8812,Neuron,1976,0.140725996880534,0.001,0.0374813602050231,1019.07815953203,6.50293926768001e-06,0.110176082910275,0.001,0.194388761891357,0.0245940326852623,0.012,GBM,Glioblastoma,4,FALSE,ZH881,0.0014,1.517352495792e-05,0.0015
zh8812,Vasc,1976,0.392816898738662,0.001,0.0864578460316139,79.704572516403,0.000321520217925063,0.175327271143859,0.001,0.170362243185497,0.0842812392386529,1,GBM,Glioblastoma,4,FALSE,ZH881,0.0014,0.00056266038136886,0.0015
zh8812,MES.Hyp,1976,0.434797231756989,0.001,0.0879552088555178,106.747043590848,2.95315562184024e-06,0.318290019329531,0.001,0.313398052793616,0.0493138404067383,0.997,GBM,Glioblastoma,4,FALSE,ZH881,0.0014,8.26883574115267e-06,0.0015
zh8812,Mac,1976,0.622535340571891,0.001,0.103983490966686,99.8460476864792,4.87092794939239e-12,,,0.279783896561016,0.0635154671850789,1,GBM,Glioblastoma,4,FALSE,ZH881,0.0014,2.27309970971645e-11,
zh8812,Oligo,1976,-0.190151874519169,0.05,0.0987310962280491,69.723641603698,0.11560972744047,-0.0219770482181394,0.683,0.0578581091297183,0.110533401399924,0.001,GBM,Glioblastoma,4,FALSE,ZH881,0.0636363636363636,0.147139653106053,0.683
zh8812,MES,1976,0.556397534462557,0.001,0.109274215313291,73.3910115449502,2.97153419793467e-07,0.424380762951908,0.001,0.426108799390005,0.0737249962572378,0.977,GBM,Glioblastoma,4,FALSE,ZH881,0.0014,1.04003696927713e-06,0.0015
zh8812,Prolif.Metab,1976,0.288297246054915,0.001,0.0774043688834237,144.003779905046,0.000458040541162149,0.165164298335127,0.001,0.311269217964296,0.0537824380027104,0.3,GBM,Glioblastoma,4,FALSE,ZH881,0.0014,0.000712507508474454,0.0015
zh8812,MES.Ast,1976,0.531232291847228,0.001,0.138534256711579,42.5655470569879,0.000266776394117856,0.383721729178477,0.001,0.39647814081353,0.0946069651006214,0.937,GBM,Glioblastoma,4,FALSE,ZH881,0.0014,0.000533552788235713,0.0015
zh8812,Reactive.Ast,1976,0.492471290893937,0.001,0.0783676403036215,235.447503098093,8.68227221600555e-16,0.390465264505058,0.001,0.409194675128742,0.0492997243756547,0.958,GBM,Glioblastoma,4,FALSE,ZH881,0.0014,1.21551811024078e-14,0.0015
zh8812,NPC,1976,-0.0652389587834624,0.255,0.0550041914116533,252.546632910387,0.301736675171989,0.0198827265384137,0.528,0.0952791650180354,0.0531249291528355,0,GBM,Glioblastoma,4,FALSE,ZH881,0.274615384615385,0.324947188646757,0.576
zh8812,Inflammatory.Mac,1976,0.271700972691445,0.001,0.0630867547667671,670.835831531096,8.11660241107525e-13,,,0.135111866558651,0.0374234197273183,0.999,GBM,Glioblastoma,4,FALSE,ZH881,0.0014,5.68162168775267e-12,
zh8812,chromatin.reg,1976,-0.0827104320619645,0.229,0.0661122369182298,277.052450678075,0.169803573621902,-0.0756597567945102,0.046,0.0182676529128531,0.0461401007696597,0.006,GBM,Glioblastoma,4,FALSE,ZH881,0.267166666666667,0.198104169225552,0.0552
zh8812,OPC,1976,0.0397429503732873,0.624,0.0683209312377381,291.383347158205,0.499192187972237,0.122960182410344,0.005,0.287779097772229,0.0547941100722063,0,GBM,Glioblastoma,4,FALSE,ZH881,0.624,0.499192187972237,0.00666666666666667
zh8812,AC,1976,0.385856080644287,0.001,0.0997183386308846,74.188620071057,0.00067453402902602,0.270028434129036,0.001,0.431982691978902,0.0829860105562743,0.258,GBM,Glioblastoma,4,FALSE,ZH881,0.0014,0.000944347640636428,0.0015
zh881inf,Neuron,1245,-0.211514428275765,0.048,0.117148051677228,114.963877310742,0.0232783936882552,-0.0577169025416749,0.322,-0.00426061560470981,0.0700895585123735,0,GBM,Glioblastoma,4,FALSE,ZH881,0.056,0.0271581259696311,0.3864
zh881inf,Vasc,1245,0.387707715231567,0.001,0.0783438216770165,224.456536989033,1.82118220117619e-09,0.163886755694999,0.001,0.251770634476655,0.0330985356022474,0.999,GBM,Glioblastoma,4,FALSE,ZH881,0.00127272727272727,8.49885027215554e-09,0.00133333333333333
zh881inf,MES.Hyp,1245,0.480847757466376,0.001,0.11283967672649,85.6460511677145,2.9237213660602e-06,0.317359995242556,0.001,0.417329680017299,0.0335637633492694,0.973,GBM,Glioblastoma,4,FALSE,ZH881,0.00127272727272727,5.84744273212041e-06,0.00133333333333333
zh881inf,Mac,1245,0.70130681609338,0.001,0.140430374379336,71.041030817012,9.5508256606864e-12,,,0.375682450921702,0.049077059927502,1,GBM,Glioblastoma,4,FALSE,ZH881,0.00127272727272727,1.3371155924961e-10,
zh881inf,Oligo,1245,0.488666566045861,0.001,0.144770585725842,51.2196944935705,0.000265817893890542,0.341991631835213,0.001,0.514605205235043,0.05819178690681,0.313,GBM,Glioblastoma,4,FALSE,ZH881,0.00127272727272727,0.000372145051446759,0.00133333333333333
zh881inf,MES,1245,0.635479072686642,0.001,0.137240662653197,69.4276743239618,3.98825784529946e-09,0.412588958238154,0.001,0.42450998450972,0.0524353908334487,1,GBM,Glioblastoma,4,FALSE,ZH881,0.00127272727272727,1.39589024585481e-08,0.00133333333333333
zh881inf,Prolif.Metab,1245,0.377320118593807,0.001,0.07616821719515,191.542611707636,7.10887259267058e-08,0.258853949182929,0.001,0.363255676574522,0.0277043541472347,0.716,GBM,Glioblastoma,4,FALSE,ZH881,0.00127272727272727,1.99048432594776e-07,0.00133333333333333
zh881inf,MES.Ast,1245,0.470661388597057,0.001,0.126894480551495,66.3121270213836,6.39274234238042e-05,0.300543017584178,0.001,0.36912872057799,0.0432771304034237,0.99,GBM,Glioblastoma,4,FALSE,ZH881,0.00127272727272727,9.9442658659251e-05,0.00133333333333333
zh881inf,Reactive.Ast,1245,0.7087974881047,0.001,0.147466337343136,57.0634916075833,6.7065937513819e-10,0.531786824458818,0.001,0.532031501445307,0.048941775489177,1,GBM,Glioblastoma,4,FALSE,ZH881,0.00127272727272727,4.69461562596733e-09,0.00133333333333333
zh881inf,NPC,1245,-0.109128513798277,0.224,0.0860154847160583,215.252908902903,0.11037093275006,0.0216041580882539,0.653,0.0889568616776873,0.0586838675904082,0,GBM,Glioblastoma,4,FALSE,ZH881,0.241230769230769,0.118861004500065,0.653
zh881inf,Inflammatory.Mac,1245,0.380444221994186,0.001,0.12155919471324,79.6679436974285,0.000513425123757854,,,0.299021048671631,0.0405688372845529,0.972,GBM,Glioblastoma,4,FALSE,ZH881,0.00127272727272727,0.000653450157509995,
zh881inf,chromatin.reg,1245,0.0493911216333965,0.443,0.0608251822215054,240.895830370645,0.445422132218732,0.0233453254464861,0.583,0.115930945485641,0.0307831983442767,0.008,GBM,Glioblastoma,4,FALSE,ZH881,0.443,0.445422132218732,0.636
zh881inf,OPC,1245,0.592535647004981,0.001,0.16180274894175,47.5501772983114,1.0102082690854e-05,0.44320573860056,0.001,0.571134798060997,0.050855097515702,0.629,GBM,Glioblastoma,4,FALSE,ZH881,0.00127272727272727,1.76786447089945e-05,0.00133333333333333
zh881inf,AC,1245,0.65506754156194,0.001,0.162352773112134,46.6162068092638,6.54509528321807e-07,0.49610341196015,0.001,0.563132419097711,0.0535242580420818,0.978,GBM,Glioblastoma,4,FALSE,ZH881,0.00127272727272727,1.52718889941755e-06,0.00133333333333333
zh881t1,Neuron,2609,-0.142756234839258,0.054,0.0737686659939789,174.414564706852,0.0599151927277183,-0.0349888001003316,0.378,0.424651140676705,0.0900918736462355,0,GBM,Glioblastoma,4,FALSE,ZH881,0.0756,0.0838812698188056,0.440727272727273
zh881t1,Vasc,2609,0.449631734590563,0.001,0.07874738402947,107.506254026669,1.1148196313551e-06,0.232896448483162,0.001,0.0109284772591325,0.0908291604447422,1,GBM,Glioblastoma,4,FALSE,ZH881,0.002,5.20249161299046e-06,0.002
zh881t1,MES.Hyp,2609,0.35281826767191,0.001,0.109817356039753,86.8805184526995,0.000809937691448626,0.291025943839355,0.001,0.0885542513171386,0.0771068161623923,0.998,GBM,Glioblastoma,4,FALSE,ZH881,0.002,0.00188985461338013,0.002
zh881t1,Mac,2609,0.718131559721643,0.001,0.0929397684161594,110.170763622123,9.83372814201797e-19,,,0.122013400581372,0.0747899781013507,1,GBM,Glioblastoma,4,FALSE,ZH881,0.002,1.37672193988252e-17,
zh881t1,Oligo,2609,0.0985491022606968,0.384,0.0966528811340988,111.851379259332,0.301574610694351,0.0528078841489374,0.404,0.0309194720178099,0.0603248302754,0.875,GBM,Glioblastoma,4,FALSE,ZH881,0.477,0.383822231792811,0.440727272727273
zh881t1,MES,2609,0.428729409352086,0.001,0.0583539772290699,252.42799500158,1.04172888117117e-12,0.272204436907991,0.001,0.135660007711146,0.0734078056633629,1,GBM,Glioblastoma,4,FALSE,ZH881,0.002,7.29210216819818e-12,0.002
zh881t1,Prolif.Metab,2609,0.0290694440261835,0.434,0.0365917455322903,519.943567378638,0.508359801837993,0.0833431506857736,0.001,0.299522328432117,0.028511189402925,0,GBM,Glioblastoma,4,FALSE,ZH881,0.477,0.547464401979377,0.002
zh881t1,MES.Ast,2609,0.366488739051638,0.001,0.100740977433781,85.2970387399279,0.000548486366253327,0.276494465249185,0.001,0.322398896806561,0.0667978854202637,0.743,GBM,Glioblastoma,4,FALSE,ZH881,0.002,0.00153576182550932,0.002
zh881t1,Reactive.Ast,2609,0.27498514061855,0.001,0.0940223735840146,120.161104825014,0.00235255129479129,0.166433837609951,0.001,0.0458272544597168,0.0650300389120092,0.999,GBM,Glioblastoma,4,FALSE,ZH881,0.002,0.00470510258958259,0.002
zh881t1,NPC,2609,-0.198805207510673,0.009,0.0815682392735064,135.185708650252,0.0207132437436168,-0.0531492389956171,0.204,0.428130421113708,0.100928764111195,0,GBM,Glioblastoma,4,FALSE,ZH881,0.01575,0.0322206013789595,0.306
zh881t1,Inflammatory.Mac,2609,0.437393878890366,0.001,0.109653888481174,88.8996174585689,1.83953046023703e-05,,,0.0472875847181683,0.0860112077829994,1,GBM,Glioblastoma,4,FALSE,ZH881,0.002,6.43835661082961e-05,
zh881t1,chromatin.reg,2609,-0.0438000907324883,0.477,0.0579359668017767,153.974889972149,0.589658733642135,-0.0639210164652199,0.064,-0.101862559458042,0.043837136989482,0.915,GBM,Glioblastoma,4,FALSE,ZH881,0.477,0.589658733642135,0.109714285714286
zh881t1,OPC,2609,-0.218521767215152,0.011,0.100923737059183,119.822166088211,0.0165764709042434,-0.0438832824913935,0.253,0.284285293118127,0.0768973369858792,0,GBM,Glioblastoma,4,FALSE,ZH881,0.0171111111111111,0.0290088240824259,0.337333333333333
zh881t1,AC,2609,-0.090676423915059,0.459,0.107550883184423,110.627798338027,0.344736573999905,-0.00111609278834153,0.987,0.184484502980992,0.0651891873698321,0,GBM,Glioblastoma,4,FALSE,ZH881,0.477,0.402192669666556,0.987
zh916bulk,Neuron,1983,-0.482137542207931,0.001,0.159948520877105,20.1561343790821,0.0305888610552222,-0.135656171833409,0.01,-0.289096406860461,0.11102762141684,0.022,GBM,Glioblastoma,4,FALSE,ZH916,0.00175,0.0475826727525678,0.0171428571428571
zh916bulk,Vasc,1983,0.222679532084443,0.008,0.0881265386700587,128.621282497151,0.0113198125103706,0.083940741715185,0.131,0.0736111069714807,0.0649879735452121,0.985,GBM,Glioblastoma,4,FALSE,ZH916,0.0124444444444444,0.0264128958575313,0.1572
zh916bulk,MES.Hyp,1983,0.516769601767528,0.001,0.180493868243907,18.0790391235905,0.0277011212027208,0.245660586135986,0.001,0.386956550552952,0.0987890799403812,0.925,GBM,Glioblastoma,4,FALSE,ZH916,0.00175,0.0475826727525678,0.0024
zh916bulk,Mac,1983,0.670260331169915,0.001,0.0970273239861286,66.3032064016517,6.81541313709011e-10,,,0.291002509739882,0.0511272601017207,1,GBM,Glioblastoma,4,FALSE,ZH916,0.00175,9.54157839192615e-09,
zh916bulk,Oligo,1983,-0.140017255552234,0.393,0.144417694509939,26.1537809847363,0.493698706514751,0.0233326003390839,0.764,-0.0184414924719824,0.0736280730282599,0.034,GBM,Glioblastoma,4,FALSE,ZH916,0.4585,0.575981824267209,0.764
zh916bulk,MES,1983,0.506725416711201,0.001,0.150733336350284,35.3462524069269,0.00179133874729173,0.411846641169525,0.001,0.570657958376531,0.0610178814696614,0.145,GBM,Glioblastoma,4,FALSE,ZH916,0.00175,0.0125393712310421,0.0024
zh916bulk,Prolif.Metab,1983,0.244525863345863,0.001,0.0800090240794762,132.745945900666,0.00459949922624511,0.192178493764009,0.001,0.372927266544787,0.0257897625597629,0,GBM,Glioblastoma,4,FALSE,ZH916,0.00175,0.0170160665649349,0.0024
zh916bulk,MES.Ast,1983,0.619894329535836,0.001,0.176992096999597,18.8249696470813,0.0048617333042671,0.378598415590441,0.001,0.669532039344182,0.0730245276160879,0.237,GBM,Glioblastoma,4,FALSE,ZH916,0.00175,0.0170160665649349,0.0024
zh916bulk,Reactive.Ast,1983,0.212161345274402,0.053,0.113446608725362,70.6705646003853,0.076398405145784,0.257765233720982,0.001,0.454706406791262,0.062311297197049,0,GBM,Glioblastoma,4,FALSE,ZH916,0.0742,0.106957767204098,0.0024
zh916bulk,NPC,1983,-0.462308808201077,0.001,0.153107910835084,21.9576578399318,0.0304691788387883,-0.132034389927836,0.006,-0.259372893612497,0.108449870953564,0.014,GBM,Glioblastoma,4,FALSE,ZH916,0.00175,0.0475826727525678,0.012
zh916bulk,Inflammatory.Mac,1983,0.616620344756353,0.001,0.171550008696897,17.3523476646441,0.00762823760067811,,,0.438511936923549,0.096040778627654,0.982,GBM,Glioblastoma,4,FALSE,ZH916,0.00175,0.0213590652818987,
zh916bulk,chromatin.reg,1983,-0.218956742140823,0.074,0.129663856723821,37.2783738620454,0.191125951569419,-0.0402856334858333,0.379,-0.292226082993107,0.0581309436485601,0.884,GBM,Glioblastoma,4,FALSE,ZH916,0.0941818181818182,0.243251211088351,0.413454545454545
zh916bulk,OPC,1983,0.0140355240448437,0.918,0.124558750455856,56.896220405804,0.917546621059859,0.147704435388442,0.032,0.289498708199771,0.0846055747759742,0,GBM,Glioblastoma,4,FALSE,ZH916,0.918,0.917546621059859,0.048
zh916bulk,AC,1983,0.0612115145702933,0.658,0.134712751623865,52.1807451214015,0.665840769351489,0.142740652103641,0.049,0.394517909033388,0.0815474825086644,0,GBM,Glioblastoma,4,FALSE,ZH916,0.708615384615385,0.717059290070834,0.0653333333333333
zh916inf,Neuron,1258,-0.193292273896206,0.004,0.0827794191741353,145.812129615564,0.0194890053100022,0.0437854159606648,0.385,0.191179275735669,0.144421295903866,0.003,GBM,Glioblastoma,4,FALSE,ZH916,0.0056,0.0248041885763664,0.42
zh916inf,Vasc,1258,0.243445062780153,0.001,0.0357908170036228,999.098452292747,6.04567483394655e-15,0.141925502773216,0.001,0.0468308486589519,0.0404178851151349,1,GBM,Glioblastoma,4,FALSE,ZH916,0.00155555555555556,2.82131492250839e-14,0.00133333333333333
zh916inf,MES.Hyp,1258,0.205600617597974,0.001,0.0458674213404974,728.30347953639,2.15646434024887e-08,0.25799537264271,0.001,0.278555634737965,0.0468833336068757,0.067,GBM,Glioblastoma,4,FALSE,ZH916,0.00155555555555556,4.31292868049773e-08,0.00133333333333333
zh916inf,Mac,1258,0.453443468929986,0.001,0.0669882798519794,236.111646189213,2.24755447036791e-13,,,-0.0247967580808626,0.0995186390602585,1,GBM,Glioblastoma,4,FALSE,ZH916,0.00155555555555556,7.86644064628768e-13,
zh916inf,Oligo,1258,0.357644643697284,0.001,0.0933853739774682,170.99782063111,1.56870179825901e-06,0.225585219863252,0.001,0.217545587074748,0.13372907773703,0.853,GBM,Glioblastoma,4,FALSE,ZH916,0.00155555555555556,2.74522814695326e-06,0.00133333333333333
zh916inf,MES,1258,0.309246924617907,0.001,0.045936353419929,674.027800531347,2.10374963128223e-16,0.244389300189115,0.001,0.114915927917489,0.0574274385541571,0.998,GBM,Glioblastoma,4,FALSE,ZH916,0.00155555555555556,1.47262474189756e-15,0.00133333333333333
zh916inf,Prolif.Metab,1258,0.151630164847378,0.001,0.0448585469827797,656.187197396574,9.64537498296876e-05,0.176833033301858,0.001,0.245774395934256,0.0357363650177882,0.005,GBM,Glioblastoma,4,FALSE,ZH916,0.00155555555555556,0.000150039166401736,0.00133333333333333
zh916inf,MES.Ast,1258,0.11027305823104,0.024,0.0498389985701613,580.244483437127,0.00784495183780579,0.189965735129052,0.001,0.155893411795239,0.0632027790896322,0.239,GBM,Glioblastoma,4,FALSE,ZH916,0.0305454545454545,0.0109829325729281,0.00133333333333333
zh916inf,Reactive.Ast,1258,0.411329525852938,0.001,0.0427070319371071,694.935626062151,9.41472161394114e-30,0.40483459661245,0.001,0.261457507926991,0.0534921491216695,0.995,GBM,Glioblastoma,4,FALSE,ZH916,0.00155555555555556,1.31806102595176e-28,0.00133333333333333
zh916inf,NPC,1258,-0.142152789617172,0.05,0.0756285516031545,171.940581455742,0.0629061983046284,0.0779072230065489,0.103,0.2397299680733,0.128093910117773,0,GBM,Glioblastoma,4,FALSE,ZH916,0.0583333333333333,0.0733905646887332,0.1236
zh916inf,Inflammatory.Mac,1258,-0.0212365645958381,0.796,0.0754726065844324,207.504154626088,0.761052339028486,,,0.00796090541629999,0.0538638956848155,0.304,GBM,Glioblastoma,4,FALSE,ZH916,0.796,0.761052339028486,
zh916inf,chromatin.reg,1258,0.0566097994694137,0.139,0.0380965516640076,804.790095052187,0.108550107650382,-0.016559268894513,0.623,0.00604658218168241,0.0467344932372071,0.859,GBM,Glioblastoma,4,FALSE,ZH916,0.149692307692308,0.116900115931181,0.623
zh916inf,OPC,1258,0.388266451040899,0.001,0.0760359590499932,268.359325651866,4.36421270699795e-11,0.322220281337791,0.001,0.29727694446444,0.089445364452133,0.846,GBM,Glioblastoma,4,FALSE,ZH916,0.00155555555555556,1.22197955795943e-10,0.00133333333333333
zh916inf,AC,1258,0.271329022213316,0.001,0.0483682542768526,448.600565167505,5.19854663149051e-09,0.320357594504651,0.001,0.322975703694376,0.0550544611942398,0.161,GBM,Glioblastoma,4,FALSE,ZH916,0.00155555555555556,1.21299421401445e-08,0.00133333333333333
zh916t1,Neuron,2510,0.149699185621765,0.024,0.0700241052365379,81.0042663278528,0.182230633474493,0.153343267044756,0.001,0.276070986599893,0.0278541631414018,0,GBM,Glioblastoma,4,FALSE,ZH916,0.0258461538461538,0.231929897149355,0.0015
zh916t1,Vasc,2510,0.384279167703351,0.001,0.140055105868178,25.0214291175061,0.0577632907853994,0.308768263189944,0.001,0.184344385273876,0.101303628456897,0.964,GBM,Glioblastoma,4,FALSE,ZH916,0.00155555555555556,0.0837440795658544,0.0015
zh916t1,MES.Hyp,2510,0.379762084012149,0.001,0.115989595853563,40.9198944805743,0.0144274584897092,0.324971020391284,0.001,0.403092582631175,0.0471135778074619,0.307,GBM,Glioblastoma,4,FALSE,ZH916,0.00155555555555556,0.0336640698093215,0.0015
zh916t1,Mac,2510,0.799403446695046,0.001,0.158861072406005,16.1503824651273,0.000186570579220454,,,0.527665198477471,0.0448897243974486,1,GBM,Glioblastoma,4,FALSE,ZH916,0.00155555555555556,0.00261198810908635,
zh916t1,Oligo,2510,0.431280750318813,0.001,0.125764206463098,26.9693943091607,0.0247887745289555,0.164581647699136,0.001,0.364578913111836,0.0290271750303197,0.98,GBM,Glioblastoma,4,FALSE,ZH916,0.00155555555555556,0.049577549057911,0.0015
zh916t1,MES,2510,0.564006806336772,0.001,0.134317047460635,31.5334955369957,0.000852170347162289,0.356226585871752,0.001,0.701612368477438,0.0508772753258299,0.014,GBM,Glioblastoma,4,FALSE,ZH916,0.00155555555555556,0.00397679495342401,0.0015
zh916t1,Prolif.Metab,2510,0.444611164192312,0.001,0.114403984609017,33.169343467688,0.00933421829671154,0.290719952896423,0.001,0.525484815866473,0.0152159660640108,0,GBM,Glioblastoma,4,FALSE,ZH916,0.00155555555555556,0.0261358112307923,0.0015
zh916t1,MES.Ast,2510,0.531393274312614,0.001,0.136463017839642,27.0807977265108,0.00427653497910582,0.385867210137332,0.001,0.709726716009046,0.049312683974685,0.001,GBM,Glioblastoma,4,FALSE,ZH916,0.00155555555555556,0.0149678724268704,0.0015
zh916t1,Reactive.Ast,2510,0.477261222119575,0.001,0.144296081997104,16.1848886812299,0.059817199689896,0.240678895033933,0.001,0.654289684824823,0.0660387207181826,0.006,GBM,Glioblastoma,4,FALSE,ZH916,0.00155555555555556,0.0837440795658544,0.0015
zh916t1,NPC,2510,0.0120377394192955,0.873,0.0611586168212958,85.4914552130108,0.912672400247248,0.0788648230435711,0.056,0.147025230902439,0.0354407659327352,0,GBM,Glioblastoma,4,FALSE,ZH916,0.873,0.912672400247248,0.0684
zh916t1,Inflammatory.Mac,2510,0.432101414921778,0.001,0.101718298046584,60.7467148666436,0.000520697565430496,,,0.397016179512984,0.0442020784894602,0.775,GBM,Glioblastoma,4,FALSE,ZH916,0.00155555555555556,0.00364488295801347,
zh916t1,chromatin.reg,2510,-0.232603169307085,0.009,0.0962284965409385,74.1101255267757,0.0459510264231283,-0.149443724782477,0.057,-0.295724181804379,0.0396573060493859,0.935,GBM,Glioblastoma,4,FALSE,ZH916,0.0105,0.0804142962404746,0.0684
zh916t1,OPC,2510,0.291325882683451,0.006,0.117430426620683,18.4248677442155,0.234493119528492,0.134545376150905,0.064,0.513653760881567,0.0698525663627315,0.002,GBM,Glioblastoma,4,FALSE,ZH916,0.0084,0.273575306116574,0.0698181818181818
zh916t1,AC,2510,0.292991228390878,0.008,0.124132358905304,16.5050876483504,0.262002568873491,0.111452212687095,0.192,0.541170872506514,0.0799032476945445,0.002,GBM,Glioblastoma,4,FALSE,ZH916,0.0101818181818182,0.282156612632991,0.192
