sample_id,cohort,frac_hot_in_malignant,frac_rest_in_malignant,OR_malignant,p,n_hot,q
bwh23,IDHm,1,1,0,1,56,1
bwh24,IDHm,0.674418604651163,0.652204585537919,1.10458610162979,0.872252659612894,43,1
bwh25,IDHm,0.958333333333333,0.727004426955239,8.63201030565576,5.15494386569729e-14,168,3.26479778160828e-13
bwh28,IDHm,0.0178571428571429,0.0879494655004859,0.18862803200948,0.0852460712741999,56,0.16196753542098
bwh35,IDHm,0,0.133000831255195,0,1,6,1
mgh258,GBM,0.811688311688312,0.943137254901961,0.260116686576853,7.42581754136516e-08,154,3.52726333214845e-07
mgh259,IDHm,0.731034482758621,0.977175463623395,0.0636357601247902,3.33331206001837e-46,290,6.33329291403491e-45
zh1007inf,GBM,0.939698492462312,0.897033158813264,1.78805414889591,0.0680972046968195,199,0.143760765471063
zh1007nec,GBM,1,0.99642431466031,Inf,1,37,1
zh1019inf,GBM,1,0.934883720930232,Inf,3.78709503276299e-05,170,0.000143909611244994
zh1019t1,GBM,1,1,0,1,45,1
zh8811a,GBM,1,0.99526963103122,Inf,0.612316728808756,248,0.96950148728053
zh8811b,GBM,1,0.997222222222222,Inf,1,319,1
zh8812,GBM,0.858333333333333,0.397090517241379,9.18811303545716,8.20249984960806e-24,120,7.79237485712766e-23
zh881inf,GBM,0,0.00712377560106857,0,1,122,1
zh881t1,GBM,0.970588235294118,0.991564740615774,0.280953371572874,0.00869946855035776,238,0.0206612378070997
zh916bulk,GBM,0.898395721925134,0.78619153674833,2.40369273488643,0.000173144147428486,187,0.000548289800190204
zh916inf,GBM,0.05,0.0258481421647819,1.98206277135872,0.414774513786039,20,0.71642870563043
zh916t1,GBM,0.788300835654596,0.854951185495118,0.631880567893375,0.00202075356876513,359,0.00548490254379107
