sample_id,pair,S,z,p_pos,p_neg,cohort,histology,who_grade,is_LGG,patient,q_pos
bwh23,MHCII-CD4,-0.00747919459937743,-0.477154440062702,0.672,0.33,IDHm,Oligodendroglioma,3,TRUE,BWH23,0.672
bwh23,LGALS9-HAVCR2,0.0199455441862861,1.49988668938353,0.072,0.93,IDHm,Oligodendroglioma,3,TRUE,BWH23,0.108
bwh23,SPP1-CD44,0.406604389815505,3.98627261347366,0.002,1,IDHm,Oligodendroglioma,3,TRUE,BWH23,0.006
bwh24,MHCII-CD4,0.0187202765990563,1.74186535980289,0.046,0.956,IDHm,Astrocytoma,4,FALSE,BWH24,0.23
bwh24,LGALS9-HAVCR2,-0.0157159777456677,-2.04130014980888,0.976,0.026,IDHm,Astrocytoma,4,FALSE,BWH24,0.994
bwh24,CD48-CD2,0.00754668856378741,1.03248415591294,0.164,0.838,IDHm,Astrocytoma,4,FALSE,BWH24,0.41
bwh24,CD48-CD244,0.00139964834542506,0.216546293491281,0.42,0.582,IDHm,Astrocytoma,4,FALSE,BWH24,0.7
bwh24,SPP1-CD44,-0.0545270346533216,-2.50338177612316,0.994,0.008,IDHm,Astrocytoma,4,FALSE,BWH24,0.994
bwh25,MHCII-CD4,-0.0040970685555706,-0.476977587544315,0.706,0.296,IDHm,Astrocytoma,4,FALSE,BWH25,0.99
bwh25,LGALS9-HAVCR2,0.00361075860976749,0.364850627132773,0.354,0.648,IDHm,Astrocytoma,4,FALSE,BWH25,0.99
bwh25,SPP1-CD44,-0.100103243016897,-2.11651397788074,0.99,0.012,IDHm,Astrocytoma,4,FALSE,BWH25,0.99
bwh28,MHCII-CD4,-2.49149596460628e-05,-0.0320995783301222,0.52,0.482,IDHm,Astrocytoma,2,TRUE,BWH28,0.688
bwh28,LGALS9-HAVCR2,-0.00406566654100163,-0.525748698085795,0.688,0.314,IDHm,Astrocytoma,2,TRUE,BWH28,0.688
bwh28,SPP1-CD44,0.0370804283813173,2.66606141430283,0.01,0.992,IDHm,Astrocytoma,2,TRUE,BWH28,0.03
bwh35,MHCII-CD4,-0.0227337282241153,-1.76242398322989,0.964,0.038,IDHm,Oligodendroglioma,2,TRUE,BWH35,0.964
bwh35,LGALS9-HAVCR2,-0.00407288530869867,-0.422665488353157,0.676,0.326,IDHm,Oligodendroglioma,2,TRUE,BWH35,0.964
bwh35,SPP1-CD44,0.030578201590291,1.66722661503877,0.05,0.952,IDHm,Oligodendroglioma,2,TRUE,BWH35,0.15
mgh258,MHCII-CD4,0.00431083725857382,0.501894466652245,0.308,0.694,GBM,Glioblastoma,4,FALSE,MGH258,0.410666666666667
mgh258,LGALS9-HAVCR2,-0.00965957122247734,-1.0506454106621,0.846,0.156,GBM,Glioblastoma,4,FALSE,MGH258,0.846
mgh258,CD48-CD2,0.0128803888390758,1.50604311623999,0.068,0.934,GBM,Glioblastoma,4,FALSE,MGH258,0.136
mgh258,SPP1-CD44,0.0763359548033883,2.06954596235681,0.004,0.998,GBM,Glioblastoma,4,FALSE,MGH258,0.016
mgh259,MHCII-CD4,0.00783697728099638,1.00229930569324,0.156,0.846,IDHm,Oligodendroglioma,3,TRUE,MGH259,0.156
mgh259,LGALS9-HAVCR2,0.0169772171236767,2.42196724158336,0.01,0.992,IDHm,Oligodendroglioma,3,TRUE,MGH259,0.024
mgh259,SPP1-CD44,0.0236480133278477,2.22592677330347,0.016,0.986,IDHm,Oligodendroglioma,3,TRUE,MGH259,0.024
zh1007inf,MHCII-CD4,0.00370681907638822,0.251968063815407,0.402,0.6,GBM,Glioblastoma,4,FALSE,ZH1007,0.632
zh1007inf,LGALS9-HAVCR2,-0.00364551145353078,-0.352651780581154,0.64,0.362,GBM,Glioblastoma,4,FALSE,ZH1007,0.64
zh1007inf,CD48-CD2,0.000419397881437235,0.0166637235191558,0.474,0.528,GBM,Glioblastoma,4,FALSE,ZH1007,0.632
zh1007inf,SPP1-CD44,0.0359705569391436,1.19242867068014,0.136,0.866,GBM,Glioblastoma,4,FALSE,ZH1007,0.544
zh1007nec,MHCII-CD4,0.0165158066136936,0.484281027669101,0.338,0.664,GBM,Glioblastoma,4,FALSE,ZH1007,0.338
zh1007nec,CD80-CD28,0.0233055430422195,1.38894129520169,0.088,0.914,GBM,Glioblastoma,4,FALSE,ZH1007,0.22
zh1007nec,CD86-CD28,0.00647643766070654,0.54017694712309,0.302,0.7,GBM,Glioblastoma,4,FALSE,ZH1007,0.338
zh1007nec,LGALS9-HAVCR2,0.00616783575929747,0.442833326545091,0.318,0.684,GBM,Glioblastoma,4,FALSE,ZH1007,0.338
zh1007nec,SPP1-CD44,0.129357103028138,2.29899146396474,0.004,0.998,GBM,Glioblastoma,4,FALSE,ZH1007,0.02
zh1019inf,MHCII-CD4,0.017061049811227,1.31029131616992,0.096,0.906,GBM,Glioblastoma,4,FALSE,ZH1019,0.288
zh1019inf,LGALS9-HAVCR2,0.00159334610269056,0.229193147475156,0.41,0.592,GBM,Glioblastoma,4,FALSE,ZH1019,0.41
zh1019inf,SPP1-CD44,0.0389714111582463,0.496562344880338,0.38,0.622,GBM,Glioblastoma,4,FALSE,ZH1019,0.41
zh1019t1,MHCII-CD4,0.00844679869216927,0.425298697624776,0.336,0.666,GBM,Glioblastoma,4,FALSE,ZH1019,0.795
zh1019t1,LGALS9-HAVCR2,-0.0003940247487899,-0.0308578550243706,0.53,0.472,GBM,Glioblastoma,4,FALSE,ZH1019,0.795
zh1019t1,SPP1-CD44,-0.0422231364621778,-1.2592307810801,0.89,0.112,GBM,Glioblastoma,4,FALSE,ZH1019,0.89
zh8811a,MHCII-CD4,0.0291455216304665,1.64903531707604,0.054,0.948,GBM,Glioblastoma,4,FALSE,ZH881,0.054
zh8811a,LGALS9-HAVCR2,0.0154828604994223,1.64512747174267,0.054,0.948,GBM,Glioblastoma,4,FALSE,ZH881,0.054
zh8811a,SPP1-CD44,0.202375231870879,3.42687035299178,0.002,1,GBM,Glioblastoma,4,FALSE,ZH881,0.006
zh8811b,MHCII-CD4,0.0399815821902438,2.59264777815155,0.002,1,GBM,Glioblastoma,4,FALSE,ZH881,0.003
zh8811b,LGALS9-HAVCR2,0.00236420906391416,0.291425892988494,0.384,0.618,GBM,Glioblastoma,4,FALSE,ZH881,0.384
zh8811b,SPP1-CD44,0.174845416368741,3.251026517622,0.002,1,GBM,Glioblastoma,4,FALSE,ZH881,0.003
zh8812,MHCII-CD4,0.00431813421357337,0.532101998821814,0.302,0.7,GBM,Glioblastoma,4,FALSE,ZH881,0.38
zh8812,LGALS9-HAVCR2,0.00309723195880672,0.326662540423786,0.38,0.622,GBM,Glioblastoma,4,FALSE,ZH881,0.38
zh8812,SPP1-CD44,0.0397030353422668,1.58684393408344,0.062,0.94,GBM,Glioblastoma,4,FALSE,ZH881,0.186
zh881inf,MHCII-CD4,0.00654816566985913,0.609408122423951,0.274,0.728,GBM,Glioblastoma,4,FALSE,ZH881,0.411
zh881inf,LGALS9-HAVCR2,0.0251902789870192,2.10359564473189,0.02,0.982,GBM,Glioblastoma,4,FALSE,ZH881,0.06
zh881inf,SPP1-CD44,0.00144659185453605,0.00952313327340179,0.478,0.524,GBM,Glioblastoma,4,FALSE,ZH881,0.478
zh881t1,MHCII-CD4,0.0427280232814124,3.04491983321031,0.002,1,GBM,Glioblastoma,4,FALSE,ZH881,0.006
zh881t1,LGALS9-HAVCR2,0.00668335908898485,0.88929351797267,0.194,0.808,GBM,Glioblastoma,4,FALSE,ZH881,0.194
zh881t1,SPP1-CD44,0.0657622766659057,2.05224174539393,0.01,0.992,GBM,Glioblastoma,4,FALSE,ZH881,0.015
zh916bulk,MHCII-CD4,0.0372886432647593,1.18971571689745,0.13,0.872,GBM,Glioblastoma,4,FALSE,ZH916,0.26
zh916bulk,CD80-CD28,-0.00383497795828666,-0.529563532352751,0.69,0.312,GBM,Glioblastoma,4,FALSE,ZH916,0.738
zh916bulk,CD86-CD28,0.00758816914020542,0.80946044143078,0.2,0.802,GBM,Glioblastoma,4,FALSE,ZH916,0.32
zh916bulk,CD274-PDCD1,-0.00772753972789508,-0.682115513567087,0.738,0.264,GBM,Glioblastoma,4,FALSE,ZH916,0.738
zh916bulk,PDCD1LG2-PDCD1,0.0118010818308784,1.08471825591563,0.128,0.874,GBM,Glioblastoma,4,FALSE,ZH916,0.26
zh916bulk,LGALS9-HAVCR2,-0.0020478473144468,-0.178006454996391,0.564,0.438,GBM,Glioblastoma,4,FALSE,ZH916,0.738
zh916bulk,CD48-CD2,0.0278604138266596,1.95260481924835,0.022,0.98,GBM,Glioblastoma,4,FALSE,ZH916,0.088
zh916bulk,SPP1-CD44,0.329917975609403,2.08294224706004,0.002,1,GBM,Glioblastoma,4,FALSE,ZH916,0.016
zh916inf,MHCII-CD4,0.000523297130339211,0.0882213892586468,0.456,0.546,GBM,Glioblastoma,4,FALSE,ZH916,0.684
zh916inf,LGALS9-HAVCR2,-0.024119883166098,-2.26696650769501,0.99,0.012,GBM,Glioblastoma,4,FALSE,ZH916,0.99
zh916inf,SPP1-CD44,0.0680545406711458,3.18512793838834,0.002,1,GBM,Glioblastoma,4,FALSE,ZH916,0.006
zh916t1,MHCII-CD4,0.0416225401709493,2.26237367408805,0.012,0.99,GBM,Glioblastoma,4,FALSE,ZH916,0.054
zh916t1,CD80-CD28,0.00394631080863276,0.470726706474743,0.306,0.696,GBM,Glioblastoma,4,FALSE,ZH916,0.5508
zh916t1,CD86-CD28,-0.005358137512529,-0.650370351501698,0.758,0.244,GBM,Glioblastoma,4,FALSE,ZH916,0.85275
zh916t1,CD274-PDCD1,0.00910140092992738,0.664733041426879,0.268,0.734,GBM,Glioblastoma,4,FALSE,ZH916,0.5508
zh916t1,PDCD1LG2-PDCD1,-0.00976579342184888,-1.09566926659873,0.862,0.14,GBM,Glioblastoma,4,FALSE,ZH916,0.862
zh916t1,LGALS9-HAVCR2,-0.0039015455955187,-0.396500843371125,0.662,0.34,GBM,Glioblastoma,4,FALSE,ZH916,0.85275
zh916t1,CD48-CD2,0.0193592010259022,1.99953924733225,0.028,0.974,GBM,Glioblastoma,4,FALSE,ZH916,0.084
zh916t1,CD48-CD244,-0.00431160472084528,-0.479184978601445,0.68,0.322,GBM,Glioblastoma,4,FALSE,ZH916,0.85275
zh916t1,SPP1-CD44,0.215793866851448,4.17720446288181,0.002,1,GBM,Glioblastoma,4,FALSE,ZH916,0.018
