niche,tset,cohort,k,median_log2_ratio,n_enriched,stouffer_z,total_umi,p,q
C1b,T_all,IDHm,5,0.476205808403773,1,1.95213971072465,352,0.0254608098423072,0.0509216196846144
C1b,CD4_T,IDHm,2,0.339201571515711,0,0.957600741370383,73,0.169132062594207,0.225509416792277
C1b,CD8_T,IDHm,3,0.789965081006033,2,2.45358176738402,309,0.00707206894316786,0.0282882757726714
C1b,Treg,IDHm,1,-0.924578246855691,0,-1.02429850113113,27,0.847152847152847,0.847152847152847
APC,T_all,IDHm,2,0.849031967549021,0,1.32578199380717,53,0.0924559594718395,0.0924559594718395
APC,CD8_T,IDHm,1,1.8220152481541,0,1.49902890387327,24,0.0669330669330669,0.0924559594718395
C1b,T_all,LGG,3,0.114589654541622,0,0.709154868638557,70,0.239114188363327,0.239114188363327
C1b,CD8_T,LGG,1,1.35427589749323,1,1.66504340807147,24,0.047952047952048,0.095904095904096
APC,T_all,LGG,2,0.849031967549021,0,1.32578199380717,53,0.0924559594718395,0.0924559594718395
APC,CD8_T,LGG,1,1.8220152481541,0,1.49902890387327,24,0.0669330669330669,0.0924559594718395
C1b,T_all,GBM,13,0.0162715300714581,1,1.89161279519427,1979,0.0292712949188628,0.0292712949188628
C1b,CD4_T,GBM,8,0.098798656546282,2,1.96412498399932,771,0.0247577997599001,0.0292712949188628
C1b,CD8_T,GBM,11,0.27756351333465,2,1.96401253163304,1427,0.0247643193280998,0.0292712949188628
C1b,Treg,GBM,7,0.31578156081955,4,3.80405837426005,977,7.11723065844848e-05,0.000284689226337939
APC,T_all,GBM,8,0.565468444680203,1,2.50263273903578,1619,0.00616366947295269,0.0246546778918107
APC,CD8_T,GBM,8,0.738410864198271,0,1.50051269626852,1208,0.0667408236107162,0.133481647221432
APC,Treg,GBM,7,0.0365960456990364,0,-0.0020774944211666,977,0.500828799765721,0.500828799765721
APC,CD4_T,GBM,5,-0.0903994027018754,1,0.596345059810892,692,0.275472367426864,0.367296489902486
