source,target,zone,cohort,k,stouffer_z,n_enriched,n_depleted,p,q
C1b,T_cell,inside,IDHm,6,2.25435156896184,1,0,0.0241740595157074,0.0362610892735611
C1b,T_cell,ring,IDHm,6,2.4448861756769,1,0,0.0144897863813516,0.0579591455254066
C1b,Endothelial,inside,IDHm,6,4.2895041609243,2,0,1.79072458650787e-05,4.29773900761889e-05
C1b,Endothelial,ring,IDHm,6,-0.136402699144842,0,0,0.891502940013733,0.972548661833163
C1b,Pericyte,inside,IDHm,6,7.28027327293487,2,0,3.33144640484475e-13,3.9977356858137e-12
C1b,Pericyte,ring,IDHm,6,0.0100259642597729,0,0,0.992000571927221,0.992000571927221
C1b,IFN_response,inside,IDHm,6,2.07845185353632,2,0,0.037667761013903,0.0452013132166836
C1b,IFN_response,ring,IDHm,6,0.44858727061623,0,0,0.653729418166057,0.784475301799268
C1b,Hypoxia,inside,IDHm,6,1.33490472313576,1,0,0.181907531748244,0.181907531748244
C1b,Hypoxia,ring,IDHm,6,1.16096922376907,1,0,0.245654415456147,0.327539220608196
C1b,Inflammation,inside,IDHm,6,6.38446506873243,4,0,1.71997636587182e-10,1.03198581952309e-09
C1b,Inflammation,ring,IDHm,6,2.59278723795527,2,0,0.00952016457597742,0.0571209874558645
C1b,TAM_microglia,inside,IDHm,6,3.63324742019443,3,0,0.000279876408939513,0.000479788129610594
C1b,TAM_microglia,ring,IDHm,6,-1.17650755170807,1,1,0.239392116512282,0.327539220608196
C1b,TAM_monocyte,inside,IDHm,6,-2.16441725511583,0,1,0.0304323407272719,0.0405764543030293
C1b,TAM_monocyte,ring,IDHm,6,-2.11173114719543,0,1,0.0347095158713003,0.0873680701233648
C1b,TAM_SPP1_lipid,inside,IDHm,6,6.12075813780017,3,0,9.31311750100747e-10,3.72524700040299e-09
C1b,TAM_SPP1_lipid,ring,IDHm,6,3.2884319636496,1,0,0.00100747131682165,0.0120896558018598
C1b,TAM_C1Q,inside,IDHm,6,3.8914224028185,2,0,9.96582622207964e-05,0.000199316524441593
C1b,TAM_C1Q,ring,IDHm,6,1.43906085570254,1,0,0.150133281413738,0.257371339566408
C1b,IFNG_response,inside,IDHm,6,5.50909475568169,3,0,3.60683722952976e-08,1.08205116885893e-07
C1b,IFNG_response,ring,IDHm,6,1.60416405628954,0,0,0.108677895308968,0.217355790617937
C1b,Malignant_CNA,inside,IDHm,6,-1.55011246882395,0,1,0.121114523814628,0.132124935070503
C1b,Malignant_CNA,ring,IDHm,6,2.0923931332875,2,0,0.036403362551402,0.0873680701233648
nonMHC,T_cell,inside,IDHm,3,0.555196916396857,0,0,0.578759977864292,0.69451197343715
nonMHC,T_cell,ring,IDHm,3,2.71618844135491,1,0,0.00660383183237032,0.0264153273294813
nonMHC,Endothelial,inside,IDHm,3,2.08111390140097,0,0,0.0374234817243375,0.0747846308980827
nonMHC,Endothelial,ring,IDHm,3,-0.818544783068707,0,0,0.413046181504735,0.550728242006314
nonMHC,Pericyte,inside,IDHm,3,5.94956887992351,1,0,2.68849685534457e-09,3.22619622641349e-08
nonMHC,Pericyte,ring,IDHm,3,1.09910480409551,0,0,0.271722354696599,0.407583532044898
nonMHC,IFN_response,inside,IDHm,3,0.406604591048692,0,0,0.684298424744973,0.712750845103199
nonMHC,IFN_response,ring,IDHm,3,-0.481814600722979,0,0,0.629937656341113,0.755925187609336
nonMHC,Hypoxia,inside,IDHm,3,2.34461770548916,1,0,0.0190465975710354,0.0457118341704849
nonMHC,Hypoxia,ring,IDHm,3,1.50704173361876,1,0,0.131799960241198,0.277881485185831
nonMHC,Inflammation,inside,IDHm,3,2.7115277845649,1,0,0.00669739278641032,0.0252172958488643
nonMHC,Inflammation,ring,IDHm,3,3.5695881688843,2,0,0.000357542868586655,0.00429051442303986
nonMHC,TAM_microglia,inside,IDHm,3,1.59521656963232,1,0,0.110663814690661,0.165995722035991
nonMHC,TAM_microglia,ring,IDHm,3,0.149129098476744,1,1,0.881451765355043,0.881451765355043
nonMHC,TAM_monocyte,inside,IDHm,3,0.368164143125533,0,0,0.712750845103199,0.712750845103199
nonMHC,TAM_monocyte,ring,IDHm,3,-1.11033432728061,0,1,0.266854986134134,0.407583532044898
nonMHC,TAM_SPP1_lipid,inside,IDHm,3,4.20234191670541,1,0,2.64167720974229e-05,0.000158500632584538
nonMHC,TAM_SPP1_lipid,ring,IDHm,3,3.00760003221477,2,0,0.0026331944731831,0.0157991668390986
nonMHC,TAM_C1Q,inside,IDHm,3,2.63532138415454,2,0,0.00840576528295478,0.0252172958488643
nonMHC,TAM_C1Q,ring,IDHm,3,1.47974713102261,1,0,0.138940742592916,0.277881485185831
nonMHC,IFNG_response,inside,IDHm,3,2.01768221713751,1,0,0.0436243680238816,0.0747846308980827
nonMHC,IFNG_response,ring,IDHm,3,2.33318885113816,1,0,0.0196382357268345,0.0589147071805034
nonMHC,Malignant_CNA,inside,IDHm,3,-1.02790863906341,0,1,0.303992805400221,0.405323740533629
nonMHC,Malignant_CNA,ring,IDHm,3,0.23333804683361,1,1,0.815498916763909,0.881451765355043
APC,T_cell,inside,IDHm,2,3.65317846322026,1,0,0.000259014076572588,0.00310816891887105
APC,T_cell,ring,IDHm,2,4.06185221313817,1,0,4.86848955842665e-05,0.000584218747011198
APC,Endothelial,inside,IDHm,2,0.100989190596747,0,0,0.919559040959815,0.919559040959815
APC,Endothelial,ring,IDHm,2,0.0120292969508945,0,0,0.990402241158452,0.990402241158452
APC,Pericyte,inside,IDHm,2,0.798298840027354,0,0,0.424697091024409,0.566262788032546
APC,Pericyte,ring,IDHm,2,0.0286627377039814,0,0,0.977133575153388,0.990402241158452
APC,IFN_response,inside,IDHm,2,0.56865956489984,0,0,0.569587193490644,0.683504632188773
APC,IFN_response,ring,IDHm,2,1.69089573918606,0,0,0.0908567172267684,0.155754372388746
APC,Hypoxia,inside,IDHm,2,-1.0410718270429,0,0,0.297842213771296,0.510586652179365
APC,Hypoxia,ring,IDHm,2,-0.521138213323807,0,0,0.602270492347126,0.803027323129501
APC,Inflammation,inside,IDHm,2,2.3730924235136,1,0,0.0176398493280569,0.0705593973122274
APC,Inflammation,ring,IDHm,2,1.23203750940707,0,0,0.217935072804283,0.326902609206425
APC,TAM_microglia,inside,IDHm,2,-0.876208656926834,0,0,0.380916611178889,0.566262788032546
APC,TAM_microglia,ring,IDHm,2,2.69292115888147,1,0,0.00708290158644607,0.0212487047593382
APC,TAM_monocyte,inside,IDHm,2,0.436275487959803,0,0,0.662636864098003,0.722876579016004
APC,TAM_monocyte,ring,IDHm,2,1.89226473684714,0,0,0.0584557168088593,0.116911433617719
APC,TAM_SPP1_lipid,inside,IDHm,2,3.03940956838002,1,0,0.00237042355444856,0.0142225413266914
APC,TAM_SPP1_lipid,ring,IDHm,2,2.09452515868224,1,0,0.036213224311413,0.0869117383473911
APC,TAM_C1Q,inside,IDHm,2,1.42286032981442,1,0,0.154776648177743,0.371463955626584
APC,TAM_C1Q,ring,IDHm,2,2.81802339819489,1,0,0.0048320288445014,0.0193281153780056
APC,IFNG_response,inside,IDHm,2,-1.43779184654902,0,0,0.150493123474885,0.371463955626584
APC,IFNG_response,ring,IDHm,2,3.52601623731607,1,0,0.00042186110346403,0.00253116662078418
APC,Malignant_CNA,inside,IDHm,2,-1.13179631215479,0,0,0.257720078536564,0.510586652179365
APC,Malignant_CNA,ring,IDHm,2,-0.378908669320195,0,1,0.704755686222186,0.845706823466623
C1b,T_cell,inside,LGG,4,2.97551605608806,1,0,0.00292496038118689,0.00438744057178034
C1b,T_cell,ring,LGG,4,1.80215072972841,1,0,0.071521694085199,0.127314602602664
C1b,Endothelial,inside,LGG,4,2.50214769523952,1,0,0.0123442415802464,0.0146920384693609
C1b,Endothelial,ring,LGG,4,-0.49356212026935,0,0,0.621615458261562,0.745938549913874
C1b,Pericyte,inside,LGG,4,3.01003793604071,1,0,0.00261215061671444,0.00438744057178034
C1b,Pericyte,ring,LGG,4,-0.932873053819853,0,0,0.350885516606279,0.526328274909419
C1b,IFN_response,inside,LGG,4,1.21924482974788,1,0,0.222751281491464,0.222751281491464
C1b,IFN_response,ring,LGG,4,0.251601686642981,0,0,0.801348954804206,0.801348954804206
C1b,Hypoxia,inside,LGG,4,2.47115609298138,1,0,0.0134677019302475,0.0146920384693609
C1b,Hypoxia,ring,LGG,4,2.54023615034927,1,0,0.0110777643079223,0.0443110572316893
C1b,Inflammation,inside,LGG,4,5.46497960612376,3,0,4.62960026301494e-08,2.77776015780896e-07
C1b,Inflammation,ring,LGG,4,2.8872495902208,2,0,0.00388625812949629,0.0233175487769777
C1b,TAM_microglia,inside,LGG,4,3.50030188356926,2,0,0.000464731539205197,0.00111535569409247
C1b,TAM_microglia,ring,LGG,4,-0.697570569380023,1,1,0.485445792292263,0.647261056389684
C1b,TAM_monocyte,inside,LGG,4,-2.5621974424326,0,1,0.0104012169127682,0.0138682892170243
C1b,TAM_monocyte,ring,LGG,4,-1.83705028596679,0,1,0.0662024722332553,0.127314602602664
C1b,TAM_SPP1_lipid,inside,LGG,4,8.23596814517183,3,0,1.78111326580411e-16,2.13733591896493e-15
C1b,TAM_SPP1_lipid,ring,LGG,4,3.96764666087275,1,0,7.25858436692499e-05,0.000871030124030999
C1b,TAM_C1Q,inside,LGG,4,3.56161056889169,1,0,0.000368586823052425,0.00110576046915728
C1b,TAM_C1Q,ring,LGG,4,1.80859109104829,1,0,0.070514553578303,0.127314602602664
C1b,IFNG_response,inside,LGG,4,5.17118005785781,3,0,2.32620283988726e-07,9.30481135954903e-07
C1b,IFNG_response,ring,LGG,4,1.78496587946625,0,0,0.0742668515182205,0.127314602602664
C1b,Malignant_CNA,inside,LGG,4,-2.98747684025551,0,1,0.0028129060638935,0.00438744057178034
C1b,Malignant_CNA,ring,LGG,4,0.388855330197224,1,0,0.69738316793441,0.760781637746629
nonMHC,T_cell,inside,LGG,2,-0.00432240809314812,0,0,0.996551228056014,0.996551228056014
nonMHC,T_cell,ring,LGG,2,3.16392899009898,1,0,0.00155654768004534,0.00622619072018136
nonMHC,Endothelial,inside,LGG,2,1.45205528881854,0,0,0.146486232633022,0.251119255942323
nonMHC,Endothelial,ring,LGG,2,0.0245776897061552,0,0,0.980391814959089,0.980391814959089
nonMHC,Pericyte,inside,LGG,2,0.079683744685309,0,0,0.936488788200453,0.996551228056014
nonMHC,Pericyte,ring,LGG,2,1.06614691044806,0,0,0.286357236694525,0.429535855041788
nonMHC,IFN_response,inside,LGG,2,0.392599349758097,0,0,0.694615419891797,0.833538503870157
nonMHC,IFN_response,ring,LGG,2,0.245494512677156,0,0,0.806073556454172,0.879352970677278
nonMHC,Hypoxia,inside,LGG,2,3.38313220552693,1,0,0.00071664125076138,0.00286656500304552
nonMHC,Hypoxia,ring,LGG,2,2.57552846643932,1,0,0.0100087034261928,0.0248339621156052
nonMHC,Inflammation,inside,LGG,2,3.55761066861799,1,0,0.000374243447105107,0.00224546068263064
nonMHC,Inflammation,ring,LGG,2,4.10306224997183,2,0,4.07717492035957e-05,0.000244630495221574
nonMHC,TAM_microglia,inside,LGG,2,0.929945218890825,1,0,0.352399448740012,0.528599173110017
nonMHC,TAM_microglia,ring,LGG,2,0.411217940281223,1,1,0.680912734477305,0.817095281372766
nonMHC,TAM_monocyte,inside,LGG,2,-0.617801790158181,0,0,0.536706003272393,0.71560800436319
nonMHC,TAM_monocyte,ring,LGG,2,-1.59621387798232,0,1,0.110441050187531,0.220882100375062
nonMHC,TAM_SPP1_lipid,inside,LGG,2,5.89863878944968,1,0,3.66512601240571e-09,4.39815121488685e-08
nonMHC,TAM_SPP1_lipid,ring,LGG,2,4.26635239134167,2,0,1.98694851634615e-05,0.000238433821961538
nonMHC,TAM_C1Q,inside,LGG,2,1.51188311857244,1,0,0.130563599330575,0.251119255942323
nonMHC,TAM_C1Q,ring,LGG,2,1.14355592469598,1,0,0.252807849279266,0.429535855041788
nonMHC,IFNG_response,inside,LGG,2,2.64442959459878,1,0,0.00818287280081136,0.0245486184024341
nonMHC,IFNG_response,ring,LGG,2,2.56399564751145,1,0,0.0103474842148355,0.0248339621156052
nonMHC,Malignant_CNA,inside,LGG,2,-1.97827094294665,0,1,0.0478981492565882,0.114955558215812
nonMHC,Malignant_CNA,ring,LGG,2,-0.571525184237402,1,1,0.567643693903067,0.756858258537422
APC,T_cell,inside,LGG,2,3.65317846322026,1,0,0.000259014076572588,0.00310816891887105
APC,T_cell,ring,LGG,2,4.06185221313817,1,0,4.86848955842665e-05,0.000584218747011198
APC,Endothelial,inside,LGG,2,0.100989190596747,0,0,0.919559040959815,0.919559040959815
APC,Endothelial,ring,LGG,2,0.0120292969508945,0,0,0.990402241158452,0.990402241158452
APC,Pericyte,inside,LGG,2,0.798298840027354,0,0,0.424697091024409,0.566262788032546
APC,Pericyte,ring,LGG,2,0.0286627377039814,0,0,0.977133575153388,0.990402241158452
APC,IFN_response,inside,LGG,2,0.56865956489984,0,0,0.569587193490644,0.683504632188773
APC,IFN_response,ring,LGG,2,1.69089573918606,0,0,0.0908567172267684,0.155754372388746
APC,Hypoxia,inside,LGG,2,-1.0410718270429,0,0,0.297842213771296,0.510586652179365
APC,Hypoxia,ring,LGG,2,-0.521138213323807,0,0,0.602270492347126,0.803027323129501
APC,Inflammation,inside,LGG,2,2.3730924235136,1,0,0.0176398493280569,0.0705593973122274
APC,Inflammation,ring,LGG,2,1.23203750940707,0,0,0.217935072804283,0.326902609206425
APC,TAM_microglia,inside,LGG,2,-0.876208656926834,0,0,0.380916611178889,0.566262788032546
APC,TAM_microglia,ring,LGG,2,2.69292115888147,1,0,0.00708290158644607,0.0212487047593382
APC,TAM_monocyte,inside,LGG,2,0.436275487959803,0,0,0.662636864098003,0.722876579016004
APC,TAM_monocyte,ring,LGG,2,1.89226473684714,0,0,0.0584557168088593,0.116911433617719
APC,TAM_SPP1_lipid,inside,LGG,2,3.03940956838002,1,0,0.00237042355444856,0.0142225413266914
APC,TAM_SPP1_lipid,ring,LGG,2,2.09452515868224,1,0,0.036213224311413,0.0869117383473911
APC,TAM_C1Q,inside,LGG,2,1.42286032981442,1,0,0.154776648177743,0.371463955626584
APC,TAM_C1Q,ring,LGG,2,2.81802339819489,1,0,0.0048320288445014,0.0193281153780056
APC,IFNG_response,inside,LGG,2,-1.43779184654902,0,0,0.150493123474885,0.371463955626584
APC,IFNG_response,ring,LGG,2,3.52601623731607,1,0,0.00042186110346403,0.00253116662078418
APC,Malignant_CNA,inside,LGG,2,-1.13179631215479,0,0,0.257720078536564,0.510586652179365
APC,Malignant_CNA,ring,LGG,2,-0.378908669320195,0,1,0.704755686222186,0.845706823466623
C1b,T_cell,inside,GBM,13,3.41982146779487,2,0,0.000626622457877137,0.000751946949452565
C1b,T_cell,ring,GBM,13,2.47879429151536,1,0,0.0131827310312649,0.0527309241250596
C1b,Endothelial,inside,GBM,13,5.99562114934265,6,0,2.02709105198076e-09,4.86501852475383e-09
C1b,Endothelial,ring,GBM,13,-1.45101660583998,0,0,0.146775236253826,0.251614690720845
C1b,Pericyte,inside,GBM,13,7.15182530448408,6,0,8.56315051676788e-13,3.42526020670715e-12
C1b,Pericyte,ring,GBM,13,0.904911497617725,1,0,0.365512275374,0.4386147304488
C1b,IFN_response,inside,GBM,13,3.29345973500794,2,0,0.000989625148868244,0.00107959107149263
C1b,IFN_response,ring,GBM,13,-0.908431960083349,1,0,0.363650046468144,0.4386147304488
C1b,Hypoxia,inside,GBM,13,-1.36262926059652,1,0,0.172999382246575,0.172999382246575
C1b,Hypoxia,ring,GBM,13,1.0085906703935,1,0,0.313170983512199,0.4386147304488
C1b,Inflammation,inside,GBM,13,5.11538123178993,5,0,3.13107912463761e-07,6.26215824927523e-07
C1b,Inflammation,ring,GBM,13,1.45238598576398,2,0,0.146394310793455,0.251614690720845
C1b,TAM_microglia,inside,GBM,13,12.3123009291104,9,0,7.77738189288863e-35,9.33285827146635e-34
C1b,TAM_microglia,ring,GBM,13,2.26852010831059,1,0,0.0232975248272658,0.0698925744817975
C1b,TAM_monocyte,inside,GBM,13,3.91755025269582,5,0,8.94534018049356e-05,0.000134180102707403
C1b,TAM_monocyte,ring,GBM,13,1.93404949416592,1,0,0.0531070427823457,0.12745690267763
C1b,TAM_SPP1_lipid,inside,GBM,13,7.09525313475763,5,0,1.29114936320794e-12,3.87344808962382e-12
C1b,TAM_SPP1_lipid,ring,GBM,13,4.80623909707439,2,0,1.53795957919049e-06,9.22775747514294e-06
C1b,TAM_C1Q,inside,GBM,13,11.6462101435905,9,0,2.39892035257314e-31,1.43935221154388e-30
C1b,TAM_C1Q,ring,GBM,13,5.77556726619658,3,0,7.66942521401841e-09,9.20331025682209e-08
C1b,IFNG_response,inside,GBM,13,4.72072683141069,4,0,2.35003372385313e-06,4.02862924089108e-06
C1b,IFNG_response,ring,GBM,13,0.336547293738164,1,0,0.736458193968546,0.769957362406646
C1b,Malignant_CNA,inside,GBM,13,-3.57116534340355,0,3,0.000355396440682025,0.000473861920909366
C1b,Malignant_CNA,ring,GBM,13,-0.292430668529771,1,1,0.769957362406646,0.769957362406646
APC,T_cell,inside,GBM,8,6.37222574655145,4,0,1.86304379954688e-10,7.45217519818753e-10
APC,T_cell,ring,GBM,8,1.52566584431868,0,0,0.127093104877368,0.152511725852842
APC,Endothelial,inside,GBM,8,8.01216087031522,6,0,1.12710300232379e-15,1.35252360278854e-14
APC,Endothelial,ring,GBM,8,5.80545486228539,3,0,6.41914966753091e-09,7.70297960103709e-08
APC,Pericyte,inside,GBM,8,5.70573699908119,4,0,1.15840748978506e-08,2.78017797548415e-08
APC,Pericyte,ring,GBM,8,2.54108115856113,1,0,0.0110510264100255,0.0165765396150383
APC,IFN_response,inside,GBM,8,6.84017816765454,5,0,7.90947475900971e-12,4.74568485540583e-11
APC,IFN_response,ring,GBM,8,3.20151767368085,1,0,0.00136705688667471,0.00328093652801931
APC,Hypoxia,inside,GBM,8,-3.82318065266201,0,2,0.000131741184254384,0.000263482368508769
APC,Hypoxia,ring,GBM,8,-5.13742411636232,0,4,2.78529878999245e-07,1.67117927399547e-06
APC,Inflammation,inside,GBM,8,-3.58820960736823,0,3,0.000332956567344641,0.000499434851016961
APC,Inflammation,ring,GBM,8,-4.49983458681544,0,4,6.80063606098746e-06,2.72025442439498e-05
APC,TAM_microglia,inside,GBM,8,3.19767360022968,2,0,0.00138540994253916,0.00184721325671888
APC,TAM_microglia,ring,GBM,8,1.84696678986453,0,0,0.0647519536227255,0.0863359381636339
APC,TAM_monocyte,inside,GBM,8,-2.04943082176969,0,1,0.0404200059346345,0.0404200059346345
APC,TAM_monocyte,ring,GBM,8,-1.38999643556754,1,2,0.164529959739287,0.179487228806495
APC,TAM_SPP1_lipid,inside,GBM,8,-3.08430791015648,0,3,0.00204026315509428,0.00244831578611313
APC,TAM_SPP1_lipid,ring,GBM,8,-2.6469248192805,0,2,0.00812274091065521,0.0149844034557861
APC,TAM_C1Q,inside,GBM,8,3.64006968828859,1,0,0.000272564262243161,0.000467253020988276
APC,TAM_C1Q,ring,GBM,8,2.62202499488748,1,0,0.00874090201587524,0.0149844034557861
APC,IFNG_response,inside,GBM,8,2.65768695706853,0,0,0.00786789374848252,0.00858315681652639
APC,IFNG_response,ring,GBM,8,1.27415100034309,1,0,0.202609906812983,0.202609906812983
APC,Malignant_CNA,inside,GBM,8,-5.72752973680608,0,4,1.01903579252425e-08,2.78017797548415e-08
APC,Malignant_CNA,ring,GBM,8,-4.07731759060357,0,2,4.55582454756883e-05,0.000136674736427065
nonMHC,T_cell,inside,GBM,8,2.66124534751591,2,0,0.00778522056029374,0.013346092389075
nonMHC,T_cell,ring,GBM,8,2.65390443577512,1,0,0.0079566357180483,0.0279587029353125
nonMHC,Endothelial,inside,GBM,8,-0.673114671111428,0,0,0.500874340964687,0.546408371961476
nonMHC,Endothelial,ring,GBM,8,0.961401616547154,1,0,0.336350271794749,0.448467029059665
nonMHC,Pericyte,inside,GBM,8,3.51926143855289,2,0,0.000432750032683472,0.00129825009805042
nonMHC,Pericyte,ring,GBM,8,2.50923330648253,1,0,0.0120993541424001,0.0290384499417603
nonMHC,IFN_response,inside,GBM,8,2.89420243229912,1,0,0.00380123011234606,0.00760246022469212
nonMHC,IFN_response,ring,GBM,8,0.346675446561124,0,0,0.728835158374158,0.80752594698969
nonMHC,Hypoxia,inside,GBM,8,8.45615076747128,6,0,2.76348261521327e-17,3.31617913825592e-16
nonMHC,Hypoxia,ring,GBM,8,6.13093303915307,3,0,8.73651732948877e-10,1.04838207953865e-08
nonMHC,Inflammation,inside,GBM,8,7.97023006926878,4,0,1.58379239260683e-15,9.50275435564101e-15
nonMHC,Inflammation,ring,GBM,8,4.14557967147436,2,0,3.38955115582338e-05,0.000203373069349403
nonMHC,TAM_microglia,inside,GBM,8,-3.11658385480688,0,1,0.00182959638618601,0.00439103132684643
nonMHC,TAM_microglia,ring,GBM,8,-1.76374392602057,0,0,0.0777751020378225,0.133328746350553
nonMHC,TAM_monocyte,inside,GBM,8,0.739042488500028,2,1,0.459881197581055,0.546408371961476
nonMHC,TAM_monocyte,ring,GBM,8,2.39285591735162,2,0,0.0167178047163066,0.0334356094326132
nonMHC,TAM_SPP1_lipid,inside,GBM,8,0.868561389448408,0,0,0.385087080774993,0.513449441033324
nonMHC,TAM_SPP1_lipid,ring,GBM,8,0.331545977163227,0,1,0.740232118073883,0.80752594698969
nonMHC,TAM_C1Q,inside,GBM,8,-2.29292877466242,0,2,0.0218521058855285,0.0327781588282928
nonMHC,TAM_C1Q,ring,GBM,8,-1.27155699735416,0,0,0.203530563943303,0.305295845914954
nonMHC,IFNG_response,inside,GBM,8,3.94019538337614,1,0,8.14152724561868e-05,0.000325661089824747
nonMHC,IFNG_response,ring,GBM,8,2.60010339344029,0,0,0.00931956764510417,0.0279587029353125
nonMHC,Malignant_CNA,inside,GBM,8,0.502650409253584,1,0,0.615210081260078,0.615210081260078
nonMHC,Malignant_CNA,ring,GBM,8,0.0384150913502626,0,1,0.969356728705948,0.969356728705948
