sample_id,feature,I,E_I,var_I,z,p_analytic,p_perm,n_spots,cohort,histology,who_grade,is_LGG,patient,q_analytic
bwh23,C1b,0.311528282918137,-0.00111982082866741,0.000441287396106136,14.8831561144046,2.12007908392455e-50,0.001,894,IDHm,Oligodendroglioma,3,TRUE,BWH23,2.36950015262156e-50
bwh23,C1b_noRibo,0.300258878421336,-0.00111982082866741,0.000441292303824337,14.3466128042822,5.59345208111615e-47,0.001,894,IDHm,Oligodendroglioma,3,TRUE,BWH23,6.25150526712981e-47
bwh23,C1b_noMPoverlap,0.117821359598136,-0.00111982082866741,0.000441575657428351,5.66017269850484,7.56103695497247e-09,,894,IDHm,Oligodendroglioma,3,TRUE,BWH23,7.56103695497247e-09
bwh23,C1b_MHCII,0.174814393611877,-0.00111982082866741,0.00044082754817081,8.37945827744788,2.65859299015922e-17,,894,IDHm,Oligodendroglioma,3,TRUE,BWH23,2.9713686360603e-17
bwh23,C1b_nonMHCII,0.29310231983833,-0.00111982082866741,0.000441504217285034,14.0025754924859,7.51613805545601e-45,,894,IDHm,Oligodendroglioma,3,TRUE,BWH23,8.92541394085402e-45
bwh23,C1b_AMS,0.433069488630558,-0.00111982082866741,0.000440717978541829,20.6822956704111,2.50018788590235e-95,,894,IDHm,Oligodendroglioma,3,TRUE,BWH23,3.39311213086747e-95
bwh23,C1b_Tirosh,0.348548004754592,-0.00111982082866741,0.000441290919849685,16.6453594188158,1.63498471567067e-62,,894,IDHm,Oligodendroglioma,3,TRUE,BWH23,2.26382499092862e-62
bwh23,MP_Neuron,0.34485703557794,-0.00111982082866741,0.00043572800351964,16.5744571110303,5.33107319203178e-62,,894,IDHm,Oligodendroglioma,3,TRUE,BWH23,1.01290390648604e-61
bwh23,MP_Vasc,0.249833408122361,-0.00111982082866741,0.000435098906873043,12.0309186971093,1.222128422223e-33,,894,IDHm,Oligodendroglioma,3,TRUE,BWH23,1.65860285873122e-33
bwh23,MP_MES.Hyp,0.81259839809135,-0.00111982082866741,0.000440237910829851,38.7820105720408,0,,894,IDHm,Oligodendroglioma,3,TRUE,BWH23,0
bwh23,MP_Mac,0.302489912112966,-0.00111982082866741,0.000438714602160868,14.4952144511493,6.49480314189713e-48,,894,IDHm,Oligodendroglioma,3,TRUE,BWH23,7.25889762917915e-48
bwh23,MP_Oligo,0.151130185880954,-0.00111982082866741,0.000441526447293209,7.24567681696712,2.15142510821627e-13,,894,IDHm,Oligodendroglioma,3,TRUE,BWH23,2.2709487253394e-13
bwh23,MP_MES,0.327968894835968,-0.00111982082866741,0.000441541712472051,15.6612752307776,1.39130649601423e-55,,894,IDHm,Oligodendroglioma,3,TRUE,BWH23,1.55498961319238e-55
bwh23,MP_Prolif.Metab,0.100087229845483,-0.00111982082866741,0.000441321393138164,4.81762818330425,7.26373809168117e-07,,894,IDHm,Oligodendroglioma,3,TRUE,BWH23,1.0616232595534e-06
bwh23,MP_MES.Ast,0.404366077899308,-0.00111982082866741,0.000441157966143877,19.3053950349295,2.41919658247802e-83,,894,IDHm,Oligodendroglioma,3,TRUE,BWH23,3.06431567113883e-83
bwh23,MP_Reactive.Ast,0.508357111617127,-0.00111982082866741,0.00044173634594066,24.2405772751972,4.15622670812584e-130,,894,IDHm,Oligodendroglioma,3,TRUE,BWH23,5.26455383029274e-130
bwh23,MP_NPC,0.350636112818592,-0.00111982082866741,0.000440357288463108,16.7625018079857,2.2945040205909e-63,,894,IDHm,Oligodendroglioma,3,TRUE,BWH23,4.84395293235856e-63
bwh23,MP_Inflammatory.Mac,0.690427067468324,-0.00111982082866741,0.000440863638412563,32.9358966517672,3.3675537418138e-238,,894,IDHm,Oligodendroglioma,3,TRUE,BWH23,7.99794013680777e-238
bwh23,MP_chromatin.reg,0.299143580638775,-0.00111982082866741,0.000441507915749447,14.2900304067912,1.26249588589252e-46,,894,IDHm,Oligodendroglioma,3,TRUE,BWH23,1.49921386449737e-46
bwh23,MP_OPC,0.703557799033064,-0.00111982082866741,0.000441020103707706,33.5553123080385,3.76597213816837e-247,,894,IDHm,Oligodendroglioma,3,TRUE,BWH23,6.50486096592718e-247
bwh23,MP_AC,0.784167209020104,-0.00111982082866741,0.00044172196602668,37.3640484257834,7.49786680120053e-306,,894,IDHm,Oligodendroglioma,3,TRUE,BWH23,1.29508608384373e-305
bwh23,C1b_resid_macadj,0.163320273962612,-0.00111982082866741,0.000441585808269333,7.82528501801956,2.53254027788816e-15,0.001,894,IDHm,Oligodendroglioma,3,TRUE,BWH23,2.67323695999306e-15
bwh24,C1b,0.311012585250797,-0.000347584289190129,0.000126262065400357,27.709367362389,2.69218639415446e-169,0.001,2878,IDHm,Astrocytoma,4,FALSE,BWH24,3.6536815349239e-169
bwh24,C1b_noRibo,0.298944578624159,-0.000347584289190129,0.000126269175285956,26.6346302924995,1.34844705890879e-156,0.001,2878,IDHm,Astrocytoma,4,FALSE,BWH24,1.97080723994362e-156
bwh24,C1b_noMPoverlap,0.190999713952499,-0.000347584289190129,0.000126266592163817,17.0285670937448,2.52119288890662e-65,,2878,IDHm,Astrocytoma,4,FALSE,BWH24,3.42161892065899e-65
bwh24,C1b_MHCII,0.273742626162233,-0.000347584289190129,0.000126315421973575,24.3873906852818,1.16364325876851e-131,,2878,IDHm,Astrocytoma,4,FALSE,BWH24,2.21092219166018e-131
bwh24,C1b_nonMHCII,0.237948537442852,-0.000347584289190129,0.000126265708622362,21.2067571984751,4.13614467400215e-100,,2878,IDHm,Astrocytoma,4,FALSE,BWH24,5.23911658706939e-100
bwh24,C1b_AMS,0.303982025982808,-0.000347584289190129,0.000126283590378244,27.0813773976232,8.15915370689206e-162,,2878,IDHm,Astrocytoma,4,FALSE,BWH24,1.40930836755408e-161
bwh24,C1b_Tirosh,0.239684011941701,-0.000347584289190129,0.000126301149430686,21.3582055468216,1.63569453026755e-101,,2878,IDHm,Astrocytoma,4,FALSE,BWH24,3.27138906053509e-101
bwh24,MP_Neuron,0.61857167323171,-0.000347584289190129,0.000125621131375818,55.2207938385814,0,,2878,IDHm,Astrocytoma,4,FALSE,BWH24,0
bwh24,MP_Vasc,0.210826868600954,-0.000347584289190129,0.000125508971207401,18.8496804774247,1.47811243624743e-79,,2878,IDHm,Astrocytoma,4,FALSE,BWH24,2.34034469072509e-79
bwh24,MP_MES.Hyp,0.227347343306862,-0.000347584289190129,0.000126295840257735,20.2609046413876,1.42341934734051e-91,,2878,IDHm,Astrocytoma,4,FALSE,BWH24,1.69031047496686e-91
bwh24,MP_Mac,0.251766457761947,-0.000347584289190129,0.000126314971153816,22.432083956871,9.57281006033352e-112,,2878,IDHm,Astrocytoma,4,FALSE,BWH24,1.51569492621947e-111
bwh24,MP_Oligo,0.384789658332466,-0.000347584289190129,0.000126313152166082,34.2681950496537,1.16855385225463e-257,,2878,IDHm,Astrocytoma,4,FALSE,BWH24,2.01841119934891e-257
bwh24,MP_MES,0.478815947358868,-0.000347584289190129,0.000126324970554626,42.6323383841935,0,,2878,IDHm,Astrocytoma,4,FALSE,BWH24,0
bwh24,MP_Prolif.Metab,0.0934948182012146,-0.000347584289190129,0.000126309829732516,8.34988593773334,3.41644602070901e-17,,2878,IDHm,Astrocytoma,4,FALSE,BWH24,7.21249715483012e-17
bwh24,MP_MES.Ast,0.239966125337392,-0.000347584289190129,0.000126271567155193,21.3858128658451,9.05523065567408e-102,,2878,IDHm,Astrocytoma,4,FALSE,BWH24,1.22892416041291e-101
bwh24,MP_Reactive.Ast,0.445169045316823,-0.000347584289190129,0.000126316173578724,39.6400723713597,0,,2878,IDHm,Astrocytoma,4,FALSE,BWH24,0
bwh24,MP_NPC,0.489667978039389,-0.000347584289190129,0.000125858082893711,43.678661056136,0,,2878,IDHm,Astrocytoma,4,FALSE,BWH24,0
bwh24,MP_Inflammatory.Mac,0.442024592231744,-0.000347584289190129,0.000126301900867728,39.3625169196259,0,,2878,IDHm,Astrocytoma,4,FALSE,BWH24,0
bwh24,MP_chromatin.reg,0.293584961119856,-0.000347584289190129,0.000126301712365283,26.1542973086755,4.40308997253133e-151,,2878,IDHm,Astrocytoma,4,FALSE,BWH24,6.43528534446887e-151
bwh24,MP_OPC,0.324455061090552,-0.000347584289190129,0.000126312559023018,28.8998967276907,5.98748448261754e-184,,2878,IDHm,Astrocytoma,4,FALSE,BWH24,9.48018376414444e-184
bwh24,MP_AC,0.380969673709435,-0.000347584289190129,0.000126319914488525,33.9273977192498,1.31423814665602e-252,,2878,IDHm,Astrocytoma,4,FALSE,BWH24,1.9208095989588e-252
bwh24,C1b_resid_macadj,0.125268608345801,-0.000347584289190129,0.000126300142210048,11.1774749757114,2.62821585218795e-29,0.001,2878,IDHm,Astrocytoma,4,FALSE,BWH24,3.84123855319778e-29
bwh25,C1b,0.508864244532946,-0.000454545454545455,0.000182853585312141,37.6649988516364,0,0.001,2201,IDHm,Astrocytoma,4,FALSE,BWH25,0
bwh25,C1b_noRibo,0.484515135272447,-0.000454545454545455,0.000182855033612652,35.8641983906854,5.52442458909164e-282,0.001,2201,IDHm,Astrocytoma,4,FALSE,BWH25,1.16626741325268e-281
bwh25,C1b_noMPoverlap,0.421702563674457,-0.000454545454545455,0.00018283096752902,31.221173910762,2.74917645255194e-214,,2201,IDHm,Astrocytoma,4,FALSE,BWH25,6.52929407481085e-214
bwh25,C1b_MHCII,0.389883306898359,-0.000454545454545455,0.000182859250454565,28.865707109559,1.60923540346577e-183,,2201,IDHm,Astrocytoma,4,FALSE,BWH25,3.8219340832312e-183
bwh25,C1b_nonMHCII,0.420774113244208,-0.000454545454545455,0.000182850424635077,31.1508516480875,2.46955408411715e-213,,2201,IDHm,Astrocytoma,4,FALSE,BWH25,5.21350306646953e-213
bwh25,C1b_AMS,0.40179459527095,-0.000454545454545455,0.000182848772762006,29.7474059512345,9.36711702760986e-195,,2201,IDHm,Astrocytoma,4,FALSE,BWH25,2.22469029405734e-194
bwh25,C1b_Tirosh,0.349010226309291,-0.000454545454545455,0.000182835649096621,25.8447873837389,1.39229324010846e-147,,2201,IDHm,Astrocytoma,4,FALSE,BWH25,3.58018261742177e-147
bwh25,MP_Neuron,0.148581411609985,-0.000454545454545455,0.000182842515465142,11.0217985020158,1.50002093736301e-28,,2201,IDHm,Astrocytoma,4,FALSE,BWH25,2.19233829306902e-28
bwh25,MP_Vasc,0.376849561015731,-0.000454545454545455,0.000182682946479693,27.9153146958203,8.69584701067715e-172,,2201,IDHm,Astrocytoma,4,FALSE,BWH25,2.36030133146951e-171
bwh25,MP_MES.Hyp,0.344804544532399,-0.000454545454545455,0.000182834372816951,25.5338438608449,4.15034291854184e-144,,2201,IDHm,Astrocytoma,4,FALSE,BWH25,6.57137628769125e-144
bwh25,MP_Mac,0.412928541843829,-0.000454545454545455,0.000182850766013042,30.570624622956,1.50433941078185e-205,,2201,IDHm,Astrocytoma,4,FALSE,BWH25,3.17582764498391e-205
bwh25,MP_Oligo,0.80675672131224,-0.000454545454545455,0.000182791458475048,59.7048024880456,0,,2201,IDHm,Astrocytoma,4,FALSE,BWH25,0
bwh25,MP_MES,0.375605298757483,-0.000454545454545455,0.000182840976652726,27.8112299274485,1.58652106886845e-170,,2201,IDHm,Astrocytoma,4,FALSE,BWH25,2.74035457350004e-170
bwh25,MP_Prolif.Metab,0.297260102492867,-0.000454545454545455,0.000182835058273299,22.0176247533889,9.76159768119569e-108,,2201,IDHm,Astrocytoma,4,FALSE,BWH25,9.27351779713591e-107
bwh25,MP_MES.Ast,0.48916059064825,-0.000454545454545455,0.000182833144037948,36.2099038384616,2.12616791051416e-287,,2201,IDHm,Astrocytoma,4,FALSE,BWH25,4.48857669997435e-287
bwh25,MP_Reactive.Ast,0.479328123918822,-0.000454545454545455,0.000182847469779411,35.4813453696951,4.76745528270722e-276,,2201,IDHm,Astrocytoma,4,FALSE,BWH25,8.23469548831246e-276
bwh25,MP_NPC,0.217881578758777,-0.000454545454545455,0.000182846381907943,16.1466492433284,5.99501922212114e-59,,2201,IDHm,Astrocytoma,4,FALSE,BWH25,1.13905365220302e-58
bwh25,MP_Inflammatory.Mac,0.372011476621706,-0.000454545454545455,0.000182790918873614,27.5492228869435,2.26063003471548e-167,,2201,IDHm,Astrocytoma,4,FALSE,BWH25,3.57933088829952e-167
bwh25,MP_chromatin.reg,0.433317275878298,-0.000454545454545455,0.000182853589578529,32.0781704562158,4.44436661382277e-226,,2201,IDHm,Astrocytoma,4,FALSE,BWH25,8.44429656626326e-226
bwh25,MP_OPC,0.674019660294521,-0.000454545454545455,0.000182866494907787,49.8767647276854,0,,2201,IDHm,Astrocytoma,4,FALSE,BWH25,0
bwh25,MP_AC,0.567092994984898,-0.000454545454545455,0.000182859868184449,41.9703938592558,0,,2201,IDHm,Astrocytoma,4,FALSE,BWH25,0
bwh25,C1b_resid_macadj,0.178406337274102,-0.000454545454545455,0.000182834764772244,13.2277500855258,3.03383170960726e-40,0.001,2201,IDHm,Astrocytoma,4,FALSE,BWH25,4.80356687354483e-40
bwh28,C1b,0.377111793887823,-0.000473260766682442,0.000183255369214746,27.8924357923085,1.64787793271975e-171,0.001,2114,IDHm,Astrocytoma,2,TRUE,BWH28,2.40843697859041e-171
bwh28,C1b_noRibo,0.310055722876926,-0.000473260766682442,0.000183237034163946,22.9401110001353,9.24786532285821e-117,0.001,2114,IDHm,Astrocytoma,2,TRUE,BWH28,1.25506743667361e-116
bwh28,C1b_noMPoverlap,0.35789851156478,-0.000473260766682442,0.000183273722491371,26.4718134743003,1.02348040569083e-154,,2114,IDHm,Astrocytoma,2,TRUE,BWH28,1.76782979164779e-154
bwh28,C1b_MHCII,0.151903181024913,-0.000473260766682442,0.000183259337754437,11.2560178087314,1.08157143246044e-29,,2114,IDHm,Astrocytoma,2,TRUE,BWH28,1.28436607604678e-29
bwh28,C1b_nonMHCII,0.326856458441469,-0.000473260766682442,0.000183245981978054,24.1806631766631,1.77721289138154e-129,,2114,IDHm,Astrocytoma,2,TRUE,BWH28,2.81392041135411e-129
bwh28,C1b_AMS,0.159898296383946,-0.000473260766682442,0.000183174151359107,11.8493697637052,1.08407632188647e-32,,2114,IDHm,Astrocytoma,2,TRUE,BWH28,1.14430278421349e-32
bwh28,C1b_Tirosh,0.0984900733395137,-0.000473260766682442,0.000183251891069043,7.31055057371138,1.33024994615172e-13,,2114,IDHm,Astrocytoma,2,TRUE,BWH28,1.40849994298417e-13
bwh28,MP_Neuron,0.208702975810495,-0.000473260766682442,0.000181905299599025,15.5092097355536,1.50277607409694e-54,,2114,IDHm,Astrocytoma,2,TRUE,BWH28,2.59570412798563e-54
bwh28,MP_Vasc,0.128956967928624,-0.000473260766682442,0.000181787465412641,9.59961357706131,4.01223495017265e-22,,2114,IDHm,Astrocytoma,2,TRUE,BWH28,4.48426259136943e-22
bwh28,MP_MES.Hyp,0.307956273606956,-0.000473260766682442,0.000183302958316105,22.7809180200715,3.54448646721162e-115,,2114,IDHm,Astrocytoma,2,TRUE,BWH28,4.81037449121577e-115
bwh28,MP_Mac,0.184387720197759,-0.000473260766682442,0.0001832131892996,13.6573640435426,9.12350512844709e-43,,2114,IDHm,Astrocytoma,2,TRUE,BWH28,9.63036652447193e-43
bwh28,MP_Oligo,0.1357295000472,-0.000473260766682442,0.000182907036058714,10.0709561418315,3.71263412122879e-24,,2114,IDHm,Astrocytoma,2,TRUE,BWH28,4.7026698868898e-24
bwh28,MP_MES,0.426265507107681,-0.000473260766682442,0.000183319390161814,31.5179452681835,2.4660398352989e-218,,2114,IDHm,Astrocytoma,2,TRUE,BWH28,5.20608409674213e-218
bwh28,MP_Prolif.Metab,0.251175178497733,-0.000473260766682442,0.000183299216204834,18.5871985132218,2.03967893822622e-77,,2114,IDHm,Astrocytoma,2,TRUE,BWH28,1.29179666087661e-76
bwh28,MP_MES.Ast,0.351493056721497,-0.000473260766682442,0.000183266636176716,25.9991649895372,2.53048724605897e-149,,2114,IDHm,Astrocytoma,2,TRUE,BWH28,4.37084160682913e-149
bwh28,MP_Reactive.Ast,0.5129161527825,-0.000473260766682442,0.000183325601771033,37.9171205518935,0,,2114,IDHm,Astrocytoma,2,TRUE,BWH28,0
bwh28,MP_NPC,0.173561836939262,-0.000473260766682442,0.000183146167902308,12.8599098279514,3.78324427811828e-38,,2114,IDHm,Astrocytoma,2,TRUE,BWH28,6.5346946622043e-38
bwh28,MP_Inflammatory.Mac,0.0709418850853009,-0.000473260766682442,0.000183186143450411,5.27647661409425,6.58456549925198e-08,,2114,IDHm,Astrocytoma,2,TRUE,BWH28,6.58456549925198e-08
bwh28,MP_chromatin.reg,0.219717176183582,-0.000473260766682442,0.000183220713697021,16.267138639254,8.44332595018643e-60,,2114,IDHm,Astrocytoma,2,TRUE,BWH28,1.06948795369028e-59
bwh28,MP_OPC,0.505335564500637,-0.000473260766682442,0.000183330701392201,37.356725619929,9.85912220800926e-306,,2114,IDHm,Astrocytoma,2,TRUE,BWH28,2.3415415244022e-305
bwh28,MP_AC,0.647614609735045,-0.000473260766682442,0.000183351066303123,47.8621466753748,0,,2114,IDHm,Astrocytoma,2,TRUE,BWH28,0
bwh28,C1b_resid_macadj,0.351177612555976,-0.000473260766682442,0.000183295645357656,25.9738080460442,4.89553050650832e-149,0.001,2114,IDHm,Astrocytoma,2,TRUE,BWH28,1.86030159247316e-148
bwh35,C1b,0.220136171529042,-0.000827814569536424,0.0003084841918473,12.5807067405134,1.34803504482451e-36,0.001,1209,IDHm,Oligodendroglioma,2,TRUE,BWH35,1.42292588064809e-36
bwh35,C1b_noRibo,0.210998935266216,-0.000827814569536424,0.000308493971865959,12.0602819661774,8.55979000560008e-34,0.001,1209,IDHm,Oligodendroglioma,2,TRUE,BWH35,9.03533389480009e-34
bwh35,C1b_noMPoverlap,0.158769839037362,-0.000827814569536424,0.000308511141052434,9.08638377986084,5.11939219708211e-20,,1209,IDHm,Oligodendroglioma,2,TRUE,BWH35,5.40380287469779e-20
bwh35,C1b_MHCII,0.129675758119104,-0.000827814569536424,0.000308434590392828,7.43089051270448,5.39344865854714e-14,,1209,IDHm,Oligodendroglioma,2,TRUE,BWH35,5.6930846951331e-14
bwh35,C1b_nonMHCII,0.172357394535283,-0.000827814569536424,0.000308558026723246,9.85921583291383,3.12679333619945e-23,,1209,IDHm,Oligodendroglioma,2,TRUE,BWH35,3.12679333619945e-23
bwh35,C1b_AMS,0.126716377242866,-0.000827814569536424,0.000308416243603912,7.26259898405875,1.89861222630375e-13,,1209,IDHm,Oligodendroglioma,2,TRUE,BWH35,1.89861222630375e-13
bwh35,C1b_Tirosh,0.123924338474808,-0.000827814569536424,0.000308485037845141,7.10282308139444,6.11169213441528e-13,,1209,IDHm,Oligodendroglioma,2,TRUE,BWH35,6.11169213441528e-13
bwh35,MP_Neuron,0.108248677859263,-0.000827814569536424,0.000306389160272836,6.23152677964199,2.30955505732296e-10,,1209,IDHm,Oligodendroglioma,2,TRUE,BWH35,2.74259663057102e-10
bwh35,MP_Vasc,0.142828884028465,-0.000827814569536424,0.00030470632656343,8.22972163743429,9.38244955809004e-17,,1209,IDHm,Oligodendroglioma,2,TRUE,BWH35,9.90369675576171e-17
bwh35,MP_MES.Hyp,0.181500509741407,-0.000827814569536424,0.000308660800579958,10.3779936699003,1.56134300723085e-25,,1209,IDHm,Oligodendroglioma,2,TRUE,BWH35,1.56134300723085e-25
bwh35,MP_Mac,0.147288386758408,-0.000827814569536424,0.000308395008354721,8.43429710565296,1.66599633031994e-17,,1209,IDHm,Oligodendroglioma,2,TRUE,BWH35,1.66599633031994e-17
bwh35,MP_Oligo,0.143060834691583,-0.000827814569536424,0.000308406216474953,8.19341540329568,1.2695797208518e-16,,1209,IDHm,Oligodendroglioma,2,TRUE,BWH35,1.41894204095201e-16
bwh35,MP_MES,0.262919140143569,-0.000827814569536424,0.000308546667185514,15.0150583422683,2.92551846707548e-51,,1209,IDHm,Oligodendroglioma,2,TRUE,BWH35,3.08804727080189e-51
bwh35,MP_Prolif.Metab,0.0768584002428161,-0.000827814569536424,0.00030851566518705,4.42288198220005,4.86964739804875e-06,,1209,IDHm,Oligodendroglioma,2,TRUE,BWH35,6.16822003752841e-06
bwh35,MP_MES.Ast,0.165323217541953,-0.000827814569536424,0.000308544852514063,9.45897092851936,1.55494312840175e-21,,1209,IDHm,Oligodendroglioma,2,TRUE,BWH35,1.55494312840175e-21
bwh35,MP_Reactive.Ast,0.346800847830193,-0.000827814569536424,0.000308643540670057,19.7873201782213,1.91432556964746e-87,,1209,IDHm,Oligodendroglioma,2,TRUE,BWH35,2.27326161395635e-87
bwh35,MP_NPC,0.0773473345139647,-0.000827814569536424,0.000308273583239579,4.45246549868965,4.24449417523868e-06,,1209,IDHm,Oligodendroglioma,2,TRUE,BWH35,4.24449417523868e-06
bwh35,MP_Inflammatory.Mac,0.145817653916055,-0.000827814569536424,0.000308512033987765,8.34896408442654,3.44321362340338e-17,,1209,IDHm,Oligodendroglioma,2,TRUE,BWH35,3.63450326914801e-17
bwh35,MP_chromatin.reg,0.229804155772112,-0.000827814569536424,0.000308546874139493,13.1298248833723,1.11084845139519e-39,,1209,IDHm,Oligodendroglioma,2,TRUE,BWH35,1.24153650450051e-39
bwh35,MP_OPC,0.211748425560401,-0.000827814569536424,0.000308605646805292,12.1007638916554,5.23164752705723e-34,,1209,IDHm,Oligodendroglioma,2,TRUE,BWH35,5.23164752705723e-34
bwh35,MP_AC,0.303790529678839,-0.000827814569536424,0.000308566853379896,17.3412906486693,1.14762371462397e-67,,1209,IDHm,Oligodendroglioma,2,TRUE,BWH35,1.28263826928562e-67
bwh35,C1b_resid_macadj,0.142630772470866,-0.000827814569536424,0.000308550022354334,8.16702261046502,1.58046836325792e-16,0.001,1209,IDHm,Oligodendroglioma,2,TRUE,BWH35,1.76640581775885e-16
mgh258,C1b,0.393902075973237,-0.000455996352029184,0.000162393855991855,30.9461009550999,1.43341587976266e-210,0.001,2194,GBM,Glioblastoma,4,FALSE,MGH258,2.26957514295754e-210
mgh258,C1b_noRibo,0.402894970447169,-0.000455996352029184,0.000162399708822434,31.6512217874324,3.64767191066145e-220,0.001,2194,GBM,Glioblastoma,4,FALSE,MGH258,6.30052420932432e-220
mgh258,C1b_noMPoverlap,0.201467855072447,-0.000455996352029184,0.000162376352636835,15.8462400369985,7.46237948470759e-57,,2194,GBM,Glioblastoma,4,FALSE,MGH258,9.45234734729627e-57
mgh258,C1b_MHCII,0.394744013608434,-0.000455996352029184,0.000162412763481822,31.0103643451771,1.95386409358212e-211,,2194,GBM,Glioblastoma,4,FALSE,MGH258,5.30334539686575e-211
mgh258,C1b_nonMHCII,0.280528786674547,-0.000455996352029184,0.000162378003548934,22.0505386181997,4.71968291446367e-108,,2194,GBM,Glioblastoma,4,FALSE,MGH258,6.40528395534355e-108
mgh258,C1b_AMS,0.53062392938961,-0.000455996352029184,0.000162415763115795,41.6721394135155,0,,2194,GBM,Glioblastoma,4,FALSE,MGH258,0
mgh258,C1b_Tirosh,0.529149661987349,-0.000455996352029184,0.000162422842026953,41.5555527840854,0,,2194,GBM,Glioblastoma,4,FALSE,MGH258,0
mgh258,MP_Neuron,0.059277360014779,-0.000455996352029184,0.000158184982144769,4.74935128357255,1.02035099839052e-06,,2194,GBM,Glioblastoma,4,FALSE,MGH258,1.02035099839052e-06
mgh258,MP_Vasc,0.149461263448291,-0.000455996352029184,0.000161842404257966,11.7843457141258,2.35028073998401e-32,,2194,GBM,Glioblastoma,4,FALSE,MGH258,2.97702227064641e-32
mgh258,MP_MES.Hyp,0.179128487698632,-0.000455996352029184,0.000162389477227669,14.0925592498755,2.10993517327813e-45,,2194,GBM,Glioblastoma,4,FALSE,MGH258,2.2271537940158e-45
mgh258,MP_Mac,0.559707196398213,-0.000455996352029184,0.000162429997600524,43.9522841536293,0,,2194,GBM,Glioblastoma,4,FALSE,MGH258,0
mgh258,MP_Oligo,0.703166734588818,-0.000455996352029184,0.000162360895395947,55.2203483866189,0,,2194,GBM,Glioblastoma,4,FALSE,MGH258,0
mgh258,MP_MES,0.272941660155401,-0.000455996352029184,0.000162320458360483,21.4589346603503,1.88419660696209e-102,,2194,GBM,Glioblastoma,4,FALSE,MGH258,2.38664903548532e-102
mgh258,MP_Prolif.Metab,0.0515310499240688,-0.000455996352029184,0.00016235523934787,4.08001715267462,2.25161888635007e-05,,2194,GBM,Glioblastoma,4,FALSE,MGH258,2.6737974275407e-05
mgh258,MP_MES.Ast,0.420286413792133,-0.000455996352029184,0.000162400120037581,33.0158982497111,2.40181708391899e-239,,2194,GBM,Glioblastoma,4,FALSE,MGH258,4.56345245944608e-239
mgh258,MP_Reactive.Ast,0.524576383938737,-0.000455996352029184,0.000162404252222643,41.1990678839315,0,,2194,GBM,Glioblastoma,4,FALSE,MGH258,0
mgh258,MP_NPC,0.105039721193773,-0.000455996352029184,0.000161798183259105,8.29369404131463,5.48923084359557e-17,,2194,GBM,Glioblastoma,4,FALSE,MGH258,6.51846162676974e-17
mgh258,MP_Inflammatory.Mac,0.161103003353802,-0.000455996352029184,0.0001623395548314,12.6799920195931,3.81698197480417e-37,,2194,GBM,Glioblastoma,4,FALSE,MGH258,4.26603867772231e-37
mgh258,MP_chromatin.reg,0.483746002732302,-0.000455996352029184,0.000162330957488319,38.0037019140781,0,,2194,GBM,Glioblastoma,4,FALSE,MGH258,0
mgh258,MP_OPC,0.243708965947588,-0.000455996352029184,0.000162312201419726,19.1649530090595,3.63111443807489e-82,,2194,GBM,Glioblastoma,4,FALSE,MGH258,4.05830437196605e-82
mgh258,MP_AC,0.27546153226976,-0.000455996352029184,0.000162372984419819,21.6532158348849,2.83419399301153e-104,,2194,GBM,Glioblastoma,4,FALSE,MGH258,3.36560536670119e-104
mgh258,C1b_resid_macadj,0.098626288147231,-0.000455996352029184,0.000162327651304835,7.77677902726039,3.71971937985347e-15,0.001,2194,GBM,Glioblastoma,4,FALSE,MGH258,3.71971937985347e-15
mgh259,C1b,0.518336498528355,-0.000323310701584223,0.000119540795749594,47.4377983580915,0,0.001,3094,IDHm,Oligodendroglioma,3,TRUE,MGH259,0
mgh259,C1b_noRibo,0.521796680122335,-0.000323310701584223,0.000119524111769913,47.7576072020742,0,0.001,3094,IDHm,Oligodendroglioma,3,TRUE,MGH259,0
mgh259,C1b_noMPoverlap,0.425696144719381,-0.000323310701584223,0.000119603948856964,38.9544138236287,0,,3094,IDHm,Oligodendroglioma,3,TRUE,MGH259,0
mgh259,C1b_MHCII,0.370039677257591,-0.000323310701584223,0.000119424430993229,33.8907350918425,4.56095458664904e-252,,3094,IDHm,Oligodendroglioma,3,TRUE,MGH259,1.73316274292664e-251
mgh259,C1b_nonMHCII,0.478913270824818,-0.000323310701584223,0.000119568618261593,43.8269608988388,0,,3094,IDHm,Oligodendroglioma,3,TRUE,MGH259,0
mgh259,C1b_AMS,0.466715355780106,-0.000323310701584223,0.000119411231981179,42.7395798076681,0,,3094,IDHm,Oligodendroglioma,3,TRUE,MGH259,0
mgh259,MP_Neuron,0.22604692696969,-0.000323310701584223,0.000119622608460284,20.6972522484174,1.83344755951359e-95,,3094,IDHm,Oligodendroglioma,3,TRUE,MGH259,4.35443795384477e-95
mgh259,MP_Vasc,0.238663846268599,-0.000323310701584223,0.00011943479512785,21.8680031803818,2.62005402202976e-106,,3094,IDHm,Oligodendroglioma,3,TRUE,MGH259,4.97810264185655e-106
mgh259,MP_MES.Hyp,0.305348457096703,-0.000323310701584223,0.000119609111425599,27.949445528941,3.34769267657323e-172,,3094,IDHm,Oligodendroglioma,3,TRUE,MGH259,6.36061608548914e-172
mgh259,MP_Mac,0.599867771548149,-0.000323310701584223,0.000119472252037628,54.9105777494325,0,,3094,IDHm,Oligodendroglioma,3,TRUE,MGH259,0
mgh259,MP_Oligo,0.735815196920474,-0.000323310701584223,0.000119429482707493,67.3602609282315,0,,3094,IDHm,Oligodendroglioma,3,TRUE,MGH259,0
mgh259,MP_MES,0.412700661609751,-0.000323310701584223,0.000119511879951289,37.7806756415056,0,,3094,IDHm,Oligodendroglioma,3,TRUE,MGH259,0
mgh259,MP_Prolif.Metab,0.0789564636574401,-0.000323310701584223,0.000119558748417427,7.25056291520493,2.07521514372428e-13,,3094,IDHm,Oligodendroglioma,3,TRUE,MGH259,3.28575731089678e-13
mgh259,MP_MES.Ast,0.19307230739092,-0.000323310701584223,0.000119617569071194,17.6827229945345,2.84883651283293e-70,,3094,IDHm,Oligodendroglioma,3,TRUE,MGH259,3.1839937496368e-70
mgh259,MP_Reactive.Ast,0.675853507549196,-0.000323310701584223,0.000119595051139285,61.8306302127064,0,,3094,IDHm,Oligodendroglioma,3,TRUE,MGH259,0
mgh259,MP_NPC,0.201729847807355,-0.000323310701584223,0.000119622928986912,18.4738931652739,1.67513991529842e-76,,3094,IDHm,Oligodendroglioma,3,TRUE,MGH259,3.97845729883374e-76
mgh259,MP_Inflammatory.Mac,0.247971178208002,-0.000323310701584223,0.000119480557863188,22.7152990801973,1.58152332271271e-114,,3094,IDHm,Oligodendroglioma,3,TRUE,MGH259,2.31145716396473e-114
mgh259,MP_chromatin.reg,0.48496584210773,-0.000323310701584223,0.000119572126185441,44.3798273305814,0,,3094,IDHm,Oligodendroglioma,3,TRUE,MGH259,0
mgh259,MP_OPC,0.549246065592144,-0.000323310701584223,0.000119633435513565,50.2453918153952,0,,3094,IDHm,Oligodendroglioma,3,TRUE,MGH259,0
mgh259,MP_AC,0.480264418295141,-0.000323310701584223,0.000119621028565748,43.9408963082827,0,,3094,IDHm,Oligodendroglioma,3,TRUE,MGH259,0
mgh259,C1b_resid_macadj,0.263039509894525,-0.000323310701584223,0.000119614489201094,24.0803375162676,2.0087509498133e-128,0.001,3094,IDHm,Oligodendroglioma,3,TRUE,MGH259,6.3610446744088e-128
zh1007inf,C1b,0.617075982138863,-0.000744047619047619,0.000278998466833918,36.9880193097251,8.92163723558775e-300,0.001,1345,GBM,Glioblastoma,4,FALSE,ZH1007,1.88345674973519e-299
zh1007inf,C1b_noRibo,0.61029003205439,-0.000744047619047619,0.000278996171097118,36.5819044959186,2.77409861963434e-293,0.001,1345,GBM,Glioblastoma,4,FALSE,ZH1007,6.58848422163155e-293
zh1007inf,C1b_noMPoverlap,0.472676880615605,-0.000744047619047619,0.00027897831106598,28.3440713292073,4.95191516493504e-177,,1345,GBM,Glioblastoma,4,FALSE,ZH1007,9.40863881337657e-177
zh1007inf,C1b_MHCII,0.444952475905108,-0.000744047619047619,0.000279003723680552,26.6829748447082,3.70959399678969e-157,,1345,GBM,Glioblastoma,4,FALSE,ZH1007,7.8313651043338e-157
zh1007inf,C1b_nonMHCII,0.568701296104801,-0.000744047619047619,0.000278993171239101,34.0922182029068,4.80982881637777e-255,,1345,GBM,Glioblastoma,4,FALSE,ZH1007,1.14233434388972e-254
zh1007inf,C1b_AMS,0.480609410272028,-0.000744047619047619,0.000278936096399785,28.8211785935032,5.82206483256047e-183,,1345,GBM,Glioblastoma,4,FALSE,ZH1007,1.22910257576277e-182
zh1007inf,C1b_Tirosh,0.418270814815703,-0.000744047619047619,0.000278967529443385,25.0872235325743,3.42827007058758e-139,,1345,GBM,Glioblastoma,4,FALSE,ZH1007,7.71360765882205e-139
zh1007inf,MP_Neuron,0.156976460836869,-0.000744047619047619,0.000278869019228384,9.44469709058628,1.78216875915758e-21,,1345,GBM,Glioblastoma,4,FALSE,ZH1007,2.41865760171386e-21
zh1007inf,MP_Vasc,0.495010744514059,-0.000744047619047619,0.000278727565692399,29.6945644802584,4.5126960463872e-194,,1345,GBM,Glioblastoma,4,FALSE,ZH1007,1.42902041468928e-193
zh1007inf,MP_MES.Hyp,0.464495536121695,-0.000744047619047619,0.000279047533201028,27.8507929502116,5.26790035347784e-171,,1345,GBM,Glioblastoma,4,FALSE,ZH1007,9.09910061055262e-171
zh1007inf,MP_Mac,0.608479829200849,-0.000744047619047619,0.00027894472434907,36.4768930572441,1.28921154465382e-291,,1345,GBM,Glioblastoma,4,FALSE,ZH1007,3.06187741855282e-291
zh1007inf,MP_Oligo,0.444398377412953,-0.000744047619047619,0.000278795182618911,26.6597673281147,6.89479253729552e-157,,1345,GBM,Glioblastoma,4,FALSE,ZH1007,9.3572184434725e-157
zh1007inf,MP_MES,0.488022539104409,-0.000744047619047619,0.000278892079095278,29.2673511905504,1.35053315600741e-188,,1345,GBM,Glioblastoma,4,FALSE,ZH1007,2.56601299641408e-188
zh1007inf,MP_Prolif.Metab,0.0610985066582235,-0.000744047619047619,0.000278605827806702,3.70503504811177,0.000105680752623613,,1345,GBM,Glioblastoma,4,FALSE,ZH1007,0.000118113782344038
zh1007inf,MP_MES.Ast,0.747174417305315,-0.000744047619047619,0.000279059457610878,44.7719368481401,0,,1345,GBM,Glioblastoma,4,FALSE,ZH1007,0
zh1007inf,MP_Reactive.Ast,0.421487657616555,-0.000744047619047619,0.00027898291697907,25.2791249068761,2.70998692792759e-141,,1345,GBM,Glioblastoma,4,FALSE,ZH1007,3.67783940218744e-141
zh1007inf,MP_NPC,0.130580567004392,-0.000744047619047619,0.000278989934368145,7.86234085254296,1.88510213338322e-15,,1345,GBM,Glioblastoma,4,FALSE,ZH1007,2.10687885495771e-15
zh1007inf,MP_Inflammatory.Mac,0.354310698453962,-0.000744047619047619,0.000278833571783281,21.2629144248246,1.25187403264287e-100,,1345,GBM,Glioblastoma,4,FALSE,ZH1007,1.5857071080143e-100
zh1007inf,MP_chromatin.reg,0.579608838347638,-0.000744047619047619,0.000278928446331301,34.749274723365,7.10699185866313e-265,,1345,GBM,Glioblastoma,4,FALSE,ZH1007,1.50036494793999e-264
zh1007inf,MP_OPC,0.274022294491316,-0.000744047619047619,0.000278850394847503,16.4542427523705,3.90968359537159e-61,,1345,GBM,Glioblastoma,4,FALSE,ZH1007,4.1268882395589e-61
zh1007inf,MP_AC,0.256443138200744,-0.000744047619047619,0.000278751566739425,15.4042538853355,7.66238411824868e-54,,1345,GBM,Glioblastoma,4,FALSE,ZH1007,7.66238411824868e-54
zh1007inf,C1b_resid_macadj,0.286778717542645,-0.000744047619047619,0.000278947502047474,17.2151574108461,1.02195633845891e-66,0.001,1345,GBM,Glioblastoma,4,FALSE,ZH1007,2.15746338119104e-66
zh1007nec,C1b,0.387061513198802,-0.00114285714285714,0.00043457344423714,18.6221074520563,1.06338588856186e-77,0.001,876,GBM,Glioblastoma,4,FALSE,ZH1007,1.34695545884502e-77
zh1007nec,C1b_noRibo,0.390562382982946,-0.00114285714285714,0.000434583552211058,18.7898251488679,4.57401385598386e-79,0.001,876,GBM,Glioblastoma,4,FALSE,ZH1007,5.79375088424622e-79
zh1007nec,C1b_noMPoverlap,0.3746761641628,-0.00114285714285714,0.000434316788781537,18.0333099994029,5.33541220030878e-73,,876,GBM,Glioblastoma,4,FALSE,ZH1007,7.79791013891284e-73
zh1007nec,C1b_MHCII,0.406417728337329,-0.00114285714285714,0.000434438481304683,19.553658858912,1.9198479932659e-85,,876,GBM,Glioblastoma,4,FALSE,ZH1007,3.03975932267101e-85
zh1007nec,C1b_nonMHCII,0.49582367680149,-0.00114285714285714,0.000434359727190165,23.8452768018418,5.66798172742027e-126,,876,GBM,Glioblastoma,4,FALSE,ZH1007,8.28397329392193e-126
zh1007nec,C1b_AMS,0.49558491238256,-0.00114285714285714,0.000434659111570501,23.8256109498913,9.06480739424167e-126,,876,GBM,Glioblastoma,4,FALSE,ZH1007,1.32485646531224e-125
zh1007nec,C1b_Tirosh,0.428766730029923,-0.00114285714285714,0.000434843012059394,20.6163074646449,9.79779238232759e-95,,876,GBM,Glioblastoma,4,FALSE,ZH1007,1.76360262881897e-94
zh1007nec,MP_Neuron,0.123224720252276,-0.00114285714285714,0.000434743521016876,5.96472760698269,1.22521238930194e-09,,876,GBM,Glioblastoma,4,FALSE,ZH1007,1.36935502333746e-09
zh1007nec,MP_Vasc,0.427450212671651,-0.00114285714285714,0.000432165332774495,20.616748896238,9.70882236546341e-95,,876,GBM,Glioblastoma,4,FALSE,ZH1007,1.67697840858004e-94
zh1007nec,MP_MES.Hyp,0.815808740670419,-0.00114285714285714,0.00043532797432368,39.1550730483393,0,,876,GBM,Glioblastoma,4,FALSE,ZH1007,0
zh1007nec,MP_Mac,0.449545208475179,-0.00114285714285714,0.000434720573566903,21.6157824562531,6.38105176305253e-104,,876,GBM,Glioblastoma,4,FALSE,ZH1007,9.32615257676908e-104
zh1007nec,MP_Oligo,0.13063566473594,-0.00114285714285714,0.000434787299128667,6.31984180409702,1.30915600630098e-10,,876,GBM,Glioblastoma,4,FALSE,ZH1007,1.30915600630098e-10
zh1007nec,MP_MES,0.4774149264935,-0.00114285714285714,0.000434754967254698,22.9515546326438,7.10864908424724e-117,,876,GBM,Glioblastoma,4,FALSE,ZH1007,9.64745232862125e-117
zh1007nec,MP_Prolif.Metab,0.0219479936869033,-0.00114285714285714,0.000434042038206472,1.10834263210994,0.133856935188063,,876,GBM,Glioblastoma,4,FALSE,ZH1007,0.133856935188063
zh1007nec,MP_MES.Ast,0.502676611038199,-0.00114285714285714,0.000434871767617593,24.1598558258918,2.94121675252263e-129,,876,GBM,Glioblastoma,4,FALSE,ZH1007,4.29870140753307e-129
zh1007nec,MP_Reactive.Ast,0.240927089474852,-0.00114285714285714,0.000434935837302163,11.6072216463764,1.89361039373039e-31,,876,GBM,Glioblastoma,4,FALSE,ZH1007,1.99881097115986e-31
zh1007nec,MP_NPC,0.230465247528815,-0.00114285714285714,0.000435079021031056,11.1037501574794,6.01442032362775e-29,,876,GBM,Glioblastoma,4,FALSE,ZH1007,8.79030662684055e-29
zh1007nec,MP_Inflammatory.Mac,0.629984066409153,-0.00114285714285714,0.000434889734736049,30.2640558027173,1.70417099051848e-201,,876,GBM,Glioblastoma,4,FALSE,ZH1007,3.59769431331679e-201
zh1007nec,MP_chromatin.reg,0.496839737604516,-0.00114285714285714,0.00043382859133654,23.9086513230574,1.2448274795827e-126,,876,GBM,Glioblastoma,4,FALSE,ZH1007,1.68940872229081e-126
zh1007nec,MP_OPC,0.596604633224659,-0.00114285714285714,0.000434939500307729,28.6617917253748,5.71464570676577e-181,,876,GBM,Glioblastoma,4,FALSE,ZH1007,8.35217449450381e-181
zh1007nec,MP_AC,0.656592091495739,-0.00114285714285714,0.000435120247972076,31.5316191226454,1.60177981263582e-218,,876,GBM,Glioblastoma,4,FALSE,ZH1007,2.17384403143433e-218
zh1007nec,C1b_resid_macadj,0.207787478165583,-0.00114285714285714,0.000434883791272044,10.0187811652984,6.3023868133394e-24,0.001,876,GBM,Glioblastoma,4,FALSE,ZH1007,8.5532392466749e-24
zh1019inf,C1b,0.630921157174088,-0.000597371565113501,0.000214979344691055,43.0712751914211,0,0.001,1675,GBM,Glioblastoma,4,FALSE,ZH1019,0
zh1019inf,C1b_noRibo,0.610192904600861,-0.000597371565113501,0.000214996327945275,41.65590682377,0,0.001,1675,GBM,Glioblastoma,4,FALSE,ZH1019,0
zh1019inf,C1b_noMPoverlap,0.543619297873065,-0.000597371565113501,0.000214937918778076,37.1206284754729,6.52951780026055e-302,,1675,GBM,Glioblastoma,4,FALSE,ZH1019,2.06768063674917e-301
zh1019inf,C1b_MHCII,0.306333979617652,-0.000597371565113501,0.000215008408395004,20.9321350997801,1.36495382966064e-97,,1675,GBM,Glioblastoma,4,FALSE,ZH1019,2.35764752395929e-97
zh1019inf,C1b_nonMHCII,0.630225743704237,-0.000597371565113501,0.000215009137167599,43.0208652316652,0,,1675,GBM,Glioblastoma,4,FALSE,ZH1019,0
zh1019inf,C1b_AMS,0.418508597149173,-0.000597371565113501,0.000214844831821153,28.5931096942377,4.09199251216743e-180,,1675,GBM,Glioblastoma,4,FALSE,ZH1019,7.77478577311811e-180
zh1019inf,C1b_Tirosh,0.25383606422906,-0.000597371565113501,0.000214893838833137,17.356501912334,8.8066654542089e-68,,1675,GBM,Glioblastoma,4,FALSE,ZH1019,1.32099981813133e-67
zh1019inf,MP_Neuron,0.271956908633206,-0.000597371565113501,0.000214906234790434,18.5921022397755,1.86147943571398e-77,,1675,GBM,Glioblastoma,4,FALSE,ZH1019,3.92978991984063e-77
zh1019inf,MP_Vasc,0.373436680134311,-0.000597371565113501,0.00021392252085915,25.5730712076265,1.52084511710042e-144,,1675,GBM,Glioblastoma,4,FALSE,ZH1019,3.21067302498977e-144
zh1019inf,MP_MES.Hyp,0.840414648679455,-0.000597371565113501,0.000214519279909648,57.4207734123495,0,,1675,GBM,Glioblastoma,4,FALSE,ZH1019,0
zh1019inf,MP_Mac,0.34975529796061,-0.000597371565113501,0.000214971476382038,23.8954388759963,1.70804990204728e-126,,1675,GBM,Glioblastoma,4,FALSE,ZH1019,2.95026801262712e-126
zh1019inf,MP_Oligo,0.461825859300009,-0.000597371565113501,0.000215024172996481,31.5352298457697,1.42923974130267e-218,,1675,GBM,Glioblastoma,4,FALSE,ZH1019,2.08888885267313e-218
zh1019inf,MP_MES,0.691288889722584,-0.000597371565113501,0.000215044239036254,47.1813975332416,0,,1675,GBM,Glioblastoma,4,FALSE,ZH1019,0
zh1019inf,MP_Prolif.Metab,0.256122098222788,-0.000597371565113501,0.0002147364313226,17.5188640106532,5.14293729174653e-69,,1675,GBM,Glioblastoma,4,FALSE,ZH1019,2.4428952135796e-68
zh1019inf,MP_MES.Ast,0.664315482413861,-0.000597371565113501,0.000214952464247997,45.3516940935236,0,,1675,GBM,Glioblastoma,4,FALSE,ZH1019,0
zh1019inf,MP_Reactive.Ast,0.576699583642628,-0.000597371565113501,0.000215023936204753,39.3691341193393,0,,1675,GBM,Glioblastoma,4,FALSE,ZH1019,0
zh1019inf,MP_NPC,0.132289546955717,-0.000597371565113501,0.000214998197958523,9.06285060270876,6.35425155369734e-20,,1675,GBM,Glioblastoma,4,FALSE,ZH1019,8.04871863468329e-20
zh1019inf,MP_Inflammatory.Mac,0.319709559619073,-0.000597371565113501,0.000213902094112651,21.9007414617485,1.27793873233969e-106,,1675,GBM,Glioblastoma,4,FALSE,ZH1019,1.73434542246101e-106
zh1019inf,MP_chromatin.reg,0.574516454343762,-0.000597371565113501,0.000214945959883414,39.2273675791756,0,,1675,GBM,Glioblastoma,4,FALSE,ZH1019,0
zh1019inf,MP_OPC,0.531296283609789,-0.000597371565113501,0.000214935829025422,36.2802608853838,1.65677208953652e-288,,1675,GBM,Glioblastoma,4,FALSE,ZH1019,3.49762996679933e-288
zh1019inf,MP_AC,0.678563962405443,-0.000597371565113501,0.000215031457296987,46.3150304137041,0,,1675,GBM,Glioblastoma,4,FALSE,ZH1019,0
zh1019inf,C1b_resid_macadj,0.495759773021262,-0.000597371565113501,0.000214995744192387,33.8516113351035,1.71818321051986e-251,0.001,1675,GBM,Glioblastoma,4,FALSE,ZH1019,1.63227404999387e-250
zh1019t1,C1b,0.331781251265978,-0.000938967136150235,0.00033881851741033,18.0757207590497,2.47521086288922e-73,0.001,1066,GBM,Glioblastoma,4,FALSE,ZH1019,2.93931289968095e-73
zh1019t1,C1b_noRibo,0.321789582754995,-0.000938967136150235,0.000338825305603591,17.5327268670581,4.03046139524563e-69,0.001,1066,GBM,Glioblastoma,4,FALSE,ZH1019,4.78617290685419e-69
zh1019t1,C1b_noMPoverlap,0.207314088653298,-0.000938967136150235,0.000338834591386064,11.3135138369219,5.62461733497593e-30,,1066,GBM,Glioblastoma,4,FALSE,ZH1019,6.28633702144369e-30
zh1019t1,C1b_MHCII,0.318607281181142,-0.000938967136150235,0.000339012369350187,17.3550532618535,9.03164255790937e-68,,1066,GBM,Glioblastoma,4,FALSE,ZH1019,1.22572291857342e-67
zh1019t1,C1b_nonMHCII,0.237010845035048,-0.000938967136150235,0.00033880544387335,12.9273699182042,1.57712706978521e-38,,1066,GBM,Glioblastoma,4,FALSE,ZH1019,1.76267143093641e-38
zh1019t1,C1b_AMS,0.26617114103972,-0.000938967136150235,0.000338699022255588,14.5138741086513,4.94846778887048e-48,,1066,GBM,Glioblastoma,4,FALSE,ZH1019,5.8763054992837e-48
zh1019t1,C1b_Tirosh,0.159816277414937,-0.000938967136150235,0.000338923100374231,8.73201685158077,1.25085469211528e-18,,1066,GBM,Glioblastoma,4,FALSE,ZH1019,1.40721152862969e-18
zh1019t1,MP_Neuron,0.123494130407265,-0.000938967136150235,0.000338974312720494,6.75853423180455,6.96973591247514e-12,,1066,GBM,Glioblastoma,4,FALSE,ZH1019,8.82833215580184e-12
zh1019t1,MP_Vasc,0.268373298629445,-0.000938967136150235,0.000336030648038419,14.6915185887624,3.65289816434468e-49,,1066,GBM,Glioblastoma,4,FALSE,ZH1019,5.338851163273e-49
zh1019t1,MP_MES.Hyp,0.75496024654456,-0.000938967136150235,0.000338346063544173,41.0944648761151,0,,1066,GBM,Glioblastoma,4,FALSE,ZH1019,0
zh1019t1,MP_Mac,0.314916685219622,-0.000938967136150235,0.000338849021520734,17.1587455959002,2.70344339088357e-66,,1066,GBM,Glioblastoma,4,FALSE,ZH1019,3.21033902667424e-66
zh1019t1,MP_Oligo,0.163523485607877,-0.000938967136150235,0.000338285075628051,8.94180807126498,1.91427049178364e-19,,1066,GBM,Glioblastoma,4,FALSE,ZH1019,2.27319620899308e-19
zh1019t1,MP_MES,0.373695477367468,-0.000938967136150235,0.00033863767937626,20.3582322685027,1.96245394053967e-92,,1066,GBM,Glioblastoma,4,FALSE,ZH1019,2.33041405439085e-92
zh1019t1,MP_Prolif.Metab,0.0586596294250782,-0.000938967136150235,0.000338195992599021,3.24079682292363,0.000595980534701476,,1066,GBM,Glioblastoma,4,FALSE,ZH1019,0.000629090564407114
zh1019t1,MP_MES.Ast,0.338638249470767,-0.000938967136150235,0.000338387373923149,18.4599903313385,2.16709598554948e-76,,1066,GBM,Glioblastoma,4,FALSE,ZH1019,2.57342648284001e-76
zh1019t1,MP_Reactive.Ast,0.34583002413125,-0.000938967136150235,0.000338941952644859,18.8355190073886,1.93160680111989e-79,,1066,GBM,Glioblastoma,4,FALSE,ZH1019,2.15885466007517e-79
zh1019t1,MP_NPC,0.138519725458655,-0.000938967136150235,0.000338930175913828,7.57513663817474,1.79374924911119e-14,,1066,GBM,Glioblastoma,4,FALSE,ZH1019,1.89340198517292e-14
zh1019t1,MP_Inflammatory.Mac,0.302350848682171,-0.000938967136150235,0.000338456817331558,16.4856545155417,2.32614621928192e-61,,1066,GBM,Glioblastoma,4,FALSE,ZH1019,2.76229863539729e-61
zh1019t1,MP_chromatin.reg,0.498973696114852,-0.000938967136150235,0.000338517172384033,27.1708850848768,7.17381429587985e-163,,1066,GBM,Glioblastoma,4,FALSE,ZH1019,1.23911337837925e-162
zh1019t1,MP_OPC,0.42590152383424,-0.000938967136150235,0.000338830293735383,23.1885981589347,2.96724341606453e-119,,1066,GBM,Glioblastoma,4,FALSE,ZH1019,3.52360155657662e-119
zh1019t1,MP_AC,0.491412513228081,-0.000938967136150235,0.00033873174974693,26.7514480528139,5.93898706728638e-158,,1066,GBM,Glioblastoma,4,FALSE,ZH1019,7.52271695189608e-158
zh1019t1,C1b_resid_macadj,0.161141329264243,-0.000938967136150235,0.000338922180095599,8.80400390606673,6.60098963206733e-19,0.001,1066,GBM,Glioblastoma,4,FALSE,ZH1019,7.83867518807996e-19
zh8811a,C1b,0.576883025629142,-0.000423549343498518,0.00015620694533966,46.1908903821755,0,0.001,2362,GBM,Glioblastoma,4,FALSE,ZH881,0
zh8811a,C1b_noRibo,0.555492220717489,-0.000423549343498518,0.000156215417837867,44.4781839629168,0,0.001,2362,GBM,Glioblastoma,4,FALSE,ZH881,0
zh8811a,C1b_noMPoverlap,0.493844187306675,-0.000423549343498518,0.000156189870599479,39.5490294544535,0,,2362,GBM,Glioblastoma,4,FALSE,ZH881,0
zh8811a,C1b_MHCII,0.583476622915292,-0.000423549343498518,0.000156229116314212,46.7151357545173,0,,2362,GBM,Glioblastoma,4,FALSE,ZH881,0
zh8811a,C1b_nonMHCII,0.575789441843451,-0.000423549343498518,0.00015622160534589,46.1012283762688,0,,2362,GBM,Glioblastoma,4,FALSE,ZH881,0
zh8811a,C1b_AMS,0.40246990864405,-0.000423549343498518,0.000156198296578093,32.2368106912595,2.69234334129732e-228,,2362,GBM,Glioblastoma,4,FALSE,ZH881,7.30778906923558e-228
zh8811a,C1b_Tirosh,0.342005979279557,-0.000423549343498518,0.000156201140779836,27.3986463895668,1.42314399119884e-165,,2362,GBM,Glioblastoma,4,FALSE,ZH881,4.26943197359652e-165
zh8811a,MP_Neuron,0.558988493622083,-0.000423549343498518,0.000156195865151975,44.7607180759243,0,,2362,GBM,Glioblastoma,4,FALSE,ZH881,0
zh8811a,MP_Vasc,0.415630026204254,-0.000423549343498518,0.000155752901652329,33.3373585156963,5.55396086298402e-244,,2362,GBM,Glioblastoma,4,FALSE,ZH881,2.11050512793393e-243
zh8811a,MP_MES.Hyp,0.835206555310567,-0.000423549343498518,0.000156166873553389,66.8681979889084,0,,2362,GBM,Glioblastoma,4,FALSE,ZH881,0
zh8811a,MP_Mac,0.651503468776279,-0.000423549343498518,0.000156210199103705,52.160805222452,0,,2362,GBM,Glioblastoma,4,FALSE,ZH881,0
zh8811a,MP_Oligo,0.590903481380091,-0.000423549343498518,0.000156183066359945,47.3162981100818,0,,2362,GBM,Glioblastoma,4,FALSE,ZH881,0
zh8811a,MP_MES,0.552111330336398,-0.000423549343498518,0.000156207982998186,44.2087348332213,0,,2362,GBM,Glioblastoma,4,FALSE,ZH881,0
zh8811a,MP_Prolif.Metab,0.097583864759995,-0.000423549343498518,0.00015611627005479,7.84395055426381,2.18294534590924e-15,,2362,GBM,Glioblastoma,4,FALSE,ZH881,3.77054196111596e-15
zh8811a,MP_MES.Ast,0.650195497780997,-0.000423549343498518,0.000156242440548304,52.0507829064024,0,,2362,GBM,Glioblastoma,4,FALSE,ZH881,0
zh8811a,MP_Reactive.Ast,0.530004968906114,-0.000423549343498518,0.000156196432011389,42.4415573119748,0,,2362,GBM,Glioblastoma,4,FALSE,ZH881,0
zh8811a,MP_NPC,0.553197710682967,-0.000423549343498518,0.000156158988396788,44.3026052451328,0,,2362,GBM,Glioblastoma,4,FALSE,ZH881,0
zh8811a,MP_Inflammatory.Mac,0.641709081056466,-0.000423549343498518,0.000156094737946778,51.3961523695468,0,,2362,GBM,Glioblastoma,4,FALSE,ZH881,0
zh8811a,MP_chromatin.reg,0.672929689794751,-0.000423549343498518,0.000156163351776725,53.8832016307271,0,,2362,GBM,Glioblastoma,4,FALSE,ZH881,0
zh8811a,MP_OPC,0.856295045483935,-0.000423549343498518,0.000156234703227547,68.5408427200725,0,,2362,GBM,Glioblastoma,4,FALSE,ZH881,0
zh8811a,MP_AC,0.766867086813841,-0.000423549343498518,0.000156230539772246,61.3870737522172,0,,2362,GBM,Glioblastoma,4,FALSE,ZH881,0
zh8811a,C1b_resid_macadj,0.344138417346436,-0.000423549343498518,0.000156177633653968,27.5713428341083,1.22778415815107e-167,0.001,2362,GBM,Glioblastoma,4,FALSE,ZH881,5.83197475121759e-167
zh8811b,C1b,0.632081990638394,-0.000403551251008878,0.000151538276044708,51.379447662119,0,0.001,2479,GBM,Glioblastoma,4,FALSE,ZH881,0
zh8811b,C1b_noRibo,0.604848290170001,-0.000403551251008878,0.000151539902190816,49.1668763915397,0,0.001,2479,GBM,Glioblastoma,4,FALSE,ZH881,0
zh8811b,C1b_noMPoverlap,0.533400931381664,-0.000403551251008878,0.000151490961940312,43.3699433445551,0,,2479,GBM,Glioblastoma,4,FALSE,ZH881,0
zh8811b,C1b_MHCII,0.658692777389675,-0.000403551251008878,0.000151583492641729,53.5331671174705,0,,2479,GBM,Glioblastoma,4,FALSE,ZH881,0
zh8811b,C1b_nonMHCII,0.609453636477806,-0.000403551251008878,0.000151535096382215,49.5417715084682,0,,2479,GBM,Glioblastoma,4,FALSE,ZH881,0
zh8811b,C1b_AMS,0.486834634277034,-0.000403551251008878,0.000151527418085246,39.5818150875174,0,,2479,GBM,Glioblastoma,4,FALSE,ZH881,0
zh8811b,C1b_Tirosh,0.424125613956556,-0.000403551251008878,0.000151541343258578,34.4859318351087,6.51842588040508e-261,,2479,GBM,Glioblastoma,4,FALSE,ZH881,2.93329164618229e-260
zh8811b,MP_Neuron,0.536257397602674,-0.000403551251008878,0.000151550239887711,43.5934941180502,0,,2479,GBM,Glioblastoma,4,FALSE,ZH881,0
zh8811b,MP_Vasc,0.322585401297091,-0.000403551251008878,0.000150892334865845,26.2938438020842,1.12761930864451e-152,,2479,GBM,Glioblastoma,4,FALSE,ZH881,2.67809585803072e-152
zh8811b,MP_MES.Hyp,0.841183166141311,-0.000403551251008878,0.000151542824633708,68.3645852721052,0,,2479,GBM,Glioblastoma,4,FALSE,ZH881,0
zh8811b,MP_Mac,0.699912525381832,-0.000403551251008878,0.000151566899390354,56.884233842599,0,,2479,GBM,Glioblastoma,4,FALSE,ZH881,0
zh8811b,MP_Oligo,0.636185327099491,-0.000403551251008878,0.000151575553411262,51.7064195367264,0,,2479,GBM,Glioblastoma,4,FALSE,ZH881,0
zh8811b,MP_MES,0.537497746247709,-0.000403551251008878,0.000151559704627805,43.6928845017859,0,,2479,GBM,Glioblastoma,4,FALSE,ZH881,0
zh8811b,MP_Prolif.Metab,0.0579764751766417,-0.000403551251008878,0.000151477025360579,4.74341260383824,1.05073814542175e-06,,2479,GBM,Glioblastoma,4,FALSE,ZH881,1.42600176878667e-06
zh8811b,MP_MES.Ast,0.608979797809888,-0.000403551251008878,0.000151575186389873,49.4967322309435,0,,2479,GBM,Glioblastoma,4,FALSE,ZH881,0
zh8811b,MP_Reactive.Ast,0.575590774406181,-0.000403551251008878,0.000151566573839844,46.7860615998568,0,,2479,GBM,Glioblastoma,4,FALSE,ZH881,0
zh8811b,MP_NPC,0.539033992663642,-0.000403551251008878,0.000151498729411496,43.8264883873571,0,,2479,GBM,Glioblastoma,4,FALSE,ZH881,0
zh8811b,MP_Inflammatory.Mac,0.609124570532823,-0.000403551251008878,0.000151483316357115,49.5235017161552,0,,2479,GBM,Glioblastoma,4,FALSE,ZH881,0
zh8811b,MP_chromatin.reg,0.687028656481561,-0.000403551251008878,0.000151548705207735,55.8410737793766,0,,2479,GBM,Glioblastoma,4,FALSE,ZH881,0
zh8811b,MP_OPC,0.882744564391667,-0.000403551251008878,0.000151595686877985,71.7282316418787,0,,2479,GBM,Glioblastoma,4,FALSE,ZH881,0
zh8811b,MP_AC,0.814426066047249,-0.000403551251008878,0.000151607503483538,66.1769059411298,0,,2479,GBM,Glioblastoma,4,FALSE,ZH881,0
zh8811b,C1b_resid_macadj,0.401215957779329,-0.000403551251008878,0.000151507964472199,32.6284970212637,8.08848251480647e-234,0.001,2479,GBM,Glioblastoma,4,FALSE,ZH881,5.12270559271076e-233
zh8812,C1b,0.445130332375616,-0.000506329113924051,0.000190874122320027,32.2557679043942,1.46012989814981e-228,0.001,1976,GBM,Glioblastoma,4,FALSE,ZH881,2.52204255134967e-228
zh8812,C1b_noRibo,0.438612434536765,-0.000506329113924051,0.000190872999335713,31.7840873819166,5.37035253571352e-222,0.001,1976,GBM,Glioblastoma,4,FALSE,ZH881,1.02036698178557e-221
zh8812,C1b_noMPoverlap,0.300072346796589,-0.000506329113924051,0.000190893373219475,21.7551830000054,3.08499084222744e-105,,1976,GBM,Glioblastoma,4,FALSE,ZH881,4.88456883352678e-105
zh8812,C1b_MHCII,0.267123880149959,-0.000506329113924051,0.000190863276352271,19.3719770716402,6.65245995884325e-84,,1976,GBM,Glioblastoma,4,FALSE,ZH881,9.72282609369398e-84
zh8812,C1b_nonMHCII,0.380662981756083,-0.000506329113924051,0.000190900242131933,27.5876487182332,7.82636678559086e-168,,1976,GBM,Glioblastoma,4,FALSE,ZH881,1.48700968926226e-167
zh8812,C1b_AMS,0.276315665577132,-0.000506329113924051,0.000190821432245167,20.0395063094929,1.24613617101329e-89,,1976,GBM,Glioblastoma,4,FALSE,ZH881,1.57843914995017e-89
zh8812,C1b_Tirosh,0.20101317636437,-0.000506329113924051,0.000190860211624943,14.5867784993443,1.70460099288624e-48,,1976,GBM,Glioblastoma,4,FALSE,ZH881,2.19162984799659e-48
zh8812,MP_Neuron,0.0726748751650285,-0.000506329113924051,0.000190872876194174,5.29696914448965,5.88702905939706e-08,,1976,GBM,Glioblastoma,4,FALSE,ZH881,6.21408622936356e-08
zh8812,MP_Vasc,0.483674939797475,-0.000506329113924051,0.000190025585464251,35.1238363201056,1.4585002950474e-270,,1976,GBM,Glioblastoma,4,FALSE,ZH881,6.92787640147517e-270
zh8812,MP_MES.Hyp,0.303616799058389,-0.000506329113924051,0.000190891036081086,22.0118569295957,1.1086123132458e-107,,1976,GBM,Glioblastoma,4,FALSE,ZH881,1.40424226344468e-107
zh8812,MP_Mac,0.388877117798015,-0.000506329113924051,0.000190759382645085,28.1925611532396,3.60704249894411e-175,,1976,GBM,Glioblastoma,4,FALSE,ZH881,6.8533807479938e-175
zh8812,MP_Oligo,0.616645551953573,-0.000506329113924051,0.000190913506786562,44.6656573086465,0,,1976,GBM,Glioblastoma,4,FALSE,ZH881,0
zh8812,MP_MES,0.463267496388608,-0.000506329113924051,0.000190935041289335,33.5632041473031,2.88904793800925e-247,,1976,GBM,Glioblastoma,4,FALSE,ZH881,6.86148885277197e-247
zh8812,MP_Prolif.Metab,0.222138951057535,-0.000506329113924051,0.00019086438651906,16.1157693329028,9.88441378274133e-59,,1976,GBM,Glioblastoma,4,FALSE,ZH881,3.13006436453475e-58
zh8812,MP_MES.Ast,0.749980188854003,-0.000506329113924051,0.000190772656766554,54.3356455109175,0,,1976,GBM,Glioblastoma,4,FALSE,ZH881,0
zh8812,MP_Reactive.Ast,0.359960373671403,-0.000506329113924051,0.000190881850911352,26.0905260270773,2.33500792299715e-150,,1976,GBM,Glioblastoma,4,FALSE,ZH881,3.41270388745737e-150
zh8812,MP_NPC,0.130569946451984,-0.000506329113924051,0.000190881648623638,9.48728624546855,1.18563500155879e-21,,1976,GBM,Glioblastoma,4,FALSE,ZH881,1.60907607354407e-21
zh8812,MP_Inflammatory.Mac,0.413580717671637,-0.000506329113924051,0.000190658291106064,29.9891252017214,6.8015534299603e-198,,1976,GBM,Glioblastoma,4,FALSE,ZH881,1.29229515169246e-197
zh8812,MP_chromatin.reg,0.367445240538346,-0.000506329113924051,0.00019088381052407,26.6321428674722,1.44093943951198e-156,,1976,GBM,Glioblastoma,4,FALSE,ZH881,2.28148744589397e-156
zh8812,MP_OPC,0.370819107385581,-0.000506329113924051,0.000190814736338644,26.8812057166246,1.82152553395783e-159,,1976,GBM,Glioblastoma,4,FALSE,ZH881,2.4720703675142e-159
zh8812,MP_AC,0.559212197532574,-0.000506329113924051,0.000190936614123671,40.5065330714282,0,,1976,GBM,Glioblastoma,4,FALSE,ZH881,0
zh8812,C1b_resid_macadj,0.20686704392397,-0.000506329113924051,0.000190882009570538,15.0096474825347,3.17420990297667e-51,0.001,1976,GBM,Glioblastoma,4,FALSE,ZH881,5.48272619605061e-51
zh881inf,C1b,0.586328455528301,-0.000803858520900322,0.000294810036664492,34.1951765975247,1.42597533042277e-256,0.001,1245,GBM,Glioblastoma,4,FALSE,ZH881,2.70935312780327e-256
zh881inf,C1b_noRibo,0.498652397566068,-0.000803858520900322,0.00029477842607341,29.0903944139415,2.37448112953809e-186,0.001,1245,GBM,Glioblastoma,4,FALSE,ZH881,3.75959512176865e-186
zh881inf,C1b_noMPoverlap,0.522396864738641,-0.000803858520900322,0.00029474286115257,30.4752086811275,2.776693937928e-204,,1245,GBM,Glioblastoma,4,FALSE,ZH881,5.86190942451466e-204
zh881inf,C1b_MHCII,0.246717341524396,-0.000803858520900322,0.000294682485777931,14.4190032459614,1.96488399668788e-47,,1245,GBM,Glioblastoma,4,FALSE,ZH881,2.48885306247131e-47
zh881inf,C1b_nonMHCII,0.470077301428099,-0.000803858520900322,0.000294759898129843,27.4269247962124,6.54849234778301e-166,,1245,GBM,Glioblastoma,4,FALSE,ZH881,1.13110322370797e-165
zh881inf,C1b_AMS,0.42640971316007,-0.000803858520900322,0.000294716705391268,24.8852875884621,5.36858804694313e-137,,1245,GBM,Glioblastoma,4,FALSE,ZH881,8.50026440765996e-137
zh881inf,C1b_Tirosh,0.301313801549043,-0.000803858520900322,0.000294722984952052,17.5982348398635,1.27060891486397e-69,,1245,GBM,Glioblastoma,4,FALSE,ZH881,2.07917822432286e-69
zh881inf,MP_Neuron,0.460484326529643,-0.000803858520900322,0.000294058731803253,26.9001865151542,1.09260369521359e-159,,1245,GBM,Glioblastoma,4,FALSE,ZH881,2.96563860129404e-159
zh881inf,MP_Vasc,0.186121392632258,-0.000803858520900322,0.000290108885551408,10.9745685983859,2.53235151178601e-28,,1245,GBM,Glioblastoma,4,FALSE,ZH881,3.00716742024589e-28
zh881inf,MP_MES.Hyp,0.400990997742223,-0.000803858520900322,0.000294679475903287,23.4061200536504,1.8511649317756e-121,,1245,GBM,Glioblastoma,4,FALSE,ZH881,2.70554874644127e-121
zh881inf,MP_Mac,0.358866798790606,-0.000803858520900322,0.000294588641004635,20.9554509057823,8.36683807907997e-98,,1245,GBM,Glioblastoma,4,FALSE,ZH881,1.13549945358942e-97
zh881inf,MP_Oligo,0.588218314064923,-0.000803858520900322,0.000294788135889415,34.3065181605398,3.13690948209696e-258,,1245,GBM,Glioblastoma,4,FALSE,ZH881,5.96012801598423e-258
zh881inf,MP_MES,0.444657956290427,-0.000803858520900322,0.000294649027584584,25.9512317459758,8.80506653701198e-149,,1245,GBM,Glioblastoma,4,FALSE,ZH881,1.28689434002483e-148
zh881inf,MP_Prolif.Metab,0.215066187807991,-0.000803858520900322,0.000294750385225012,12.5737607959429,1.47190027529255e-36,,1245,GBM,Glioblastoma,4,FALSE,ZH881,3.4957631538198e-36
zh881inf,MP_MES.Ast,0.425903351310171,-0.000803858520900322,0.000294459511630494,24.8666445919415,8.54267785641875e-137,,1245,GBM,Glioblastoma,4,FALSE,ZH881,1.35259066059964e-136
zh881inf,MP_Reactive.Ast,0.550015675810534,-0.000803858520900322,0.00029479525073259,32.0810882869594,4.04686964846254e-226,,1245,GBM,Glioblastoma,4,FALSE,ZH881,6.40754361006569e-226
zh881inf,MP_NPC,0.372788065357882,-0.000803858520900322,0.000294099462235648,21.7846388294774,1.62247133684017e-105,,1245,GBM,Glioblastoma,4,FALSE,ZH881,4.40385077142332e-105
zh881inf,MP_Inflammatory.Mac,0.503108115989411,-0.000803858520900322,0.000294606265002597,29.3584883029279,9.30984881047352e-190,,1245,GBM,Glioblastoma,4,FALSE,ZH881,1.60806479453634e-189
zh881inf,MP_chromatin.reg,0.167800620742753,-0.000803858520900322,0.000294713874296546,9.8212963867943,4.55817709901228e-23,,1245,GBM,Glioblastoma,4,FALSE,ZH881,4.55817709901228e-23
zh881inf,MP_OPC,0.594588182023251,-0.000803858520900322,0.000294825788185792,34.6753050496074,9.28386686595459e-264,,1245,GBM,Glioblastoma,4,FALSE,ZH881,1.76393470453137e-263
zh881inf,MP_AC,0.607565357836209,-0.000803858520900322,0.000294835961944692,35.4304773263086,2.89861441183882e-275,,1245,GBM,Glioblastoma,4,FALSE,ZH881,4.5894728187448e-275
zh881inf,C1b_resid_macadj,0.270462513971155,-0.000803858520900322,0.00029478583666978,15.7994748920586,1.56859427569136e-56,0.001,1245,GBM,Glioblastoma,4,FALSE,ZH881,2.98032912381358e-56
zh881t1,C1b,0.51719692737825,-0.000383435582822086,0.000137600468472917,44.123284609069,0,0.001,2609,GBM,Glioblastoma,4,FALSE,ZH881,0
zh881t1,C1b_noRibo,0.509336743996952,-0.000383435582822086,0.00013759985537078,43.4533074849637,0,0.001,2609,GBM,Glioblastoma,4,FALSE,ZH881,0
zh881t1,C1b_noMPoverlap,0.376233663891049,-0.000383435582822086,0.000137597817434044,32.1065958817642,1.78338579668534e-226,,2609,GBM,Glioblastoma,4,FALSE,ZH881,4.84061859100305e-226
zh881t1,C1b_MHCII,0.391633982026642,-0.000383435582822086,0.000137629749277688,33.4155954231455,4.06935378195602e-245,,2609,GBM,Glioblastoma,4,FALSE,ZH881,1.28862869761941e-244
zh881t1,C1b_nonMHCII,0.499517729108538,-0.000383435582822086,0.000137610021321778,42.6146688052156,0,,2609,GBM,Glioblastoma,4,FALSE,ZH881,0
zh881t1,C1b_AMS,0.52917412588038,-0.000383435582822086,0.000137603081854904,45.1439018720124,0,,2609,GBM,Glioblastoma,4,FALSE,ZH881,0
zh881t1,C1b_Tirosh,0.491306096714908,-0.000383435582822086,0.000137613169099263,41.914179061326,0,,2609,GBM,Glioblastoma,4,FALSE,ZH881,0
zh881t1,MP_Neuron,0.596222109026922,-0.000383435582822086,0.000137624889738826,50.8556012471979,0,,2609,GBM,Glioblastoma,4,FALSE,ZH881,0
zh881t1,MP_Vasc,0.556397290215613,-0.000383435582822086,0.000137276387828461,47.5210766189573,0,,2609,GBM,Glioblastoma,4,FALSE,ZH881,0
zh881t1,MP_MES.Hyp,0.709863908943722,-0.000383435582822086,0.000137422950381677,60.587074748505,0,,2609,GBM,Glioblastoma,4,FALSE,ZH881,0
zh881t1,MP_Mac,0.549364391859186,-0.000383435582822086,0.000137629380224297,46.8606107564164,0,,2609,GBM,Glioblastoma,4,FALSE,ZH881,0
zh881t1,MP_Oligo,0.483843299122968,-0.000383435582822086,0.000137553989662166,41.2868897908964,0,,2609,GBM,Glioblastoma,4,FALSE,ZH881,0
zh881t1,MP_MES,0.31048858370282,-0.000383435582822086,0.000137607448818004,26.5009023933167,4.73148639695656e-155,,2609,GBM,Glioblastoma,4,FALSE,ZH881,7.49152012851455e-155
zh881t1,MP_Prolif.Metab,0.157808643410034,-0.000383435582822086,0.000137599811734962,13.4857720284292,9.48348272179182e-42,,2609,GBM,Glioblastoma,4,FALSE,ZH881,2.57408816734349e-41
zh881t1,MP_MES.Ast,0.454181615392699,-0.000383435582822086,0.000137635083352006,38.7464097627769,0,,2609,GBM,Glioblastoma,4,FALSE,ZH881,0
zh881t1,MP_Reactive.Ast,0.573177937935255,-0.000383435582822086,0.000137581987493874,48.8989019160196,0,,2609,GBM,Glioblastoma,4,FALSE,ZH881,0
zh881t1,MP_NPC,0.684321693683845,-0.000383435582822086,0.000137639899981217,58.3621667471953,0,,2609,GBM,Glioblastoma,4,FALSE,ZH881,0
zh881t1,MP_Inflammatory.Mac,0.595214429208066,-0.000383435582822086,0.000137633973293222,50.7680296491266,0,,2609,GBM,Glioblastoma,4,FALSE,ZH881,0
zh881t1,MP_chromatin.reg,0.415166788864911,-0.000383435582822086,0.000137613089630189,35.4236777509012,3.68884553491824e-275,,2609,GBM,Glioblastoma,4,FALSE,ZH881,8.76100814543081e-275
zh881t1,MP_OPC,0.634372040611212,-0.000383435582822086,0.000137626821223552,54.1071821394767,0,,2609,GBM,Glioblastoma,4,FALSE,ZH881,0
zh881t1,MP_AC,0.699658284745436,-0.000383435582822086,0.000137519091898207,59.6956142719127,0,,2609,GBM,Glioblastoma,4,FALSE,ZH881,0
zh881t1,C1b_resid_macadj,0.204319667021328,-0.000383435582822086,0.000137615571529178,17.4498073286216,1.7269791031608e-68,0.001,2609,GBM,Glioblastoma,4,FALSE,ZH881,4.10157537000691e-68
zh916bulk,C1b,0.621117506894444,-0.000504540867810293,0.000186900365084835,45.4696210566785,0,0.001,1983,GBM,Glioblastoma,4,FALSE,ZH916,0
zh916bulk,C1b_noRibo,0.58957671018701,-0.000504540867810293,0.000186895562773915,43.1630693971181,0,0.001,1983,GBM,Glioblastoma,4,FALSE,ZH916,0
zh916bulk,C1b_noMPoverlap,0.59473700973429,-0.000504540867810293,0.000186910751326219,43.5387641829376,0,,1983,GBM,Glioblastoma,4,FALSE,ZH916,0
zh916bulk,C1b_MHCII,0.57625953667673,-0.000504540867810293,0.000186953006767186,42.1824670885443,0,,1983,GBM,Glioblastoma,4,FALSE,ZH916,0
zh916bulk,C1b_nonMHCII,0.680772771449908,-0.000504540867810293,0.000186928826636041,49.8294147633122,0,,1983,GBM,Glioblastoma,4,FALSE,ZH916,0
zh916bulk,C1b_AMS,0.488179415899999,-0.000504540867810293,0.000186848336173437,35.7506106356246,3.2363911366738e-280,,1983,GBM,Glioblastoma,4,FALSE,ZH916,1.02485719328004e-279
zh916bulk,C1b_Tirosh,0.417046544764817,-0.000504540867810293,0.000186887816282127,30.5435225602734,3.44663584851268e-205,,1983,GBM,Glioblastoma,4,FALSE,ZH916,1.24078890546457e-204
zh916bulk,MP_Neuron,0.753735228125629,-0.000504540867810293,0.000186965872529537,55.1605080461641,0,,1983,GBM,Glioblastoma,4,FALSE,ZH916,0
zh916bulk,MP_Vasc,0.499758570988258,-0.000504540867810293,0.000186461268860268,36.6356720456616,3.86932316347575e-294,,1983,GBM,Glioblastoma,4,FALSE,ZH916,2.45057133686798e-293
zh916bulk,MP_MES.Hyp,0.894049840868341,-0.000504540867810293,0.000186917164739084,65.4307886454383,0,,1983,GBM,Glioblastoma,4,FALSE,ZH916,0
zh916bulk,MP_Mac,0.537331670676221,-0.000504540867810293,0.000186869804606127,39.3441777435214,0,,1983,GBM,Glioblastoma,4,FALSE,ZH916,0
zh916bulk,MP_Oligo,0.618036406041288,-0.000504540867810293,0.000186420492326074,45.3024437261066,0,,1983,GBM,Glioblastoma,4,FALSE,ZH916,0
zh916bulk,MP_MES,0.766599798713769,-0.000504540867810293,0.000187003880619114,56.0956429517875,0,,1983,GBM,Glioblastoma,4,FALSE,ZH916,0
zh916bulk,MP_Prolif.Metab,0.229582064349583,-0.000504540867810293,0.000186814106388801,16.8339682209803,6.87827178058474e-64,,1983,GBM,Glioblastoma,4,FALSE,ZH916,2.6137432766222e-63
zh916bulk,MP_MES.Ast,0.85464054929613,-0.000504540867810293,0.000187020316491569,62.5310055788027,0,,1983,GBM,Glioblastoma,4,FALSE,ZH916,0
zh916bulk,MP_Reactive.Ast,0.699984590202143,-0.000504540867810293,0.000186947995266778,51.2319627995534,0,,1983,GBM,Glioblastoma,4,FALSE,ZH916,0
zh916bulk,MP_NPC,0.70156524102646,-0.000504540867810293,0.000186971841033497,51.3442930581231,0,,1983,GBM,Glioblastoma,4,FALSE,ZH916,0
zh916bulk,MP_Inflammatory.Mac,0.802335374745854,-0.000504540867810293,0.000187016904700002,58.7068156552784,0,,1983,GBM,Glioblastoma,4,FALSE,ZH916,0
zh916bulk,MP_chromatin.reg,0.569714594773745,-0.000504540867810293,0.000186952381571845,41.7038631177764,0,,1983,GBM,Glioblastoma,4,FALSE,ZH916,0
zh916bulk,MP_OPC,0.700769630049917,-0.000504540867810293,0.000186993084945492,51.2831945013301,0,,1983,GBM,Glioblastoma,4,FALSE,ZH916,0
zh916bulk,MP_AC,0.811627327852816,-0.000504540867810293,0.000186982191790101,59.3917920742777,0,,1983,GBM,Glioblastoma,4,FALSE,ZH916,0
zh916bulk,C1b_resid_macadj,0.320550912290574,-0.000504540867810293,0.000186936737382267,23.4818722782295,3.12441109073291e-122,0.001,1983,GBM,Glioblastoma,4,FALSE,ZH916,8.48054438913218e-122
zh916inf,C1b,0.201387299214566,-0.000795544948289578,0.000299269879928026,11.6872624553924,7.40415513992639e-32,0.001,1258,GBM,Glioblastoma,4,FALSE,ZH916,7.40415513992639e-32
zh916inf,C1b_noRibo,0.194754277119474,-0.000795544948289578,0.000299286764516496,11.3035190216726,6.30315289998867e-30,0.001,1258,GBM,Glioblastoma,4,FALSE,ZH916,6.30315289998867e-30
zh916inf,C1b_noMPoverlap,0.210001629736793,-0.000795544948289578,0.000299302453406617,12.1845542892734,1.87850841079907e-34,,1258,GBM,Glioblastoma,4,FALSE,ZH916,2.2307287378239e-34
zh916inf,C1b_MHCII,0.107406792568737,-0.000795544948289578,0.000299240754507766,6.25498499879089,1.9877706134021e-10,,1258,GBM,Glioblastoma,4,FALSE,ZH916,1.9877706134021e-10
zh916inf,C1b_nonMHCII,0.184763842910419,-0.000795544948289578,0.000299290620562162,10.7259650569459,3.84401515562888e-27,,1258,GBM,Glioblastoma,4,FALSE,ZH916,4.05757155316381e-27
zh916inf,C1b_AMS,0.239219586335654,-0.000795544948289578,0.000299347295706778,13.8723792186324,4.65677290529774e-44,,1258,GBM,Glioblastoma,4,FALSE,ZH916,5.20462854121512e-44
zh916inf,C1b_Tirosh,0.235599794647618,-0.000795544948289578,0.000299398754858312,13.6619885016989,8.56214249480951e-43,,1258,GBM,Glioblastoma,4,FALSE,ZH916,1.02745709937714e-42
zh916inf,MP_Neuron,0.796300820707893,-0.000795544948289578,0.000299283452417051,46.0754384311353,0,,1258,GBM,Glioblastoma,4,FALSE,ZH916,0
zh916inf,MP_Vasc,0.082511124035733,-0.000795544948289578,0.000298177047486631,4.82439284295406,7.02151957208073e-07,,1258,GBM,Glioblastoma,4,FALSE,ZH916,7.02151957208073e-07
zh916inf,MP_MES.Hyp,0.253227972389746,-0.000795544948289578,0.00029937476366149,14.6813614588565,4.24345705188918e-49,,1258,GBM,Glioblastoma,4,FALSE,ZH916,4.74268729328791e-49
zh916inf,MP_Mac,0.319913797961833,-0.000795544948289578,0.000299118584662563,18.5434233471258,4.60819571897299e-77,,1258,GBM,Glioblastoma,4,FALSE,ZH916,5.83704791069912e-77
zh916inf,MP_Oligo,0.654555140520848,-0.000795544948289578,0.000299596998489136,37.862128838424,0,,1258,GBM,Glioblastoma,4,FALSE,ZH916,0
zh916inf,MP_MES,0.143002765023949,-0.000795544948289578,0.000298942313536126,8.31687331620848,4.51570984121651e-17,,1258,GBM,Glioblastoma,4,FALSE,ZH916,4.51570984121651e-17
zh916inf,MP_Prolif.Metab,0.141931184549162,-0.000795544948289578,0.000299396966638535,8.24862606774536,8.01129665678107e-17,,1258,GBM,Glioblastoma,4,FALSE,ZH916,1.5221463647884e-16
zh916inf,MP_MES.Ast,0.256501514571567,-0.000795544948289578,0.000298683780771596,14.8877477917925,1.9794092757506e-50,,1258,GBM,Glioblastoma,4,FALSE,ZH916,2.08937645773675e-50
zh916inf,MP_Reactive.Ast,0.18872740996854,-0.000795544948289578,0.000299385244488971,10.9533413707557,3.20203912798372e-28,,1258,GBM,Glioblastoma,4,FALSE,ZH916,3.20203912798372e-28
zh916inf,MP_NPC,0.675256013936531,-0.000795544948289578,0.000299179226803238,39.0853585957198,0,,1258,GBM,Glioblastoma,4,FALSE,ZH916,0
zh916inf,MP_Inflammatory.Mac,0.732117554341543,-0.000795544948289578,0.000298651654439416,42.4101707883865,0,,1258,GBM,Glioblastoma,4,FALSE,ZH916,0
zh916inf,MP_chromatin.reg,0.218913819003913,-0.000795544948289578,0.000299391437416449,12.6978116018937,3.04031674768094e-37,,1258,GBM,Glioblastoma,4,FALSE,ZH916,3.20922323366321e-37
zh916inf,MP_OPC,0.443843286413805,-0.000795544948289578,0.000299421949442934,25.6960028158201,6.47766712911583e-146,,1258,GBM,Glioblastoma,4,FALSE,ZH916,8.20504503021339e-146
zh916inf,MP_AC,0.269216314075635,-0.000795544948289578,0.000299369052775123,15.605561062466,3.33602949952841e-55,,1258,GBM,Glioblastoma,4,FALSE,ZH916,3.52136447172444e-55
zh916inf,C1b_resid_macadj,0.156693751663645,-0.000795544948289578,0.000299294280706688,9.10336244793976,4.37887865921023e-20,0.001,1258,GBM,Glioblastoma,4,FALSE,ZH916,5.54657963499963e-20
zh916t1,C1b,0.803913122481935,-0.000398565165404544,0.00016650731528996,62.3315203950215,0,0.001,2510,GBM,Glioblastoma,4,FALSE,ZH916,0
zh916t1,C1b_noRibo,0.767213680040946,-0.000398565165404544,0.000166508885095174,59.4871534376005,0,0.001,2510,GBM,Glioblastoma,4,FALSE,ZH916,0
zh916t1,C1b_noMPoverlap,0.734623434454335,-0.000398565165404544,0.000166487248756991,56.9652292758935,0,,2510,GBM,Glioblastoma,4,FALSE,ZH916,0
zh916t1,C1b_MHCII,0.71727217944656,-0.000398565165404544,0.000166522303104197,55.6146282344301,0,,2510,GBM,Glioblastoma,4,FALSE,ZH916,0
zh916t1,C1b_nonMHCII,0.72115737783553,-0.000398565165404544,0.000166493395998484,55.9205587486544,0,,2510,GBM,Glioblastoma,4,FALSE,ZH916,0
zh916t1,C1b_AMS,0.559945761007353,-0.000398565165404544,0.000166497987593235,43.4260656366726,0,,2510,GBM,Glioblastoma,4,FALSE,ZH916,0
zh916t1,C1b_Tirosh,0.527303255576772,-0.000398565165404544,0.000166500634079202,40.8959825430546,0,,2510,GBM,Glioblastoma,4,FALSE,ZH916,0
zh916t1,MP_Neuron,0.193021719756914,-0.000398565165404544,0.000166477470222381,14.9907818704065,4.21771593932018e-51,,2510,GBM,Glioblastoma,4,FALSE,ZH916,6.67805023725695e-51
zh916t1,MP_Vasc,0.750149731367806,-0.000398565165404544,0.000166463784317499,58.172638446211,0,,2510,GBM,Glioblastoma,4,FALSE,ZH916,0
zh916t1,MP_MES.Hyp,0.823321891449702,-0.000398565165404544,0.00016627569033374,63.8800830033383,0,,2510,GBM,Glioblastoma,4,FALSE,ZH916,0
zh916t1,MP_Mac,0.728154349156595,-0.000398565165404544,0.000166518821976248,56.4585129098813,0,,2510,GBM,Glioblastoma,4,FALSE,ZH916,0
zh916t1,MP_Oligo,0.430469202979322,-0.000398565165404544,0.000166478897049942,33.3936900711758,8.46448568021755e-245,,2510,GBM,Glioblastoma,4,FALSE,ZH916,1.34021023270111e-244
zh916t1,MP_MES,0.759274002645668,-0.000398565165404544,0.000166548332110445,58.8648850348187,0,,2510,GBM,Glioblastoma,4,FALSE,ZH916,0
zh916t1,MP_Prolif.Metab,0.403939485176153,-0.000398565165404544,0.000166474022684171,31.3380071762919,7.08689523999258e-216,,2510,GBM,Glioblastoma,4,FALSE,ZH916,1.34651009559859e-214
zh916t1,MP_MES.Ast,0.764491009129244,-0.000398565165404544,0.00016654388828524,59.2699268777652,0,,2510,GBM,Glioblastoma,4,FALSE,ZH916,0
zh916t1,MP_Reactive.Ast,0.793922564935499,-0.000398565165404544,0.000166537158418873,61.5517692012338,0,,2510,GBM,Glioblastoma,4,FALSE,ZH916,0
zh916t1,MP_NPC,0.165000679181386,-0.000398565165404544,0.000166472720020797,12.8192312885013,6.39814300239748e-38,,2510,GBM,Glioblastoma,4,FALSE,ZH916,1.01303930871294e-37
zh916t1,MP_Inflammatory.Mac,0.6030882102065,-0.000398565165404544,0.000166512328005564,46.7675437491164,0,,2510,GBM,Glioblastoma,4,FALSE,ZH916,0
zh916t1,MP_chromatin.reg,0.663359052301786,-0.000398565165404544,0.00016648226789161,51.442909871868,0,,2510,GBM,Glioblastoma,4,FALSE,ZH916,0
zh916t1,MP_OPC,0.747931559234702,-0.000398565165404544,0.000166476681493871,57.9984681580771,0,,2510,GBM,Glioblastoma,4,FALSE,ZH916,0
zh916t1,MP_AC,0.873567674820685,-0.000398565165404544,0.000166502657222535,67.7304673637165,0,,2510,GBM,Glioblastoma,4,FALSE,ZH916,0
zh916t1,C1b_resid_macadj,0.520539728461254,-0.000398565165404544,0.0001664836635628,40.3738784354745,0,0.001,2510,GBM,Glioblastoma,4,FALSE,ZH916,0
