sample_id,feature,I,E_I,var_I,z,p_analytic,p_perm,n_spots,null_mean,null_sd,null_q95,null_mean_res,null_sd_res,z_vs_random,p_vs_random,cohort,histology,who_grade,is_LGG,patient
bwh23,C1b,0.311528282918137,-0.00111982082866741,0.000441287396106136,14.8831561144046,2.12007908392455e-50,0.001,894,0.205993668086663,0.0634442212318712,0.317019558477204,0.138377984424069,0.0339799615512232,1.66342359922386,0.058941058941059,IDHm,Oligodendroglioma,3,TRUE,BWH23
bwh23,C1b_resid_macadj,0.163320273962612,-0.00111982082866741,0.000441585808269333,7.82528501801956,2.53254027788816e-15,0.001,894,0.205993668086663,0.0634442212318712,0.317019558477204,0.138377984424069,0.0339799615512232,0.734029363186418,0.233766233766234,IDHm,Oligodendroglioma,3,TRUE,BWH23
bwh24,C1b,0.311012585250797,-0.000347584289190129,0.000126262065400357,27.709367362389,2.69218639415446e-169,0.001,2878,0.206415396431893,0.0276107561112925,0.253012314733854,0.131300278239014,0.0229853010706322,3.78827687287145,0.000999000999000999,IDHm,Astrocytoma,4,FALSE,BWH24
bwh24,C1b_resid_macadj,0.125268608345801,-0.000347584289190129,0.000126300142210048,11.1774749757114,2.62821585218795e-29,0.001,2878,0.206415396431893,0.0276107561112925,0.253012314733854,0.131300278239014,0.0229853010706322,-0.262414221796734,0.587412587412587,IDHm,Astrocytoma,4,FALSE,BWH24
bwh25,C1b,0.508864244532946,-0.000454545454545455,0.000182853585312141,37.6649988516364,0,0.001,2201,0.484881235105786,0.0245535051912118,0.523356580154223,0.288900841607589,0.0471150011125883,0.976765200747962,0.14985014985015,IDHm,Astrocytoma,4,FALSE,BWH25
bwh25,C1b_resid_macadj,0.178406337274102,-0.000454545454545455,0.000182834764772244,13.2277500855258,3.03383170960726e-40,0.001,2201,0.484881235105786,0.0245535051912118,0.523356580154223,0.288900841607589,0.0471150011125883,-2.34520856891087,0.997002997002997,IDHm,Astrocytoma,4,FALSE,BWH25
bwh28,C1b,0.377111793887823,-0.000473260766682442,0.000183255369214746,27.8924357923085,1.64787793271975e-171,0.001,2114,0.401945798920044,0.041502252848163,0.46861840219356,0.379125363267384,0.0415517257684093,-0.598377276604178,0.731268731268731,IDHm,Astrocytoma,2,TRUE,BWH28
bwh28,C1b_resid_macadj,0.351177612555976,-0.000473260766682442,0.000183295645357656,25.9738080460442,4.89553050650832e-149,0.001,2114,0.401945798920044,0.041502252848163,0.46861840219356,0.379125363267384,0.0415517257684093,-0.672601443010464,0.753246753246753,IDHm,Astrocytoma,2,TRUE,BWH28
bwh35,C1b,0.220136171529042,-0.000827814569536424,0.0003084841918473,12.5807067405134,1.34803504482451e-36,0.001,1209,0.223191713807265,0.0246396779084214,0.265025127447457,0.19896925113884,0.0248858101291044,-0.124009018688449,0.547452547452548,IDHm,Oligodendroglioma,2,TRUE,BWH35
bwh35,C1b_resid_macadj,0.142630772470866,-0.000827814569536424,0.000308550022354334,8.16702261046502,1.58046836325792e-16,0.001,1209,0.223191713807265,0.0246396779084214,0.265025127447457,0.19896925113884,0.0248858101291044,-2.26387963163335,0.983016983016983,IDHm,Oligodendroglioma,2,TRUE,BWH35
mgh258,C1b,0.393902075973237,-0.000455996352029184,0.000162393855991855,30.9461009550999,1.43341587976266e-210,0.001,2194,0.312848861559731,0.0649622779883724,0.419774897316418,0.262005050570109,0.0388683823075012,1.24769661599633,0.107892107892108,GBM,Glioblastoma,4,FALSE,MGH258
mgh258,C1b_resid_macadj,0.098626288147231,-0.000455996352029184,0.000162327651304835,7.77677902726039,3.71971937985347e-15,0.001,2194,0.312848861559731,0.0649622779883724,0.419774897316418,0.262005050570109,0.0388683823075012,-4.20338467215672,1,GBM,Glioblastoma,4,FALSE,MGH258
mgh259,C1b,0.518336498528355,-0.000323310701584223,0.000119540795749594,47.4377983580915,0,0.001,3094,0.370666377442831,0.0304456273308509,0.417839529863105,0.336602020363996,0.0305791020656233,4.85028997697439,0.000999000999000999,IDHm,Oligodendroglioma,3,TRUE,MGH259
mgh259,C1b_resid_macadj,0.263039509894525,-0.000323310701584223,0.000119614489201094,24.0803375162676,2.0087509498133e-128,0.001,3094,0.370666377442831,0.0304456273308509,0.417839529863105,0.336602020363996,0.0305791020656233,-2.40564652001894,0.987012987012987,IDHm,Oligodendroglioma,3,TRUE,MGH259
zh1007inf,C1b,0.617075982138863,-0.000744047619047619,0.000278998466833918,36.9880193097251,8.92163723558775e-300,0.001,1345,0.517975508255072,0.0546295804908321,0.601711035343628,0.4383302208274,0.0600182384357204,1.81404420450239,0.01998001998002,GBM,Glioblastoma,4,FALSE,ZH1007
zh1007inf,C1b_resid_macadj,0.286778717542645,-0.000744047619047619,0.000278947502047474,17.2151574108461,1.02195633845891e-66,0.001,1345,0.517975508255072,0.0546295804908321,0.601711035343628,0.4383302208274,0.0600182384357204,-2.52509082630052,0.986013986013986,GBM,Glioblastoma,4,FALSE,ZH1007
zh1007nec,C1b,0.387061513198802,-0.00114285714285714,0.00043457344423714,18.6221074520563,1.06338588856186e-77,0.001,876,0.268861443775596,0.0486117117644241,0.345509365679977,0.253125625856352,0.0496783755306716,2.43151424076593,0.00799200799200799,GBM,Glioblastoma,4,FALSE,ZH1007
zh1007nec,C1b_resid_macadj,0.207787478165583,-0.00114285714285714,0.000434883791272044,10.0187811652984,6.3023868133394e-24,0.001,876,0.268861443775596,0.0486117117644241,0.345509365679977,0.253125625856352,0.0496783755306716,-0.912633458853279,0.805194805194805,GBM,Glioblastoma,4,FALSE,ZH1007
zh1019inf,C1b,0.630921157174088,-0.000597371565113501,0.000214979344691055,43.0712751914211,0,0.001,1675,0.622354943201771,0.0461222027561493,0.689480441123774,0.494722562956204,0.0443640888151873,0.18572863957965,0.463536463536464,GBM,Glioblastoma,4,FALSE,ZH1019
zh1019inf,C1b_resid_macadj,0.495759773021262,-0.000597371565113501,0.000214995744192387,33.8516113351035,1.71818321051986e-251,0.001,1675,0.622354943201771,0.0461222027561493,0.689480441123774,0.494722562956204,0.0443640888151873,0.0233794966324945,0.520479520479521,GBM,Glioblastoma,4,FALSE,ZH1019
zh1019t1,C1b,0.331781251265978,-0.000938967136150235,0.00033881851741033,18.0757207590497,2.47521086288922e-73,0.001,1066,0.336132641059093,0.0460295878993752,0.414222819756002,0.297647966848883,0.0403381440454067,-0.0945346241775489,0.541458541458542,GBM,Glioblastoma,4,FALSE,ZH1019
zh1019t1,C1b_resid_macadj,0.161141329264243,-0.000938967136150235,0.000338922180095599,8.80400390606673,6.60098963206733e-19,0.001,1066,0.336132641059093,0.0460295878993752,0.414222819756002,0.297647966848883,0.0403381440454067,-3.38405845918397,1,GBM,Glioblastoma,4,FALSE,ZH1019
zh8811a,C1b,0.576883025629142,-0.000423549343498518,0.00015620694533966,46.1908903821755,0,0.001,2362,0.667696000384595,0.0390710255014838,0.730249244029664,0.581384775874926,0.0423002499285925,-2.3243048676059,0.982017982017982,GBM,Glioblastoma,4,FALSE,ZH881
zh8811a,C1b_resid_macadj,0.344138417346436,-0.000423549343498518,0.000156177633653968,27.5713428341083,1.22778415815107e-167,0.001,2362,0.667696000384595,0.0390710255014838,0.730249244029664,0.581384775874926,0.0423002499285925,-5.6086278196698,1,GBM,Glioblastoma,4,FALSE,ZH881
zh8811b,C1b,0.632081990638394,-0.000403551251008878,0.000151538276044708,51.379447662119,0,0.001,2479,0.726594198540177,0.0391576085839615,0.786252718705429,0.618744768015952,0.0376612068070318,-2.41363585059415,0.977022977022977,GBM,Glioblastoma,4,FALSE,ZH881
zh8811b,C1b_resid_macadj,0.401215957779329,-0.000403551251008878,0.000151507964472199,32.6284970212637,8.08848251480647e-234,0.001,2479,0.726594198540177,0.0391576085839615,0.786252718705429,0.618744768015952,0.0376612068070318,-5.77593839069459,1,GBM,Glioblastoma,4,FALSE,ZH881
zh8812,C1b,0.445130332375616,-0.000506329113924051,0.000190874122320027,32.2557679043942,1.46012989814981e-228,0.001,1976,0.30675796191184,0.0527119666674797,0.4044506316136,0.237627523882938,0.0322330083737307,2.62506560107431,0.013986013986014,GBM,Glioblastoma,4,FALSE,ZH881
zh8812,C1b_resid_macadj,0.20686704392397,-0.000506329113924051,0.000190882009570538,15.0096474825347,3.17420990297667e-51,0.001,1976,0.30675796191184,0.0527119666674797,0.4044506316136,0.237627523882938,0.0322330083737307,-0.954316134637852,0.839160839160839,GBM,Glioblastoma,4,FALSE,ZH881
zh881inf,C1b,0.586328455528301,-0.000803858520900322,0.000294810036664492,34.1951765975247,1.42597533042277e-256,0.001,1245,0.445171522160117,0.0445110384230505,0.513680252349085,0.275920396456471,0.0271463208289037,3.17127926844963,0.000999000999000999,GBM,Glioblastoma,4,FALSE,ZH881
zh881inf,C1b_resid_macadj,0.270462513971155,-0.000803858520900322,0.00029478583666978,15.7994748920586,1.56859427569136e-56,0.001,1245,0.445171522160117,0.0445110384230505,0.513680252349085,0.275920396456471,0.0271463208289037,-0.201054224611701,0.584415584415584,GBM,Glioblastoma,4,FALSE,ZH881
zh881t1,C1b,0.51719692737825,-0.000383435582822086,0.000137600468472917,44.123284609069,0,0.001,2609,0.410587570564034,0.0441710337913592,0.480930669338524,0.393679400524155,0.0478369302729667,2.41355810954715,0.00699300699300699,GBM,Glioblastoma,4,FALSE,ZH881
zh881t1,C1b_resid_macadj,0.204319667021328,-0.000383435582822086,0.000137615571529178,17.4498073286216,1.7269791031608e-68,0.001,2609,0.410587570564034,0.0441710337913592,0.480930669338524,0.393679400524155,0.0478369302729667,-3.95844240887331,1,GBM,Glioblastoma,4,FALSE,ZH881
zh916bulk,C1b,0.621117506894444,-0.000504540867810293,0.000186900365084835,45.4696210566785,0,0.001,1983,0.618353209116436,0.0486264388989022,0.690596678926067,0.506671559002846,0.0439701810199298,0.0568476294090676,0.512487512487513,GBM,Glioblastoma,4,FALSE,ZH916
zh916bulk,C1b_resid_macadj,0.320550912290574,-0.000504540867810293,0.000186936737382267,23.4818722782295,3.12441109073291e-122,0.001,1983,0.618353209116436,0.0486264388989022,0.690596678926067,0.506671559002846,0.0439701810199298,-4.23288334036905,1,GBM,Glioblastoma,4,FALSE,ZH916
zh916inf,C1b,0.201387299214566,-0.000795544948289578,0.000299269879928026,11.6872624553924,7.40415513992639e-32,0.001,1258,0.264994304194129,0.0523691068201889,0.358509766146195,0.253760740798428,0.0435109276502868,-1.21459022010744,0.912087912087912,GBM,Glioblastoma,4,FALSE,ZH916
zh916inf,C1b_resid_macadj,0.156693751663645,-0.000795544948289578,0.000299294280706688,9.10336244793976,4.37887865921023e-20,0.001,1258,0.264994304194129,0.0523691068201889,0.358509766146195,0.253760740798428,0.0435109276502868,-2.23086462129571,0.972027972027972,GBM,Glioblastoma,4,FALSE,ZH916
zh916t1,C1b,0.803913122481935,-0.000398565165404544,0.00016650731528996,62.3315203950215,0,0.001,2510,0.797935965611669,0.0185147215484506,0.824844492526882,0.608245300855764,0.0326609220729847,0.322832663436169,0.404595404595405,GBM,Glioblastoma,4,FALSE,ZH916
zh916t1,C1b_resid_macadj,0.520539728461254,-0.000398565165404544,0.0001664836635628,40.3738784354745,0,0.001,2510,0.797935965611669,0.0185147215484506,0.824844492526882,0.608245300855764,0.0326609220729847,-2.68533669069481,0.994005994005994,GBM,Glioblastoma,4,FALSE,ZH916
