sample_id,MP,n_niche,obs,exp,z,p_enrich,p_deplete,cohort,who_grade,q_enrich
bwh23,AC,135,0,18.978,-5.11663291413434,1,0.000999000999000999,IDHm,3,1
bwh23,Inflammatory.Mac,135,16,8.033,3.26125544345046,0.001998001998002,1,IDHm,3,0.013986013986014
bwh23,MES,135,10,4.705,2.66964684698608,0.013986013986014,0.996003996003996,IDHm,3,0.0652680652680653
bwh23,MES.Ast,135,3,2.296,0.506971997731081,0.407592407592408,0.813186813186813,IDHm,3,1
bwh23,MES.Hyp,135,77,17.993,16.8459324233866,0.000999000999000999,1,IDHm,3,0.013986013986014
bwh23,Mac,135,8,10.412,-0.856732571437549,0.86013986013986,0.261738261738262,IDHm,3,1
bwh23,NPC,135,0,5.085,-2.59709042726476,1,0.003996003996004,IDHm,3,1
bwh23,Neuron,135,4,16.155,-3.51751649821335,1,0.000999000999000999,IDHm,3,1
bwh23,OPC,135,0,14.678,-4.43826009105967,1,0.000999000999000999,IDHm,3,1
bwh23,Oligo,135,1,3.681,-1.57050971704128,0.981018981018981,0.0819180819180819,IDHm,3,1
bwh23,Prolif.Metab,135,2,5.292,-1.51246882214386,0.973026973026973,0.0939060939060939,IDHm,3,1
bwh23,Reactive.Ast,135,0,3.655,-2.06490317023267,1,0.018981018981019,IDHm,3,1
bwh23,Vasc,135,14,17.973,-1.07757396730585,0.882117882117882,0.171828171828172,IDHm,3,1
bwh23,chromatin.reg,135,0,6.064,-2.66203316345679,1,0.000999000999000999,IDHm,3,1
bwh24,AC,143,6,6.372,-0.156317985794787,0.637362637362637,0.538461538461538,IDHm,4,1
bwh24,Inflammatory.Mac,143,20,10.314,3.21965450679922,0.002997002997003,1,IDHm,4,0.0104895104895105
bwh24,MES,143,24,12.533,3.58885288194358,0.001998001998002,0.999000999000999,IDHm,4,0.00932400932400932
bwh24,MES.Ast,143,13,5.575,3.26692053533181,0.003996003996004,0.998001998001998,IDHm,4,0.0111888111888112
bwh24,MES.Hyp,143,4,3.581,0.221726953136643,0.482517482517483,0.718281718281718,IDHm,4,1
bwh24,Mac,143,29,14.928,3.89242209008822,0.001998001998002,0.999000999000999,IDHm,4,0.00932400932400932
bwh24,NPC,143,1,5.881,-2.14458434052281,0.996003996003996,0.010989010989011,IDHm,4,1
bwh24,Neuron,143,2,13.283,-3.42700659398907,1,0.000999000999000999,IDHm,4,1
bwh24,OPC,143,5,11.132,-2.03277443070743,0.996003996003996,0.018981018981019,IDHm,4,1
bwh24,Oligo,143,8,27.491,-4.23907149654129,1,0.000999000999000999,IDHm,4,1
bwh24,Prolif.Metab,143,3,3.634,-0.341359184889617,0.717282717282717,0.515484515484515,IDHm,4,1
bwh24,Reactive.Ast,143,2,6.426,-1.84669023428593,0.991008991008991,0.02997002997003,IDHm,4,1
bwh24,Vasc,143,25,11.167,4.40824105665065,0.000999000999000999,1,IDHm,4,0.00932400932400932
bwh24,chromatin.reg,143,1,10.683,-3.22273990217429,1,0.000999000999000999,IDHm,4,1
bwh25,AC,385,3,15.014,-3.48595508040554,1,0.000999000999000999,IDHm,4,1
bwh25,Inflammatory.Mac,385,44,26.958,3.71716550989794,0.000999000999000999,1,IDHm,4,0.00324675324675325
bwh25,MES,385,17,19.131,-0.560279376247688,0.767232767232767,0.337662337662338,IDHm,4,1
bwh25,MES.Ast,385,53,32.643,4.08396548519975,0.000999000999000999,1,IDHm,4,0.00324675324675325
bwh25,MES.Hyp,385,10,14.664,-1.39586497442966,0.934065934065934,0.10989010989011,IDHm,4,1
bwh25,Mac,385,69,47.658,3.49548129658132,0.000999000999000999,1,IDHm,4,0.00324675324675325
bwh25,Neuron,385,10,13.116,-0.98870943017161,0.885114885114885,0.217782217782218,IDHm,4,1
bwh25,OPC,385,2,8.971,-2.59733191243374,0.999000999000999,0.00599400599400599,IDHm,4,1
bwh25,Oligo,385,22,90.907,-8.7297758445092,1,0.000999000999000999,IDHm,4,1
bwh25,Prolif.Metab,385,19,15.163,1.09384466690524,0.168831168831169,0.892107892107892,IDHm,4,0.438961038961039
bwh25,Reactive.Ast,385,4,8.204,-1.66141523025418,0.977022977022977,0.0739260739260739,IDHm,4,1
bwh25,Vasc,385,117,47.268,12.0627002200801,0.000999000999000999,1,IDHm,4,0.00324675324675325
bwh25,chromatin.reg,385,15,45.303,-5.23754179695986,1,0.000999000999000999,IDHm,4,1
bwh28,AC,197,16,26.362,-2.31835096292717,0.996003996003996,0.011988011988012,IDHm,2,1
bwh28,MES,197,49,26.525,4.94463425928448,0.000999000999000999,1,IDHm,2,0.00799200799200799
bwh28,Mac,197,43,33.88,1.817007337078,0.045954045954046,0.968031968031968,IDHm,2,0.107892107892108
bwh28,OPC,197,22,21.163,0.200748779950608,0.450549450549451,0.634365634365634,IDHm,2,0.720879120879121
bwh28,Oligo,197,34,24.429,2.24699209171804,0.022977022977023,0.993006993006993,IDHm,2,0.0919080919080919
bwh28,Prolif.Metab,197,7,17.927,-2.86284220210395,1,0.000999000999000999,IDHm,2,1
bwh28,Reactive.Ast,197,20,13.665,1.84743870530879,0.0539460539460539,0.97002997002997,IDHm,2,0.107892107892108
bwh28,chromatin.reg,197,6,33.049,-5.32109810922666,1,0.000999000999000999,IDHm,2,1
bwh35,AC,28,2,2.44,-0.29342146112061,0.697302697302697,0.564435564435564,IDHm,2,1
bwh35,Inflammatory.Mac,28,6,3.515,1.4130115432923,0.12987012987013,0.943056943056943,IDHm,2,0.714285714285714
bwh35,MES,28,4,2.395,1.07691537208948,0.223776223776224,0.907092907092907,IDHm,2,0.813186813186813
bwh35,MES.Ast,28,1,1.75,-0.567718480423222,0.841158841158841,0.480519480519481,IDHm,2,1
bwh35,MES.Hyp,28,1,2.032,-0.767762198803732,0.877122877122877,0.368631368631369,IDHm,2,1
bwh35,Mac,28,7,3.712,1.82264600414554,0.0649350649350649,0.981018981018981,IDHm,2,0.714285714285714
bwh35,OPC,28,0,2.516,-1.70721859660464,1,0.0639360639360639,IDHm,2,1
bwh35,Oligo,28,6,4.571,0.728398623368076,0.295704295704296,0.838161838161838,IDHm,2,0.813186813186813
bwh35,Prolif.Metab,28,1,1.72,-0.579977691940707,0.85014985014985,0.47952047952048,IDHm,2,1
bwh35,Reactive.Ast,28,0,1.091,-1.04031336348785,1,0.333666333666334,IDHm,2,1
bwh35,chromatin.reg,28,0,2.258,-1.6057399025353,1,0.0839160839160839,IDHm,2,1
mgh258,AC,370,6,19.545,-3.67269094222473,1,0.000999000999000999,GBM,4,1
mgh258,Inflammatory.Mac,370,4,34.505,-5.88631690078549,1,0.000999000999000999,GBM,4,1
mgh258,MES,370,35,25.987,2.04871678211123,0.028971028971029,0.984015984015984,GBM,4,0.115884115884116
mgh258,MES.Ast,370,6,28.894,-4.92163137061948,1,0.000999000999000999,GBM,4,1
mgh258,MES.Hyp,370,1,12.89,-3.56894576661594,1,0.000999000999000999,GBM,4,1
mgh258,Mac,370,100,49.291,8.39884889621209,0.000999000999000999,1,GBM,4,0.00599400599400599
mgh258,OPC,370,4,11.87,-2.59208287005611,0.998001998001998,0.00699300699300699,GBM,4,1
mgh258,Oligo,370,177,79.611,13.4994904597351,0.000999000999000999,1,GBM,4,0.00599400599400599
mgh258,Prolif.Metab,370,0,25.872,-5.70025275590219,1,0.000999000999000999,GBM,4,1
mgh258,Reactive.Ast,370,11,10.84,0.0540925023466572,0.541458541458542,0.592407592407592,GBM,4,1
mgh258,Vasc,370,23,57.471,-5.53641717510904,1,0.000999000999000999,GBM,4,1
mgh258,chromatin.reg,370,3,13.224,-3.14795209353423,1,0.000999000999000999,GBM,4,1
mgh259,AC,518,28,55.872,-4.24054966679292,1,0.000999000999000999,IDHm,3,1
mgh259,NPC,518,22,86.894,-8.26971509343488,1,0.000999000999000999,IDHm,3,1
mgh259,OPC,518,21,69.878,-7.16846460503015,1,0.000999000999000999,IDHm,3,1
mgh259,Oligo,518,226,74.925,20.7823119838528,0.000999000999000999,1,IDHm,3,0.0034965034965035
mgh259,Prolif.Metab,518,19,86.146,-8.79497081760503,1,0.000999000999000999,IDHm,3,1
mgh259,Reactive.Ast,518,184,73.367,15.5217084620669,0.000999000999000999,1,IDHm,3,0.0034965034965035
mgh259,chromatin.reg,518,18,70.918,-7.69741496238011,1,0.000999000999000999,IDHm,3,1
zh1007inf,AC,308,0,24.767,-6.11930328467036,1,0.000999000999000999,GBM,4,1
zh1007inf,Inflammatory.Mac,308,14,7.819,2.58532023142957,0.00999000999000999,0.995004995004995,GBM,4,0.0432900432900433
zh1007inf,MES,308,23,19.983,0.793311047152808,0.250749250749251,0.822177822177822,GBM,4,0.543290043290043
zh1007inf,MES.Ast,308,60,32.359,5.81475057105387,0.000999000999000999,1,GBM,4,0.00649350649350649
zh1007inf,MES.Hyp,308,6,3.176,1.7934213238827,0.0759240759240759,0.972027972027972,GBM,4,0.197402597402597
zh1007inf,Mac,308,87,33.482,11.5106332778324,0.000999000999000999,1,GBM,4,0.00649350649350649
zh1007inf,Neuron,308,5,8.677,-1.43571154394816,0.953046953046953,0.107892107892108,GBM,4,1
zh1007inf,OPC,308,0,16.427,-4.72619109001561,1,0.000999000999000999,GBM,4,1
zh1007inf,Oligo,308,14,42.349,-5.36732934302724,1,0.000999000999000999,GBM,4,1
zh1007inf,Prolif.Metab,308,22,14.87,2.10228442079593,0.022977022977023,0.991008991008991,GBM,4,0.0746753246753247
zh1007inf,Reactive.Ast,308,0,9.219,-3.61278075469864,1,0.000999000999000999,GBM,4,1
zh1007inf,Vasc,308,69,71.59,-0.395003941944387,0.685314685314685,0.372627372627373,GBM,4,1
zh1007inf,chromatin.reg,308,8,23.282,-3.75341453668686,1,0.000999000999000999,GBM,4,1
zh1007nec,AC,92,0,9.591,-3.41327217093816,1,0.000999000999000999,GBM,4,1
zh1007nec,Inflammatory.Mac,92,6,3.459,1.44895285800487,0.13986013986014,0.95004995004995,GBM,4,0.606060606060606
zh1007nec,MES,92,1,3.069,-1.26932613373642,0.963036963036963,0.15984015984016,GBM,4,1
zh1007nec,MES.Ast,92,1,2.961,-1.20369440507656,0.953046953046953,0.18981018981019,GBM,4,1
zh1007nec,MES.Hyp,92,34,21.495,3.26126040598214,0.000999000999000999,1,GBM,4,0.00649350649350649
zh1007nec,Mac,92,31,9.1,8.00235856371091,0.000999000999000999,1,GBM,4,0.00649350649350649
zh1007nec,Neuron,92,0,2.051,-1.49653131211266,1,0.107892107892108,GBM,4,1
zh1007nec,OPC,92,0,5.839,-2.729083774734,1,0.001998001998002,GBM,4,1
zh1007nec,Oligo,92,3,1.868,0.878539884385025,0.294705294705295,0.893106893106893,GBM,4,0.957792207792208
zh1007nec,Prolif.Metab,92,4,7.894,-1.54832677380114,0.967032967032967,0.0869130869130869,GBM,4,1
zh1007nec,Reactive.Ast,92,0,0.871,-0.979238990669005,1,0.396603396603397,GBM,4,1
zh1007nec,Vasc,92,8,16.79,-2.53979658345522,0.997002997002997,0.003996003996004,GBM,4,1
zh1007nec,chromatin.reg,92,4,7.012,-1.24004644377776,0.936063936063936,0.14985014985015,GBM,4,1
zh1019inf,AC,349,5,23.135,-4.36664512342764,1,0.000999000999000999,GBM,4,1
zh1019inf,Inflammatory.Mac,349,7,5.626,0.654691977352611,0.326673326673327,0.822177822177822,GBM,4,0.606679035250464
zh1019inf,MES,349,79,30.292,10.4123954016886,0.000999000999000999,1,GBM,4,0.0025974025974026
zh1019inf,MES.Ast,349,24,11.197,4.34440132563166,0.000999000999000999,1,GBM,4,0.0025974025974026
zh1019inf,MES.Hyp,349,19,33.76,-3.10046657581668,1,0.001998001998002,GBM,4,1
zh1019inf,Mac,349,56,29.93,5.62730227311006,0.000999000999000999,1,GBM,4,0.0025974025974026
zh1019inf,Neuron,349,18,14.031,1.24260559458316,0.137862137862138,0.919080919080919,GBM,4,0.298701298701299
zh1019inf,OPC,349,2,14.645,-3.59625895614237,1,0.000999000999000999,GBM,4,1
zh1019inf,Oligo,349,11,85.215,-10.2462310541407,1,0.000999000999000999,GBM,4,1
zh1019inf,Prolif.Metab,349,30,15.939,3.95905594481332,0.000999000999000999,1,GBM,4,0.0025974025974026
zh1019inf,Reactive.Ast,349,1,3.703,-1.57381660238401,0.985014985014985,0.0949050949050949,GBM,4,1
zh1019inf,Vasc,349,93,51.135,7.04413799986865,0.000999000999000999,1,GBM,4,0.0025974025974026
zh1019inf,chromatin.reg,349,4,30.392,-5.36110901278654,1,0.000999000999000999,GBM,4,1
zh1019t1,AC,91,1,5.089,-1.96382055742925,0.995004995004995,0.028971028971029,GBM,4,1
zh1019t1,Inflammatory.Mac,91,4,5.229,-0.570475150673992,0.789210789210789,0.384615384615385,GBM,4,1
zh1019t1,MES,91,8,3.499,2.61131871873269,0.020979020979021,0.996003996003996,GBM,4,0.0979020979020979
zh1019t1,MES.Ast,91,4,2.018,1.4775108680105,0.131868131868132,0.956043956043956,GBM,4,0.461538461538462
zh1019t1,MES.Hyp,91,9,15.34,-1.90368147038333,0.984015984015984,0.033966033966034,GBM,4,1
zh1019t1,Mac,91,18,7.794,3.84308885668357,0.001998001998002,1,GBM,4,0.013986013986014
zh1019t1,NPC,91,2,4.615,-1.32676866305322,0.956043956043956,0.138861138861139,GBM,4,1
zh1019t1,Neuron,91,1,3.438,-1.3943469059507,0.974025974025974,0.131868131868132,GBM,4,1
zh1019t1,OPC,91,0,5.164,-2.39946460111405,1,0.004995004995005,GBM,4,1
zh1019t1,Oligo,91,3,3.594,-0.339888455123735,0.712287712287712,0.508491508491509,GBM,4,1
zh1019t1,Prolif.Metab,91,9,9.183,-0.0654853979831261,0.573426573426573,0.583416583416583,GBM,4,1
zh1019t1,Reactive.Ast,91,0,1.409,-1.26687531807507,1,0.20979020979021,GBM,4,1
zh1019t1,Vasc,91,32,14.448,5.35130555088783,0.000999000999000999,1,GBM,4,0.013986013986014
zh1019t1,chromatin.reg,91,0,10.18,-3.66117623937961,1,0.000999000999000999,GBM,4,1
zh8811a,AC,453,0,10.96,-3.65264276434532,1,0.000999000999000999,GBM,4,1
zh8811a,Inflammatory.Mac,453,3,3.742,-0.434643336148091,0.762237762237762,0.46953046953047,GBM,4,1
zh8811a,MES,453,23,12.873,3.25720684735044,0.00599400599400599,0.999000999000999,GBM,4,0.027972027972028
zh8811a,MES.Ast,453,7,8.231,-0.474714466087122,0.742257742257742,0.422577422577423,GBM,4,1
zh8811a,MES.Hyp,453,83,106.865,-2.89617226834436,1,0.001998001998002,GBM,4,1
zh8811a,Mac,453,141,52.409,14.5653112134944,0.000999000999000999,1,GBM,4,0.00699300699300699
zh8811a,NPC,453,49,59.535,-1.6572336411966,0.963036963036963,0.04995004995005,GBM,4,1
zh8811a,Neuron,453,17,12.132,1.58372610399757,0.0859140859140859,0.955044955044955,GBM,4,0.300699300699301
zh8811a,OPC,453,18,67.252,-7.3024058998168,1,0.000999000999000999,GBM,4,1
zh8811a,Oligo,453,6,8.461,-0.935301921321952,0.874125874125874,0.21978021978022,GBM,4,1
zh8811a,Prolif.Metab,453,11,9.396,0.604606589914318,0.338661338661339,0.777222777222777,GBM,4,0.948251748251748
zh8811a,Reactive.Ast,453,0,1.296,-1.25674447594227,1,0.246753246753247,GBM,4,1
zh8811a,Vasc,453,95,57.392,6.00767359376349,0.000999000999000999,1,GBM,4,0.00699300699300699
zh8811a,chromatin.reg,453,0,42.456,-7.61046180540951,1,0.000999000999000999,GBM,4,1
zh8811b,AC,545,8,14.049,-1.83645273024102,0.977022977022977,0.042957042957043,GBM,4,1
zh8811b,Inflammatory.Mac,545,9,6.372,1.18617803647901,0.166833166833167,0.923076923076923,GBM,4,0.467132867132867
zh8811b,MES,545,26,18.03,2.23627730071329,0.023976023976024,0.988011988011988,GBM,4,0.111888111888112
zh8811b,MES.Ast,545,5,8.853,-1.50000675834579,0.962037962037962,0.0949050949050949,GBM,4,1
zh8811b,MES.Hyp,545,95,144.907,-5.48139888571118,1,0.000999000999000999,GBM,4,1
zh8811b,Mac,545,184,72.002,16.0139519674784,0.000999000999000999,1,GBM,4,0.00699300699300699
zh8811b,NPC,545,56,51.996,0.66245178423551,0.283716283716284,0.772227772227772,GBM,4,0.662004662004662
zh8811b,Neuron,545,10,7.04,1.28675079285212,0.150849150849151,0.927072927072927,GBM,4,0.467132867132867
zh8811b,OPC,545,36,97.534,-7.60500623474885,1,0.000999000999000999,GBM,4,1
zh8811b,Oligo,545,7,7.949,-0.39910417672413,0.734265734265734,0.447552447552448,GBM,4,1
zh8811b,Prolif.Metab,545,11,12.018,-0.348962088261506,0.69030969030969,0.437562437562438,GBM,4,1
zh8811b,Reactive.Ast,545,1,3.057,-1.34582867465729,0.965034965034965,0.14985014985015,GBM,4,1
zh8811b,Vasc,545,94,47.274,7.92767431085983,0.000999000999000999,1,GBM,4,0.00699300699300699
zh8811b,chromatin.reg,545,3,53.919,-8.64012763327393,1,0.000999000999000999,GBM,4,1
zh8812,AC,235,0,10.075,-3.37254684901243,1,0.000999000999000999,GBM,4,1
zh8812,Inflammatory.Mac,235,12,13.102,-0.333228217443292,0.662337662337662,0.445554445554446,GBM,4,1
zh8812,MES,235,14,19.008,-1.27718074156624,0.937062937062937,0.122877122877123,GBM,4,1
zh8812,MES.Ast,235,72,25.414,10.2040046189107,0.000999000999000999,1,GBM,4,0.00649350649350649
zh8812,MES.Hyp,235,2,2.975,-0.596797156807757,0.812187812187812,0.413586413586414,GBM,4,1
zh8812,Mac,235,26,18.036,2.10639195172876,0.024975024975025,0.986013986013986,GBM,4,0.108225108225108
zh8812,Neuron,235,3,10.455,-2.51411330486828,1,0.003996003996004,GBM,4,1
zh8812,OPC,235,0,8.612,-3.09328081336826,1,0.000999000999000999,GBM,4,1
zh8812,Oligo,235,11,53.231,-7.04559157432161,1,0.000999000999000999,GBM,4,1
zh8812,Prolif.Metab,235,1,9.384,-3.08998334419318,1,0.000999000999000999,GBM,4,1
zh8812,Reactive.Ast,235,0,8.871,-3.17792684081503,1,0.000999000999000999,GBM,4,1
zh8812,Vasc,235,94,37.723,10.8536211044098,0.000999000999000999,1,GBM,4,0.00649350649350649
zh8812,chromatin.reg,235,0,18.114,-4.64213928662327,1,0.000999000999000999,GBM,4,1
zh881inf,AC,270,33,20.086,3.33397956329695,0.002997002997003,0.999000999000999,GBM,4,0.00974025974025974
zh881inf,Inflammatory.Mac,270,19,16.048,0.849984589952388,0.237762237762238,0.83016983016983,GBM,4,0.515151515151515
zh881inf,MES,270,33,19.417,3.62153099525446,0.000999000999000999,1,GBM,4,0.00649350649350649
zh881inf,MES.Ast,270,30,18.87,3.01088442013184,0.002997002997003,1,GBM,4,0.00974025974025974
zh881inf,MES.Hyp,270,8,8.816,-0.3043731407845,0.674325674325674,0.467532467532468,GBM,4,1
zh881inf,Mac,270,45,21.452,6.1728962791866,0.000999000999000999,1,GBM,4,0.00649350649350649
zh881inf,NPC,270,8,16.454,-2.4741349924563,0.998001998001998,0.00699300699300699,GBM,4,1
zh881inf,Neuron,270,18,47.404,-5.25741908263826,1,0.000999000999000999,GBM,4,1
zh881inf,OPC,270,13,9.634,1.25677380624539,0.137862137862138,0.931068931068931,GBM,4,0.358441558441558
zh881inf,Oligo,270,48,45.456,0.464359786654797,0.352647352647353,0.724275724275724,GBM,4,0.654916512059369
zh881inf,Prolif.Metab,270,6,9.581,-1.36940203134052,0.949050949050949,0.124875124875125,GBM,4,1
zh881inf,Reactive.Ast,270,6,12.602,-2.1867748747685,0.993006993006993,0.017982017982018,GBM,4,1
zh881inf,chromatin.reg,270,3,24.18,-5.12085821094377,1,0.000999000999000999,GBM,4,1
zh881t1,AC,516,1,42.779,-7.45821269315293,1,0.000999000999000999,GBM,4,1
zh881t1,Inflammatory.Mac,516,21,17.244,0.974571830161685,0.186813186813187,0.876123876123876,GBM,4,0.523076923076923
zh881t1,MES,516,42,23.432,4.25347934080767,0.000999000999000999,1,GBM,4,0.00466200466200466
zh881t1,MES.Ast,516,9,12.705,-1.16453611833501,0.915084915084915,0.151848151848152,GBM,4,1
zh881t1,MES.Hyp,516,12,60.593,-7.26824282401906,1,0.000999000999000999,GBM,4,1
zh881t1,Mac,516,178,63.953,16.9443428990165,0.000999000999000999,1,GBM,4,0.00466200466200466
zh881t1,NPC,516,41,93.937,-6.79429592520193,1,0.000999000999000999,GBM,4,1
zh881t1,Neuron,516,16,23.718,-1.83792590943875,0.977022977022977,0.047952047952048,GBM,4,1
zh881t1,OPC,516,5,31.677,-5.61811344767224,1,0.000999000999000999,GBM,4,1
zh881t1,Oligo,516,21,14.618,1.93902877587529,0.041958041958042,0.98001998001998,GBM,4,0.146853146853147
zh881t1,Prolif.Metab,516,4,10.742,-2.34816274831695,0.998001998001998,0.00799200799200799,GBM,4,1
zh881t1,Reactive.Ast,516,5,5.887,-0.409102033702156,0.73026973026973,0.457542457542458,GBM,4,1
zh881t1,Vasc,516,146,74.643,9.97412585473921,0.000999000999000999,1,GBM,4,0.00466200466200466
zh881t1,chromatin.reg,516,15,40.072,-4.62568900107518,1,0.000999000999000999,GBM,4,1
zh916bulk,AC,370,9,36.626,-5.44987784904407,1,0.000999000999000999,GBM,4,1
zh916bulk,Inflammatory.Mac,370,12,4.385,3.94368873515422,0.000999000999000999,1,GBM,4,0.0034965034965035
zh916bulk,MES,370,11,25.224,-3.25491812556315,1,0.000999000999000999,GBM,4,1
zh916bulk,MES.Ast,370,91,41.41,8.70504492854107,0.000999000999000999,1,GBM,4,0.0034965034965035
zh916bulk,MES.Hyp,370,70,65.395,0.668188444938456,0.275724275724276,0.768231768231768,GBM,4,0.643356643356643
zh916bulk,Mac,370,35,12.183,7.43144415307463,0.000999000999000999,1,GBM,4,0.0034965034965035
zh916bulk,NPC,370,1,9.682,-3.18892004516353,1,0.000999000999000999,GBM,4,1
zh916bulk,Neuron,370,16,92.962,-10.4119519381567,1,0.000999000999000999,GBM,4,1
zh916bulk,OPC,370,3,4.99,-0.953008710378337,0.898101898101898,0.233766233766234,GBM,4,1
zh916bulk,Oligo,370,6,11.856,-1.88307161666168,0.988011988011988,0.040959040959041,GBM,4,1
zh916bulk,Prolif.Metab,370,9,4.875,2.05854357836261,0.038961038961039,0.986013986013986,GBM,4,0.109090909090909
zh916bulk,Reactive.Ast,370,1,3.133,-1.39033213806976,0.972027972027972,0.12987012987013,GBM,4,1
zh916bulk,Vasc,370,105,52.127,8.49947525091191,0.000999000999000999,1,GBM,4,0.0034965034965035
zh916bulk,chromatin.reg,370,1,5.152,-2.11750193072729,0.997002997002997,0.015984015984016,GBM,4,1
zh916inf,AC,70,2,3.201,-0.71073121306975,0.848151848151848,0.366633366633367,GBM,4,1
zh916inf,Inflammatory.Mac,70,1,5.644,-2.08685566248844,0.998001998001998,0.017982017982018,GBM,4,1
zh916inf,MES,70,7,4.304,1.36281642025946,0.131868131868132,0.94005994005994,GBM,4,0.428571428571429
zh916inf,MES.Ast,70,0,1.742,-1.44124683761848,1,0.157842157842158,GBM,4,1
zh916inf,MES.Hyp,70,1,0.979,0.0222169057222937,0.64035964035964,0.744255744255744,GBM,4,1
zh916inf,Mac,70,13,5.566,3.25913264027042,0.002997002997003,1,GBM,4,0.0194805194805195
zh916inf,NPC,70,1,1.958,-0.718857088664091,0.873126873126873,0.402597402597403,GBM,4,1
zh916inf,Neuron,70,2,19.534,-4.81876370556474,1,0.000999000999000999,GBM,4,1
zh916inf,OPC,70,5,2.279,1.83309755643915,0.0869130869130869,0.975024975024975,GBM,4,0.376623376623377
zh916inf,Oligo,70,33,16.181,5.09874589001611,0.000999000999000999,1,GBM,4,0.012987012987013
zh916inf,Prolif.Metab,70,1,1.777,-0.606566449601785,0.842157842157842,0.457542457542458,GBM,4,1
zh916inf,Reactive.Ast,70,3,2.158,0.60374620240767,0.356643356643357,0.836163836163836,GBM,4,0.927272727272727
zh916inf,chromatin.reg,70,1,4.677,-1.81311641846802,0.991008991008991,0.042957042957043,GBM,4,1
zh916t1,AC,555,25,104.174,-9.99384285706889,1,0.000999000999000999,GBM,4,1
zh916t1,Inflammatory.Mac,555,45,13.753,9.70124690594843,0.000999000999000999,1,GBM,4,0.00432900432900433
zh916t1,MES,555,32,32.749,-0.15253946884965,0.579420579420579,0.501498501498502,GBM,4,1
zh916t1,MES.Ast,555,28,33.803,-1.16020076916067,0.914085914085914,0.138861138861139,GBM,4,1
zh916t1,MES.Hyp,555,2,57.379,-8.55952279327584,1,0.000999000999000999,GBM,4,1
zh916t1,Mac,555,185,54.042,21.8768084694569,0.000999000999000999,1,GBM,4,0.00432900432900433
zh916t1,Neuron,555,3,10.428,-2.67642772151896,1,0.002997002997003,GBM,4,1
zh916t1,OPC,555,3,11.084,-2.82734795986053,1,0.000999000999000999,GBM,4,1
zh916t1,Oligo,555,37,15.036,6.48637784451083,0.000999000999000999,1,GBM,4,0.00432900432900433
zh916t1,Prolif.Metab,555,14,9.617,1.64846904181342,0.0769230769230769,0.962037962037962,GBM,4,0.2
zh916t1,Reactive.Ast,555,2,5.07,-1.57138289756099,0.974025974025974,0.0929070929070929,GBM,4,1
zh916t1,Vasc,555,170,146.33,2.5334367132097,0.00999000999000999,0.993006993006993,GBM,4,0.0324675324675325
zh916t1,chromatin.reg,555,9,61.535,-8.04682765637725,1,0.000999000999000999,GBM,4,1
