sample_id,source,target,zone,n_spots,mean_z,z_msr,p_enrich,p_deplete,cohort,who_grade,is_LGG,q_enrich,q_deplete
bwh23,C1b,Endothelial,inside,56,0.228860394077686,1.27102665046311,0.102,0.9,IDHm,3,TRUE,0.242,1
bwh23,C1b,Endothelial,ring,162,0.0683530054306315,0.59795872245511,0.282,0.72,IDHm,3,TRUE,0.517,1
bwh23,C1b,Pericyte,inside,56,0.157043509247188,1.05218634201159,0.14,0.862,IDHm,3,TRUE,0.256666666666667,1
bwh23,C1b,Pericyte,ring,162,0.107882340034716,1.18151041608293,0.116,0.886,IDHm,3,TRUE,0.2552,1
bwh23,C1b,IFN_response,inside,56,-0.373942615017414,-1.57879450889042,0.958,0.044,IDHm,3,TRUE,0.998,0.242
bwh23,C1b,IFN_response,ring,162,-0.373117363472227,-2.25275250632507,0.994,0.008,IDHm,3,TRUE,1,0.0366666666666667
bwh23,C1b,Hypoxia,inside,56,2.26321911872463,5.66905486216847,0.002,1,IDHm,3,TRUE,0.011,1
bwh23,C1b,Hypoxia,ring,162,0.719655898333226,2.99194993911772,0.002,1,IDHm,3,TRUE,0.011,1
bwh23,C1b,Inflammation,inside,56,0.57808317924995,2.95402368087392,0.004,0.998,IDHm,3,TRUE,0.0146666666666667,1
bwh23,C1b,Inflammation,ring,162,0.267088438556042,2.21569087418611,0.016,0.986,IDHm,3,TRUE,0.0586666666666667,1
bwh23,C1b,TAM_microglia,inside,56,0.095490587826531,0.683721946306936,0.246,0.756,IDHm,3,TRUE,0.386571428571429,1
bwh23,C1b,TAM_microglia,ring,162,-0.218721616422422,-2.82203004392998,0.992,0.01,IDHm,3,TRUE,1,0.0366666666666667
bwh23,C1b,TAM_monocyte,inside,56,-0.577931453893024,-2.95024901027985,0.998,0.004,IDHm,3,TRUE,0.998,0.044
bwh23,C1b,TAM_monocyte,ring,162,-0.355866096428048,-2.84087398028124,1,0.002,IDHm,3,TRUE,1,0.022
bwh23,C1b,TAM_SPP1_lipid,inside,56,1.32703894703327,5.14128527335583,0.002,1,IDHm,3,TRUE,0.011,1
bwh23,C1b,TAM_SPP1_lipid,ring,162,0.287356609738571,1.80438595281111,0.038,0.964,IDHm,3,TRUE,0.1045,1
bwh23,C1b,TAM_C1Q,inside,56,0.19793959513384,1.2348169869263,0.11,0.892,IDHm,3,TRUE,0.242,1
bwh23,C1b,TAM_C1Q,ring,162,-0.124330451308885,-1.28895141368265,0.904,0.098,IDHm,3,TRUE,1,0.2695
bwh23,C1b,Malignant_CNA,inside,56,-0.149153007997076,-0.808965016847602,0.782,0.22,IDHm,3,TRUE,0.955777777777778,0.806666666666667
bwh23,C1b,Malignant_CNA,ring,162,0.57224184725132,3.86081352707335,0.002,1,IDHm,3,TRUE,0.011,1
bwh23,C1b,UMI_depth,inside,56,-0.069769992303316,-0.38059734758223,0.628,0.374,IDHm,3,TRUE,0.8635,1
bwh23,C1b,UMI_depth,ring,162,-0.0948813192595147,-0.590219772217827,0.708,0.294,IDHm,3,TRUE,1,0.6468
bwh23,P3,Endothelial,inside,50,-0.131985305208566,-0.73556100193196,0.77,0.232,IDHm,3,TRUE,0.99,0.5104
bwh23,P3,Endothelial,ring,124,0.0893420546248843,0.827669653430879,0.202,0.8,IDHm,3,TRUE,0.4444,1
bwh23,P3,Pericyte,inside,50,0.0772700593753096,0.457989215627776,0.338,0.664,IDHm,3,TRUE,0.619666666666667,1
bwh23,P3,Pericyte,ring,124,-0.0422465487968922,-0.489043576561152,0.674,0.328,IDHm,3,TRUE,0.823777777777778,1
bwh23,P3,IFN_response,inside,50,-0.214124239384653,-0.88463635343077,0.8,0.202,IDHm,3,TRUE,0.99,0.5104
bwh23,P3,IFN_response,ring,124,-0.0271452343477975,-0.214519903664423,0.564,0.438,IDHm,3,TRUE,0.7755,1
bwh23,P3,Hypoxia,inside,50,2.17024340870799,5.41992931553001,0.002,1,IDHm,3,TRUE,0.00733333333333333,1
bwh23,P3,Hypoxia,ring,124,0.554047829285693,2.10215380941906,0.018,0.984,IDHm,3,TRUE,0.0495,1
bwh23,P3,Inflammation,inside,50,0.762065741874059,3.13174070209418,0.002,1,IDHm,3,TRUE,0.00733333333333333,1
bwh23,P3,Inflammation,ring,124,0.410130231608963,2.26026540579302,0.01,0.992,IDHm,3,TRUE,0.0495,1
bwh23,P3,TAM_microglia,inside,50,0.308712975548609,1.95787480590215,0.04,0.962,IDHm,3,TRUE,0.088,1
bwh23,P3,TAM_microglia,ring,124,-0.135154223780902,-1.41549414857826,0.92,0.082,IDHm,3,TRUE,0.96,0.451
bwh23,P3,TAM_monocyte,inside,50,-0.458990808195968,-2.3292817820034,0.99,0.012,IDHm,3,TRUE,0.99,0.132
bwh23,P3,TAM_monocyte,ring,124,-0.262162488450985,-1.75536958774229,0.96,0.042,IDHm,3,TRUE,0.96,0.451
bwh23,P3,TAM_SPP1_lipid,inside,50,1.56003780779564,5.26412213093258,0.002,1,IDHm,3,TRUE,0.00733333333333333,1
bwh23,P3,TAM_SPP1_lipid,ring,124,0.464248831302363,2.07125859586769,0.016,0.986,IDHm,3,TRUE,0.0495,1
bwh23,P3,TAM_C1Q,inside,50,0.351017691791947,2.07928034101713,0.012,0.99,IDHm,3,TRUE,0.033,1
bwh23,P3,TAM_C1Q,ring,124,0.0193320060244873,0.154928676149766,0.436,0.566,IDHm,3,TRUE,0.760571428571429,1
bwh23,P3,Malignant_CNA,inside,50,-0.350704672881549,-1.65868767108591,0.946,0.056,IDHm,3,TRUE,0.99,0.227333333333333
bwh23,P3,Malignant_CNA,ring,124,0.52924268287836,3.18802054794605,0.002,1,IDHm,3,TRUE,0.022,1
bwh23,P3,UMI_depth,inside,50,-0.376507738325897,-1.61891699809548,0.94,0.062,IDHm,3,TRUE,0.99,0.227333333333333
bwh23,P3,UMI_depth,ring,124,0.00166268767886316,0.0481008362006267,0.484,0.518,IDHm,3,TRUE,0.760571428571429,1
bwh24,C1b,T_cell,inside,43,-0.00795960626832457,-0.0191435446510453,0.506,0.496,IDHm,4,FALSE,0.6072,1
bwh24,C1b,T_cell,ring,258,0.109737192107887,1.10363037498896,0.136,0.866,IDHm,4,FALSE,0.3936,1
bwh24,C1b,Endothelial,inside,43,0.321873091725958,1.62098432609594,0.052,0.95,IDHm,4,FALSE,0.104,1
bwh24,C1b,Endothelial,ring,258,-0.00607125622507197,-0.125355101835828,0.556,0.446,IDHm,4,FALSE,0.741333333333333,1
bwh24,C1b,Pericyte,inside,43,1.97628927370944,9.65001382844562,0.002,1,IDHm,4,FALSE,0.012,1
bwh24,C1b,Pericyte,ring,258,0.00900896366318056,0.155234234923267,0.45,0.552,IDHm,4,FALSE,0.741333333333333,1
bwh24,C1b,IFN_response,inside,43,0.0949639275386229,0.446879864535449,0.326,0.676,IDHm,4,FALSE,0.434666666666667,1
bwh24,C1b,IFN_response,ring,258,-0.152921405666399,-1.30161647786712,0.91,0.092,IDHm,4,FALSE,0.936,0.552
bwh24,C1b,Hypoxia,inside,43,-0.236117041230938,-1.39091312457144,0.918,0.084,IDHm,4,FALSE,0.918,1
bwh24,C1b,Hypoxia,ring,258,-0.12250943273794,-1.56547324525339,0.936,0.066,IDHm,4,FALSE,0.936,0.552
bwh24,C1b,Inflammation,inside,43,0.295568674174065,1.47475962787725,0.07,0.932,IDHm,4,FALSE,0.12,1
bwh24,C1b,Inflammation,ring,258,0.13655885638469,1.03913732547857,0.164,0.838,IDHm,4,FALSE,0.3936,1
bwh24,C1b,TAM_microglia,inside,43,0.482251182125782,2.77072312407855,0.004,0.998,IDHm,4,FALSE,0.016,1
bwh24,C1b,TAM_microglia,ring,258,0.0488159783934821,0.675338155989404,0.24,0.762,IDHm,4,FALSE,0.48,1
bwh24,C1b,TAM_monocyte,inside,43,0.296906166034929,1.90704590372984,0.024,0.978,IDHm,4,FALSE,0.0576,1
bwh24,C1b,TAM_monocyte,ring,258,-0.0356983465612066,-0.496284990808957,0.698,0.304,IDHm,4,FALSE,0.8376,1
bwh24,C1b,TAM_SPP1_lipid,inside,43,-0.147950561576577,-0.905710868411492,0.818,0.184,IDHm,4,FALSE,0.892363636363636,1
bwh24,C1b,TAM_SPP1_lipid,ring,258,-0.00114737795686687,-0.0228960053305521,0.496,0.506,IDHm,4,FALSE,0.741333333333333,1
bwh24,C1b,TAM_C1Q,inside,43,0.485153571377484,2.61094702179701,0.006,0.996,IDHm,4,FALSE,0.018,1
bwh24,C1b,TAM_C1Q,ring,258,0.130894083007827,1.14252242323318,0.13,0.872,IDHm,4,FALSE,0.3936,1
bwh24,C1b,Malignant_CNA,inside,43,0.144657206637474,0.764738331523601,0.226,0.776,IDHm,4,FALSE,0.339,1
bwh24,C1b,Malignant_CNA,ring,258,0.230259316195096,2.74359935314661,0.006,0.996,IDHm,4,FALSE,0.036,1
bwh24,C1b,UMI_depth,inside,43,0.988370366845003,3.55846113413347,0.002,1,IDHm,4,FALSE,0.012,1
bwh24,C1b,UMI_depth,ring,258,0.509895732994622,3.24805458706408,0.002,1,IDHm,4,FALSE,0.024,1
bwh25,C1b,T_cell,inside,168,-0.0533549444919207,-0.688820731944213,0.772,0.23,IDHm,4,FALSE,0.861818181818182,0.884
bwh25,C1b,T_cell,ring,484,0.0482894741419953,1.00367460092073,0.172,0.83,IDHm,4,FALSE,0.4128,1
bwh25,C1b,Endothelial,inside,168,0.449500587762112,3.86135366783916,0.002,1,IDHm,4,FALSE,0.008,1
bwh25,C1b,Endothelial,ring,484,0.0533111932634557,0.773184988472689,0.228,0.774,IDHm,4,FALSE,0.456,1
bwh25,C1b,Pericyte,inside,168,0.219362910410616,2.10839104467103,0.02,0.982,IDHm,4,FALSE,0.048,1
bwh25,C1b,Pericyte,ring,484,0.113122926007311,1.75236712956414,0.044,0.958,IDHm,4,FALSE,0.132,1
bwh25,C1b,IFN_response,inside,168,0.448674652568019,2.46660497691169,0.004,0.998,IDHm,4,FALSE,0.012,1
bwh25,C1b,IFN_response,ring,484,0.215473946792543,1.93658039021157,0.014,0.988,IDHm,4,FALSE,0.056,1
bwh25,C1b,Hypoxia,inside,168,-0.0252124329945788,-0.312366840218842,0.608,0.394,IDHm,4,FALSE,0.861818181818182,0.884
bwh25,C1b,Hypoxia,ring,484,-0.0413778767572158,-0.868140057185391,0.806,0.196,IDHm,4,FALSE,0.9888,0.588
bwh25,C1b,Inflammation,inside,168,0.331729750565311,2.98444701021663,0.002,1,IDHm,4,FALSE,0.008,1
bwh25,C1b,Inflammation,ring,484,-0.0305824713033468,-0.420432053650718,0.65,0.352,IDHm,4,FALSE,0.975,0.8448
bwh25,C1b,TAM_microglia,inside,168,-0.0796268532509532,-0.844524223689747,0.79,0.212,IDHm,4,FALSE,0.861818181818182,0.884
bwh25,C1b,TAM_microglia,ring,484,-0.104216873508176,-2.37623889174156,0.992,0.01,IDHm,4,FALSE,0.992,0.12
bwh25,C1b,TAM_monocyte,inside,168,-0.197440755539318,-1.86217755345347,0.974,0.028,IDHm,4,FALSE,0.974,0.336
bwh25,C1b,TAM_monocyte,ring,484,-0.0415153323178612,-0.907995952839726,0.824,0.178,IDHm,4,FALSE,0.9888,0.588
bwh25,C1b,TAM_SPP1_lipid,inside,168,-0.0548020324641704,-0.45787858201801,0.658,0.344,IDHm,4,FALSE,0.861818181818182,0.884
bwh25,C1b,TAM_SPP1_lipid,ring,484,0.0106707930505755,0.17326698820128,0.434,0.568,IDHm,4,FALSE,0.744,1
bwh25,C1b,TAM_C1Q,inside,168,-0.0173819878195513,-0.115460387316206,0.56,0.442,IDHm,4,FALSE,0.861818181818182,0.884
bwh25,C1b,TAM_C1Q,ring,484,-0.0944775519560772,-1.32980562515197,0.912,0.09,IDHm,4,FALSE,0.992,0.54
bwh25,C1b,Malignant_CNA,inside,168,0.420515131039754,1.52444923677523,0.064,0.938,IDHm,4,FALSE,0.128,1
bwh25,C1b,Malignant_CNA,ring,484,0.374643836222329,1.85946332071565,0.01,0.992,IDHm,4,FALSE,0.056,1
bwh25,C1b,UMI_depth,inside,168,1.42809285747003,5.81360620189591,0.002,1,IDHm,4,FALSE,0.008,1
bwh25,C1b,UMI_depth,ring,484,0.404810274861831,3.49447724732047,0.002,1,IDHm,4,FALSE,0.024,1
bwh28,C1b,Endothelial,inside,56,0.321440939464017,2.25428841990226,0.006,0.996,IDHm,2,TRUE,0.015,1
bwh28,C1b,Endothelial,ring,345,-0.0323840954077519,-0.556779452704955,0.716,0.286,IDHm,2,TRUE,0.895,0.953333333333333
bwh28,C1b,Pericyte,inside,56,0.195471556951104,1.41318471087846,0.09,0.912,IDHm,2,TRUE,0.18,1
bwh28,C1b,Pericyte,ring,345,-0.0734318436749748,-1.47346430879201,0.92,0.082,IDHm,2,TRUE,0.978,0.41
bwh28,C1b,IFN_response,inside,56,-0.056488387146841,-0.390528929599081,0.65,0.352,IDHm,2,TRUE,0.782222222222222,1
bwh28,C1b,IFN_response,ring,345,0.107218922866131,1.87808503719293,0.044,0.958,IDHm,2,TRUE,0.146666666666667,1
bwh28,C1b,Hypoxia,inside,56,-0.0648053443932587,-0.508082581662696,0.704,0.298,IDHm,2,TRUE,0.782222222222222,1
bwh28,C1b,Hypoxia,ring,345,0.0640283646308054,1.22446268425498,0.126,0.876,IDHm,2,TRUE,0.252,1
bwh28,C1b,Inflammation,inside,56,0.468980340765299,3.25551783106769,0.002,1,IDHm,2,TRUE,0.00666666666666667,1
bwh28,C1b,Inflammation,ring,345,0.0134467162837538,0.170316393154709,0.442,0.56,IDHm,2,TRUE,0.631428571428572,1
bwh28,C1b,TAM_microglia,inside,56,0.0396977322619489,0.337534850857399,0.374,0.628,IDHm,2,TRUE,0.534285714285714,1
bwh28,C1b,TAM_microglia,ring,345,0.00848624957237152,0.10614012970265,0.442,0.56,IDHm,2,TRUE,0.631428571428572,1
bwh28,C1b,TAM_SPP1_lipid,inside,56,0.656863631914693,4.42683200455126,0.002,1,IDHm,2,TRUE,0.00666666666666667,1
bwh28,C1b,TAM_SPP1_lipid,ring,345,0.197743092309245,2.52773065103402,0.004,0.998,IDHm,2,TRUE,0.02,1
bwh28,C1b,TAM_C1Q,inside,56,0.122432984506756,0.980438084572885,0.162,0.84,IDHm,2,TRUE,0.27,1
bwh28,C1b,TAM_C1Q,ring,345,0.0780021149143114,1.47065972170789,0.08,0.922,IDHm,2,TRUE,0.2,1
bwh28,C1b,Malignant_CNA,inside,56,-0.161996474251188,-1.11245247023951,0.872,0.13,IDHm,2,TRUE,0.872,1
bwh28,C1b,Malignant_CNA,ring,345,-0.146057012372335,-1.9838366117401,0.978,0.024,IDHm,2,TRUE,0.978,0.24
bwh28,C1b,UMI_depth,inside,56,0.81353181432746,4.45578852173602,0.002,1,IDHm,2,TRUE,0.00666666666666667,1
bwh28,C1b,UMI_depth,ring,345,0.459581616181577,3.10465644802754,0.002,1,IDHm,2,TRUE,0.02,1
bwh35,C1b,Endothelial,inside,6,0.424156225757608,1.08551332505384,0.142,0.86,IDHm,2,TRUE,0.245142857142857,0.992
bwh35,C1b,Endothelial,ring,62,0.0417764383906246,0.312716320268672,0.386,0.616,IDHm,2,TRUE,0.606571428571429,0.924
bwh35,C1b,Pericyte,inside,6,0.845218075259408,2.01190491794901,0.036,0.966,IDHm,2,TRUE,0.099,0.992
bwh35,C1b,Pericyte,ring,62,-0.177830611337654,-1.56166445408704,0.934,0.068,IDHm,2,TRUE,0.934,0.748
bwh35,C1b,IFN_response,inside,6,0.985187093749001,2.32306698703702,0.01,0.992,IDHm,2,TRUE,0.088,0.992
bwh35,C1b,IFN_response,ring,62,0.12019658553199,0.761628230302898,0.246,0.756,IDHm,2,TRUE,0.575666666666667,0.924
bwh35,C1b,Hypoxia,inside,6,-0.564112326013945,-1.39910011386654,0.924,0.078,IDHm,2,TRUE,0.924,0.858
bwh35,C1b,Hypoxia,ring,62,-0.0825480344603041,-0.603189671709656,0.744,0.258,IDHm,2,TRUE,0.909333333333333,0.924
bwh35,C1b,Inflammation,inside,6,0.445642984672963,1.05189779759415,0.156,0.846,IDHm,2,TRUE,0.245142857142857,0.992
bwh35,C1b,Inflammation,ring,62,0.241313667296547,1.46138662251736,0.07,0.932,IDHm,2,TRUE,0.575666666666667,0.932
bwh35,C1b,TAM_microglia,inside,6,0.88464264671383,2.23149250931351,0.016,0.986,IDHm,2,TRUE,0.088,0.992
bwh35,C1b,TAM_microglia,ring,62,-0.138188051495862,-1.00104666340921,0.846,0.156,IDHm,2,TRUE,0.9306,0.858
bwh35,C1b,TAM_monocyte,inside,6,-0.301002869769608,-0.699194119987631,0.768,0.234,IDHm,2,TRUE,0.8448,0.992
bwh35,C1b,TAM_monocyte,ring,62,-0.0199681833731521,-0.181059484483348,0.568,0.434,IDHm,2,TRUE,0.781,0.924
bwh35,C1b,TAM_SPP1_lipid,inside,6,0.786826856344983,1.92230987809976,0.028,0.974,IDHm,2,TRUE,0.099,0.992
bwh35,C1b,TAM_SPP1_lipid,ring,62,0.0792249502184565,0.523059262260156,0.3,0.702,IDHm,2,TRUE,0.575666666666667,0.924
bwh35,C1b,TAM_C1Q,inside,6,-0.0371859670841343,-0.0999623567041453,0.554,0.448,IDHm,2,TRUE,0.677111111111111,0.992
bwh35,C1b,TAM_C1Q,ring,62,0.06819871946547,0.581397396835312,0.292,0.71,IDHm,2,TRUE,0.575666666666667,0.924
bwh35,C1b,Malignant_CNA,inside,6,-0.0432486711028144,-0.0699729303849551,0.528,0.474,IDHm,2,TRUE,0.677111111111111,0.992
bwh35,C1b,Malignant_CNA,ring,62,0.191452437930279,1.07113309984867,0.142,0.86,IDHm,2,TRUE,0.575666666666667,0.932
bwh35,C1b,UMI_depth,inside,6,0.683272141838629,1.50729591813058,0.066,0.936,IDHm,2,TRUE,0.1452,0.992
bwh35,C1b,UMI_depth,ring,62,0.171147699518273,0.55766449655242,0.314,0.688,IDHm,2,TRUE,0.575666666666667,0.924
mgh258,C1b,T_cell,inside,154,0.322461826135166,2.64012618213153,0.002,1,GBM,4,FALSE,0.004,1
mgh258,C1b,T_cell,ring,423,0.192347615898349,2.95743915771747,0.004,0.998,GBM,4,FALSE,0.012,1
mgh258,C1b,Endothelial,inside,154,-0.158906928171918,-1.32778345373383,0.918,0.084,GBM,4,FALSE,1,0.336
mgh258,C1b,Endothelial,ring,423,-0.0950858280011436,-1.43046851272169,0.934,0.068,GBM,4,FALSE,1,0.204
mgh258,C1b,Pericyte,inside,154,0.119727774765129,1.20583829197895,0.14,0.862,GBM,4,FALSE,0.21,1
mgh258,C1b,Pericyte,ring,423,-0.0439111424523947,-0.825012576849477,0.798,0.204,GBM,4,FALSE,1,0.4896
mgh258,C1b,IFN_response,inside,154,-0.38062340391886,-1.55298914564554,0.952,0.05,GBM,4,FALSE,1,0.3
mgh258,C1b,IFN_response,ring,423,-0.334599562517929,-2.01374956077247,0.978,0.024,GBM,4,FALSE,1,0.144
mgh258,C1b,Hypoxia,inside,154,0.2939107734283,2.42278893494702,0.016,0.986,GBM,4,FALSE,0.0274285714285714,1
mgh258,C1b,Hypoxia,ring,423,0.137162301683472,2.22651381271447,0.01,0.992,GBM,4,FALSE,0.024,1
mgh258,C1b,Inflammation,inside,154,0.553466847418443,3.18194298566023,0.002,1,GBM,4,FALSE,0.004,1
mgh258,C1b,Inflammation,ring,423,0.260463970788046,2.76772427927914,0.004,0.998,GBM,4,FALSE,0.012,1
mgh258,C1b,TAM_microglia,inside,154,0.589254491765661,5.15471479106497,0.002,1,GBM,4,FALSE,0.004,1
mgh258,C1b,TAM_microglia,ring,423,0.119640160061312,1.50718263372461,0.062,0.94,GBM,4,FALSE,0.124,1
mgh258,C1b,TAM_monocyte,inside,154,0.288295087038294,3.36574653565405,0.002,1,GBM,4,FALSE,0.004,1
mgh258,C1b,TAM_monocyte,ring,423,0.0218804493729829,0.390079292514602,0.348,0.654,GBM,4,FALSE,0.596571428571429,1
mgh258,C1b,TAM_SPP1_lipid,inside,154,0.832798624698228,3.74663915216059,0.002,1,GBM,4,FALSE,0.004,1
mgh258,C1b,TAM_SPP1_lipid,ring,423,0.50360479212288,3.27509995423036,0.002,1,GBM,4,FALSE,0.012,1
mgh258,C1b,TAM_C1Q,inside,154,0.962739354220117,3.75600477217922,0.002,1,GBM,4,FALSE,0.004,1
mgh258,C1b,TAM_C1Q,ring,423,0.432872508353917,2.93247171694403,0.002,1,GBM,4,FALSE,0.012,1
mgh258,C1b,Malignant_CNA,inside,154,-1.08975626012986,-3.18790878427448,1,0.002,GBM,4,FALSE,1,0.024
mgh258,C1b,Malignant_CNA,ring,423,-0.658176227438411,-3.27206221323922,1,0.002,GBM,4,FALSE,1,0.024
mgh258,C1b,UMI_depth,inside,154,0.27119508031206,0.822743569240245,0.244,0.758,GBM,4,FALSE,0.325333333333333,1
mgh258,C1b,UMI_depth,ring,423,-0.301998638893175,-1.56218371004209,0.94,0.062,GBM,4,FALSE,1,0.204
mgh258,P3,T_cell,inside,19,1.00062222893609,3.99528541229739,0.002,1,GBM,4,FALSE,0.008,1
mgh258,P3,T_cell,ring,171,0.187844057691093,1.673893106188,0.056,0.946,GBM,4,FALSE,0.128,0.996
mgh258,P3,Endothelial,inside,19,0.0547420247513486,0.330572698065264,0.374,0.628,GBM,4,FALSE,0.4488,1
mgh258,P3,Endothelial,ring,171,-0.153224903474271,-1.21742675971349,0.894,0.108,GBM,4,FALSE,0.996,0.324
mgh258,P3,Pericyte,inside,19,0.55601178357734,2.28992927358388,0.016,0.986,GBM,4,FALSE,0.032,1
mgh258,P3,Pericyte,ring,171,0.0317807432431228,0.436493569198612,0.326,0.676,GBM,4,FALSE,0.489,0.996
mgh258,P3,IFN_response,inside,19,0.205035439644372,0.769533677983433,0.23,0.772,GBM,4,FALSE,0.306666666666667,1
mgh258,P3,IFN_response,ring,171,-0.273858835069166,-1.25345971831654,0.896,0.106,GBM,4,FALSE,0.996,0.324
mgh258,P3,Hypoxia,inside,19,0.545337575975166,2.38327109263865,0.012,0.99,GBM,4,FALSE,0.0288,1
mgh258,P3,Hypoxia,ring,171,0.112743895589032,1.18058769632561,0.134,0.868,GBM,4,FALSE,0.229714285714286,0.996
mgh258,P3,Inflammation,inside,19,1.03418824477908,4.06943542762602,0.002,1,GBM,4,FALSE,0.008,1
mgh258,P3,Inflammation,ring,171,0.285580822105854,2.25839854698351,0.008,0.994,GBM,4,FALSE,0.024,0.996
mgh258,P3,TAM_microglia,inside,19,0.438791083355208,1.8338830247913,0.034,0.968,GBM,4,FALSE,0.0582857142857143,1
mgh258,P3,TAM_microglia,ring,171,0.277330705000869,2.35689996722539,0.008,0.994,GBM,4,FALSE,0.024,0.996
mgh258,P3,TAM_monocyte,inside,19,0.306498035076669,1.34662782538563,0.108,0.894,GBM,4,FALSE,0.162,1
mgh258,P3,TAM_monocyte,ring,171,0.136021547615716,1.57674320277779,0.064,0.938,GBM,4,FALSE,0.128,0.996
mgh258,P3,TAM_SPP1_lipid,inside,19,0.729086952720186,2.70475915562329,0.01,0.992,GBM,4,FALSE,0.0288,1
mgh258,P3,TAM_SPP1_lipid,ring,171,0.425178384745781,2.52838310608791,0.006,0.996,GBM,4,FALSE,0.024,0.996
mgh258,P3,TAM_C1Q,inside,19,0.911352592194505,3.16225945872017,0.002,1,GBM,4,FALSE,0.008,1
mgh258,P3,TAM_C1Q,ring,171,0.490115759748163,2.39737151014747,0.006,0.996,GBM,4,FALSE,0.024,0.996
mgh258,P3,Malignant_CNA,inside,19,-1.08706348791808,-3.12314031461857,1,0.002,GBM,4,FALSE,1,0.024
mgh258,P3,Malignant_CNA,ring,171,-0.497559714713494,-1.78508086423009,0.958,0.044,GBM,4,FALSE,0.996,0.264
mgh258,P3,UMI_depth,inside,19,-0.62011418494885,-1.45819643522696,0.936,0.066,GBM,4,FALSE,1,0.396
mgh258,P3,UMI_depth,ring,171,-0.731926992362034,-1.94820947004693,0.996,0.006,GBM,4,FALSE,0.996,0.072
mgh259,C1b,Endothelial,inside,290,0.0546760918592102,0.460058648632692,0.348,0.654,IDHm,3,TRUE,0.4554,1
mgh259,C1b,Endothelial,ring,404,-0.0980357860511668,-1.21850373412236,0.884,0.118,IDHm,3,TRUE,0.9724,0.649
mgh259,C1b,Pericyte,inside,290,0.160674400319192,1.31723243176429,0.114,0.888,IDHm,3,TRUE,0.201142857142857,1
mgh259,C1b,Pericyte,ring,404,0.00581871729117499,0.00531621945731416,0.496,0.506,IDHm,3,TRUE,0.682,1
mgh259,C1b,IFN_response,inside,290,0.245630626421132,1.63330573200499,0.042,0.96,IDHm,3,TRUE,0.0924,1
mgh259,C1b,IFN_response,ring,404,0.0340179405414061,0.257696910864085,0.388,0.614,IDHm,3,TRUE,0.609714285714286,1
mgh259,C1b,Hypoxia,inside,290,0.0843342164967629,1.12587349232639,0.128,0.874,IDHm,3,TRUE,0.201142857142857,1
mgh259,C1b,Hypoxia,ring,404,0.0821941850431351,1.43730750785667,0.078,0.924,IDHm,3,TRUE,0.1716,1
mgh259,C1b,Inflammation,inside,290,0.564507585060232,3.77596422560629,0.002,1,IDHm,3,TRUE,0.0055,1
mgh259,C1b,Inflammation,ring,404,0.188321250503657,2.12058251822603,0.02,0.982,IDHm,3,TRUE,0.055,1
mgh259,C1b,TAM_microglia,inside,290,0.637345332200549,4.16730214311056,0.002,1,IDHm,3,TRUE,0.0055,1
mgh259,C1b,TAM_microglia,ring,404,0.232656474539815,2.467098262216,0.008,0.994,IDHm,3,TRUE,0.0293333333333333,1
mgh259,C1b,TAM_monocyte,inside,290,0.0172477747905029,0.259933045990102,0.404,0.598,IDHm,3,TRUE,0.4554,1
mgh259,C1b,TAM_monocyte,ring,404,0.0242656756754244,0.430455611448475,0.344,0.658,IDHm,3,TRUE,0.609714285714286,1
mgh259,C1b,TAM_SPP1_lipid,inside,290,1.65671559685888,5.13204096783437,0.002,1,IDHm,3,TRUE,0.0055,1
mgh259,C1b,TAM_SPP1_lipid,ring,404,0.620057592936962,2.96771543619171,0.002,1,IDHm,3,TRUE,0.011,1
mgh259,C1b,TAM_C1Q,inside,290,1.38299417934499,4.79506849707202,0.002,1,IDHm,3,TRUE,0.0055,1
mgh259,C1b,TAM_C1Q,ring,404,0.604285736029125,3.16191487719214,0.002,1,IDHm,3,TRUE,0.011,1
mgh259,C1b,Malignant_CNA,inside,290,-1.20272006475466,-4.40760792455327,1,0.002,IDHm,3,TRUE,1,0.022
mgh259,C1b,Malignant_CNA,ring,404,-0.431129368412946,-2.58468001268404,0.996,0.006,IDHm,3,TRUE,0.996,0.066
mgh259,C1b,UMI_depth,inside,290,0.0625157267744408,0.281687948015741,0.414,0.588,IDHm,3,TRUE,0.4554,1
mgh259,C1b,UMI_depth,ring,404,-0.0793888740217101,-0.225357070097713,0.562,0.44,IDHm,3,TRUE,0.686888888888889,1
mgh259,P3,Endothelial,inside,142,0.157819050048212,1.04470363417877,0.152,0.85,IDHm,3,TRUE,0.238857142857143,1
mgh259,P3,Endothelial,ring,367,-0.0479643060234082,-0.541354061482889,0.71,0.292,IDHm,3,TRUE,0.781,1
mgh259,P3,Pericyte,inside,142,0.205775236514752,1.32553629297253,0.088,0.914,IDHm,3,TRUE,0.161333333333333,1
mgh259,P3,Pericyte,ring,367,0.0301627564109835,0.293017629608241,0.392,0.61,IDHm,3,TRUE,0.539,1
mgh259,P3,IFN_response,inside,142,0.315302031294174,1.80629120764431,0.03,0.972,IDHm,3,TRUE,0.066,1
mgh259,P3,IFN_response,ring,367,0.122570902542918,0.98016005658595,0.188,0.814,IDHm,3,TRUE,0.4136,1
mgh259,P3,Hypoxia,inside,142,0.0311112861736645,0.329049364405341,0.384,0.618,IDHm,3,TRUE,0.469333333333333,1
mgh259,P3,Hypoxia,ring,367,0.0327382326818437,0.511391047875065,0.322,0.68,IDHm,3,TRUE,0.506,1
mgh259,P3,Inflammation,inside,142,0.615293048550925,3.30573793263641,0.002,1,IDHm,3,TRUE,0.0055,1
mgh259,P3,Inflammation,ring,367,0.376286070011952,3.51473243569684,0.002,1,IDHm,3,TRUE,0.0055,1
mgh259,P3,TAM_microglia,inside,142,0.690413956723039,3.45073605089593,0.002,1,IDHm,3,TRUE,0.0055,1
mgh259,P3,TAM_microglia,ring,367,0.423090041300509,3.66017278773021,0.002,1,IDHm,3,TRUE,0.0055,1
mgh259,P3,TAM_monocyte,inside,142,0.0865807607524925,0.874977239718117,0.192,0.81,IDHm,3,TRUE,0.264,1
mgh259,P3,TAM_monocyte,ring,367,0.0372959500693405,0.581001165428999,0.292,0.71,IDHm,3,TRUE,0.506,1
mgh259,P3,TAM_SPP1_lipid,inside,142,1.7300394848883,4.51281007989793,0.002,1,IDHm,3,TRUE,0.0055,1
mgh259,P3,TAM_SPP1_lipid,ring,367,1.0047665826683,3.95012633700439,0.002,1,IDHm,3,TRUE,0.0055,1
mgh259,P3,TAM_C1Q,inside,142,1.30845350124979,3.82538455046809,0.002,1,IDHm,3,TRUE,0.0055,1
mgh259,P3,TAM_C1Q,ring,367,0.936538297863288,3.99328430766482,0.002,1,IDHm,3,TRUE,0.0055,1
mgh259,P3,Malignant_CNA,inside,142,-1.34653774055727,-3.91947375325894,1,0.002,IDHm,3,TRUE,1,0.022
mgh259,P3,Malignant_CNA,ring,367,-0.693951905264212,-3.30153084540523,1,0.002,IDHm,3,TRUE,1,0.022
mgh259,P3,UMI_depth,inside,142,-0.0526163589659549,-0.0865449333036266,0.538,0.464,IDHm,3,TRUE,0.5918,1
mgh259,P3,UMI_depth,ring,367,-0.199820156437421,-0.671718511177046,0.704,0.298,IDHm,3,TRUE,0.781,1
zh1007inf,C1b,T_cell,inside,199,0.0960123837776208,1.0381498374456,0.166,0.836,GBM,4,FALSE,0.248,1
zh1007inf,C1b,T_cell,ring,199,0.0960274290157475,1.34437649548953,0.098,0.904,GBM,4,FALSE,0.2352,0.994
zh1007inf,C1b,Endothelial,inside,199,-0.186626107483165,-0.907609808627534,0.8,0.202,GBM,4,FALSE,0.8,1
zh1007inf,C1b,Endothelial,ring,199,-0.219355939937614,-1.4706230716919,0.926,0.076,GBM,4,FALSE,0.926,0.76
zh1007inf,C1b,Pericyte,inside,199,-0.149545834852953,-0.617039774813053,0.692,0.31,GBM,4,FALSE,0.8,1
zh1007inf,C1b,Pericyte,ring,199,-0.173465740678836,-1.00540801062553,0.842,0.16,GBM,4,FALSE,0.918545454545454,0.76
zh1007inf,C1b,IFN_response,inside,199,0.195329014368101,1.24851197671046,0.102,0.9,GBM,4,FALSE,0.174857142857143,1
zh1007inf,C1b,IFN_response,ring,199,0.0515691404396002,0.407681908584885,0.354,0.648,GBM,4,FALSE,0.472,0.994
zh1007inf,C1b,Hypoxia,inside,199,0.0876014363960785,0.918239975618658,0.186,0.816,GBM,4,FALSE,0.248,1
zh1007inf,C1b,Hypoxia,ring,199,0.0453112607337252,0.577162774310312,0.266,0.736,GBM,4,FALSE,0.399,0.994
zh1007inf,C1b,Inflammation,inside,199,0.672136067554494,2.31874317619396,0.012,0.99,GBM,4,FALSE,0.036,1
zh1007inf,C1b,Inflammation,ring,199,0.300125592335763,1.47020825668405,0.068,0.934,GBM,4,FALSE,0.204,0.994
zh1007inf,C1b,TAM_microglia,inside,199,0.282666348437822,1.5989388955039,0.068,0.934,GBM,4,FALSE,0.136,1
zh1007inf,C1b,TAM_microglia,ring,199,0.0850041619706591,0.707904436913749,0.242,0.76,GBM,4,FALSE,0.399,0.994
zh1007inf,C1b,TAM_monocyte,inside,199,0.381816960872546,2.21002256749904,0.008,0.994,GBM,4,FALSE,0.032,1
zh1007inf,C1b,TAM_monocyte,ring,199,0.132354038086274,1.09896330834636,0.132,0.87,GBM,4,FALSE,0.264,0.994
zh1007inf,C1b,TAM_SPP1_lipid,inside,199,0.617227925020724,2.69030274903364,0.002,1,GBM,4,FALSE,0.012,1
zh1007inf,C1b,TAM_SPP1_lipid,ring,199,0.279380538298185,1.73828067485381,0.044,0.958,GBM,4,FALSE,0.176,0.994
zh1007inf,C1b,TAM_C1Q,inside,199,0.635080748062108,1.86669433655527,0.034,0.968,GBM,4,FALSE,0.0816,1
zh1007inf,C1b,TAM_C1Q,ring,199,0.474032699757693,2.27549225841579,0.008,0.994,GBM,4,FALSE,0.096,0.994
zh1007inf,C1b,Malignant_CNA,inside,199,-0.327527290555522,-0.796711182773534,0.752,0.25,GBM,4,FALSE,0.8,1
zh1007inf,C1b,Malignant_CNA,ring,199,-0.254832344682691,-0.934174724757595,0.812,0.19,GBM,4,FALSE,0.918545454545454,0.76
zh1007inf,C1b,UMI_depth,inside,199,1.07196834367614,3.18676301637137,0.002,1,GBM,4,FALSE,0.012,1
zh1007inf,C1b,UMI_depth,ring,199,0.488193469449094,1.83739343605608,0.034,0.968,GBM,4,FALSE,0.176,0.994
zh1007nec,C1b,T_cell,inside,37,-0.0142900592882107,-0.133909325673354,0.55,0.452,GBM,4,FALSE,0.733333333333333,0.992
zh1007nec,C1b,T_cell,ring,107,0.157536212714614,1.40563041350721,0.088,0.914,GBM,4,FALSE,0.188571428571429,1
zh1007nec,C1b,Endothelial,inside,37,-0.256353995004322,-0.683575879517529,0.75,0.252,GBM,4,FALSE,0.75,0.992
zh1007nec,C1b,Endothelial,ring,107,-0.354275646131807,-2.25974335044858,0.992,0.01,GBM,4,FALSE,0.992,0.12
zh1007nec,C1b,Pericyte,inside,37,-0.0680255286230904,-0.0674839587031662,0.512,0.49,GBM,4,FALSE,0.733333333333333,0.992
zh1007nec,C1b,Pericyte,ring,107,-0.274538011121428,-1.38266235227013,0.91,0.092,GBM,4,FALSE,0.992,0.368
zh1007nec,C1b,IFN_response,inside,37,-0.180671477542187,-0.527778646767855,0.69,0.312,GBM,4,FALSE,0.75,0.992
zh1007nec,C1b,IFN_response,ring,107,0.26955386162714,1.26067032132314,0.11,0.892,GBM,4,FALSE,0.188571428571429,1
zh1007nec,C1b,Hypoxia,inside,37,0.845326576857535,1.26767964581174,0.112,0.89,GBM,4,FALSE,0.192,0.992
zh1007nec,C1b,Hypoxia,ring,107,0.481421402280951,1.38953422558069,0.076,0.926,GBM,4,FALSE,0.188571428571429,1
zh1007nec,C1b,Inflammation,inside,37,0.926881998056168,2.08584390397546,0.014,0.988,GBM,4,FALSE,0.056,0.992
zh1007nec,C1b,Inflammation,ring,107,0.566093409629204,2.1515247990751,0.01,0.992,GBM,4,FALSE,0.06,1
zh1007nec,C1b,TAM_microglia,inside,37,0.739150821850969,2.35210739983134,0.01,0.992,GBM,4,FALSE,0.056,0.992
zh1007nec,C1b,TAM_microglia,ring,107,-0.229596167788551,-1.43824528495878,0.918,0.084,GBM,4,FALSE,0.992,0.368
zh1007nec,C1b,TAM_monocyte,inside,37,1.11318377301125,2.2500387317396,0.012,0.99,GBM,4,FALSE,0.056,0.992
zh1007nec,C1b,TAM_monocyte,ring,107,0.599074035176151,2.21185926084016,0.02,0.982,GBM,4,FALSE,0.08,1
zh1007nec,C1b,TAM_SPP1_lipid,inside,37,0.941969554537558,1.63072938679362,0.052,0.95,GBM,4,FALSE,0.156,0.992
zh1007nec,C1b,TAM_SPP1_lipid,ring,107,0.420766664072297,1.26366634942686,0.096,0.906,GBM,4,FALSE,0.188571428571429,1
zh1007nec,C1b,TAM_C1Q,inside,37,0.621154507254848,1.40100049219174,0.098,0.904,GBM,4,FALSE,0.192,0.992
zh1007nec,C1b,TAM_C1Q,ring,107,0.179477370364005,0.669116430885577,0.24,0.762,GBM,4,FALSE,0.32,1
zh1007nec,C1b,Malignant_CNA,inside,37,-0.111500879267296,-0.38345947594318,0.634,0.368,GBM,4,FALSE,0.75,0.992
zh1007nec,C1b,Malignant_CNA,ring,107,0.459593912523283,2.43179235803577,0.002,1,GBM,4,FALSE,0.024,1
zh1007nec,C1b,UMI_depth,inside,37,0.821767499456326,1.32470169887347,0.106,0.896,GBM,4,FALSE,0.192,0.992
zh1007nec,C1b,UMI_depth,ring,107,0.402275085678046,1.16831087955744,0.14,0.862,GBM,4,FALSE,0.21,1
zh1007nec,P3,T_cell,inside,33,0.570721611275404,3.12694477813856,0.002,1,GBM,4,FALSE,0.016,1
zh1007nec,P3,T_cell,ring,87,-0.0473116447305193,-0.389337976606116,0.646,0.356,GBM,4,FALSE,0.738,0.996
zh1007nec,P3,Endothelial,inside,33,-0.325378157396851,-0.981276239147092,0.832,0.17,GBM,4,FALSE,0.832,1
zh1007nec,P3,Endothelial,ring,87,-0.104048815331952,-0.648114525167938,0.738,0.264,GBM,4,FALSE,0.738,0.996
zh1007nec,P3,Pericyte,inside,33,-0.204752774205098,-0.476808907389055,0.656,0.346,GBM,4,FALSE,0.778909090909091,1
zh1007nec,P3,Pericyte,ring,87,-0.0329091447179637,-0.170778784846647,0.582,0.42,GBM,4,FALSE,0.738,0.996
zh1007nec,P3,IFN_response,inside,33,-0.197901077690117,-0.55292931845709,0.714,0.288,GBM,4,FALSE,0.778909090909091,1
zh1007nec,P3,IFN_response,ring,87,0.600534884614028,2.48720562904994,0.012,0.99,GBM,4,FALSE,0.072,0.996
zh1007nec,P3,Hypoxia,inside,33,0.324139941399889,0.561862270180185,0.292,0.71,GBM,4,FALSE,0.498666666666667,1
zh1007nec,P3,Hypoxia,ring,87,-0.135780942344828,-0.495274268058016,0.704,0.298,GBM,4,FALSE,0.738,0.996
zh1007nec,P3,Inflammation,inside,33,0.591234563277287,1.61475851657112,0.058,0.944,GBM,4,FALSE,0.116,1
zh1007nec,P3,Inflammation,ring,87,0.297573030081465,1.32853268855352,0.082,0.92,GBM,4,FALSE,0.164,0.996
zh1007nec,P3,TAM_microglia,inside,33,0.807705406865125,2.67738129209357,0.004,0.998,GBM,4,FALSE,0.016,1
zh1007nec,P3,TAM_microglia,ring,87,0.200523389845401,1.19154898048071,0.106,0.896,GBM,4,FALSE,0.181714285714286,0.996
zh1007nec,P3,TAM_monocyte,inside,33,0.981308691355,2.44582199560518,0.004,0.998,GBM,4,FALSE,0.016,1
zh1007nec,P3,TAM_monocyte,ring,87,0.370560039987301,1.64196017171233,0.05,0.952,GBM,4,FALSE,0.15,0.996
zh1007nec,P3,TAM_SPP1_lipid,inside,33,0.931383785452492,1.98230179014935,0.018,0.984,GBM,4,FALSE,0.0432,1
zh1007nec,P3,TAM_SPP1_lipid,ring,87,0.463421582383047,1.45876992780584,0.07,0.932,GBM,4,FALSE,0.164,0.996
zh1007nec,P3,TAM_C1Q,inside,33,0.864148924402634,2.26520789810736,0.01,0.992,GBM,4,FALSE,0.03,1
zh1007nec,P3,TAM_C1Q,ring,87,0.577208389252577,2.61715883611163,0.006,0.996,GBM,4,FALSE,0.072,0.996
zh1007nec,P3,Malignant_CNA,inside,33,0.124691901753633,0.296301009930585,0.374,0.628,GBM,4,FALSE,0.498666666666667,1
zh1007nec,P3,Malignant_CNA,ring,87,0.354193763349481,1.81679526141855,0.036,0.966,GBM,4,FALSE,0.144,0.996
zh1007nec,P3,UMI_depth,inside,33,0.144842461272945,0.300582981134356,0.374,0.628,GBM,4,FALSE,0.498666666666667,1
zh1007nec,P3,UMI_depth,ring,87,0.0124587393495185,0.0723462649888241,0.496,0.506,GBM,4,FALSE,0.738,0.996
zh1019inf,C1b,T_cell,inside,170,0.0695815214093628,0.724735552781916,0.248,0.754,GBM,4,FALSE,0.330666666666667,1
zh1019inf,C1b,T_cell,ring,332,0.0126177285885249,0.173000070432949,0.438,0.564,GBM,4,FALSE,0.669,0.822545454545455
zh1019inf,C1b,Endothelial,inside,170,0.343548375295102,3.16740827034908,0.002,1,GBM,4,FALSE,0.00342857142857143,1
zh1019inf,C1b,Endothelial,ring,332,-0.113112497482561,-1.54533863464482,0.944,0.058,GBM,4,FALSE,0.944,0.654
zh1019inf,C1b,Pericyte,inside,170,0.710373237642032,4.5326764079626,0.002,1,GBM,4,FALSE,0.00342857142857143,1
zh1019inf,C1b,Pericyte,ring,332,-0.0956283957390762,-0.952404147565917,0.826,0.176,GBM,4,FALSE,0.901090909090909,0.654
zh1019inf,C1b,IFN_response,inside,170,0.372548292278869,3.27375569660775,0.002,1,GBM,4,FALSE,0.00342857142857143,1
zh1019inf,C1b,IFN_response,ring,332,-0.0621845830099965,-0.794942412604585,0.784,0.218,GBM,4,FALSE,0.901090909090909,0.654
zh1019inf,C1b,Hypoxia,inside,170,-0.246664917393371,-0.785917767450034,0.762,0.24,GBM,4,FALSE,0.831272727272727,1
zh1019inf,C1b,Hypoxia,ring,332,0.120793208884183,0.51006906931437,0.316,0.686,GBM,4,FALSE,0.669,0.822545454545455
zh1019inf,C1b,Inflammation,inside,170,0.385925534731934,2.24686944091334,0.01,0.992,GBM,4,FALSE,0.015,1
zh1019inf,C1b,Inflammation,ring,332,0.0712217208999847,0.573713203385979,0.314,0.688,GBM,4,FALSE,0.669,0.822545454545455
zh1019inf,C1b,TAM_microglia,inside,170,0.347830934609868,3.15346599980612,0.002,1,GBM,4,FALSE,0.00342857142857143,1
zh1019inf,C1b,TAM_microglia,ring,332,-0.0601328244438944,-0.781154342710169,0.784,0.218,GBM,4,FALSE,0.901090909090909,0.654
zh1019inf,C1b,TAM_monocyte,inside,170,-0.158259312934995,-1.27985414398572,0.894,0.108,GBM,4,FALSE,0.894,1
zh1019inf,C1b,TAM_monocyte,ring,332,0.0147598222961165,0.152657509916216,0.446,0.556,GBM,4,FALSE,0.669,0.822545454545455
zh1019inf,C1b,TAM_SPP1_lipid,inside,170,0.262410700924823,3.08757712985086,0.002,1,GBM,4,FALSE,0.00342857142857143,1
zh1019inf,C1b,TAM_SPP1_lipid,ring,332,0.0421750681651278,0.562130806314662,0.29,0.712,GBM,4,FALSE,0.669,0.822545454545455
zh1019inf,C1b,TAM_C1Q,inside,170,0.422197577876262,3.30131923555152,0.002,1,GBM,4,FALSE,0.00342857142857143,1
zh1019inf,C1b,TAM_C1Q,ring,332,0.0391286306398705,0.371794231331733,0.344,0.658,GBM,4,FALSE,0.669,0.822545454545455
zh1019inf,C1b,Malignant_CNA,inside,170,-0.176512119214286,-0.68697612347925,0.732,0.27,GBM,4,FALSE,0.831272727272727,1
zh1019inf,C1b,Malignant_CNA,ring,332,0.104135099453509,0.703606460615113,0.248,0.754,GBM,4,FALSE,0.669,0.822545454545455
zh1019inf,C1b,UMI_depth,inside,170,1.05598464801258,2.79384487882687,0.002,1,GBM,4,FALSE,0.00342857142857143,1
zh1019inf,C1b,UMI_depth,ring,332,0.655784295153229,2.51245116917693,0.002,1,GBM,4,FALSE,0.024,1
zh1019t1,C1b,T_cell,inside,45,-0.0341756775370429,-0.192574525781969,0.564,0.438,GBM,4,FALSE,0.752,1
zh1019t1,C1b,T_cell,ring,100,-0.0463911258168284,-0.547659661691694,0.712,0.29,GBM,4,FALSE,0.796,0.592
zh1019t1,C1b,Endothelial,inside,45,0.70590867203668,3.36423037919809,0.002,1,GBM,4,FALSE,0.008,1
zh1019t1,C1b,Endothelial,ring,100,-0.105209272245489,-0.810338892572976,0.796,0.206,GBM,4,FALSE,0.796,0.592
zh1019t1,C1b,Pericyte,inside,45,1.04367828137181,5.06908248032831,0.002,1,GBM,4,FALSE,0.008,1
zh1019t1,C1b,Pericyte,ring,100,-0.114030589470667,-0.741682329023425,0.764,0.238,GBM,4,FALSE,0.796,0.592
zh1019t1,C1b,IFN_response,inside,45,0.120089523971947,0.586691870211062,0.29,0.712,GBM,4,FALSE,0.435,1
zh1019t1,C1b,IFN_response,ring,100,-0.0774093223898894,-0.501458063831982,0.706,0.296,GBM,4,FALSE,0.796,0.592
zh1019t1,C1b,Hypoxia,inside,45,-0.316542084851549,-0.700594867297394,0.75,0.252,GBM,4,FALSE,0.9,1
zh1019t1,C1b,Hypoxia,ring,100,0.427391876287944,1.47230777010433,0.06,0.942,GBM,4,FALSE,0.3456,0.942
zh1019t1,C1b,Inflammation,inside,45,0.524076107288917,1.81677692182966,0.038,0.964,GBM,4,FALSE,0.084,1
zh1019t1,C1b,Inflammation,ring,100,-0.143380900688427,-0.692146841778774,0.746,0.256,GBM,4,FALSE,0.796,0.592
zh1019t1,C1b,TAM_microglia,inside,45,0.748874555172205,4.1807788534051,0.002,1,GBM,4,FALSE,0.008,1
zh1019t1,C1b,TAM_microglia,ring,100,0.0903643773559448,0.882792903503584,0.202,0.8,GBM,4,FALSE,0.404,0.942
zh1019t1,C1b,TAM_monocyte,inside,45,-0.39187548097867,-1.46061618189252,0.928,0.074,GBM,4,FALSE,1,0.444
zh1019t1,C1b,TAM_monocyte,ring,100,-0.135240247391776,-0.716871452330655,0.76,0.242,GBM,4,FALSE,0.796,0.592
zh1019t1,C1b,TAM_SPP1_lipid,inside,45,0.269006962659863,1.17672985887911,0.136,0.866,GBM,4,FALSE,0.233142857142857,1
zh1019t1,C1b,TAM_SPP1_lipid,ring,100,0.167545564218815,1.19039312702229,0.114,0.888,GBM,4,FALSE,0.3456,0.942
zh1019t1,C1b,TAM_C1Q,inside,45,0.439428609762919,2.79668296850407,0.004,0.998,GBM,4,FALSE,0.012,1
zh1019t1,C1b,TAM_C1Q,ring,100,0.112302841784357,1.16810191796307,0.122,0.88,GBM,4,FALSE,0.3456,0.942
zh1019t1,C1b,Malignant_CNA,inside,45,-1.00633437785823,-4.34650160420027,1,0.002,GBM,4,FALSE,1,0.024
zh1019t1,C1b,Malignant_CNA,ring,100,0.214477964517458,1.35183708581176,0.108,0.894,GBM,4,FALSE,0.3456,0.942
zh1019t1,C1b,UMI_depth,inside,45,0.877233216506923,1.76090319157211,0.042,0.96,GBM,4,FALSE,0.084,1
zh1019t1,C1b,UMI_depth,ring,100,0.377966478463826,1.12463858297537,0.144,0.858,GBM,4,FALSE,0.3456,0.942
zh1019t1,P3,T_cell,inside,9,-0.0388864104542601,-0.0872737030862633,0.548,0.454,GBM,4,FALSE,0.730666666666667,1
zh1019t1,P3,T_cell,ring,55,-0.0394804368916529,-0.291537256896595,0.606,0.396,GBM,4,FALSE,0.7272,0.996
zh1019t1,P3,Endothelial,inside,9,2.23418354277616,6.02532248265437,0.002,1,GBM,4,FALSE,0.008,1
zh1019t1,P3,Endothelial,ring,55,0.321117114402276,1.67679173132846,0.058,0.944,GBM,4,FALSE,0.216,0.996
zh1019t1,P3,Pericyte,inside,9,2.44475112708224,6.08755440094905,0.002,1,GBM,4,FALSE,0.008,1
zh1019t1,P3,Pericyte,ring,55,0.499286400244999,2.56999480342986,0.006,0.996,GBM,4,FALSE,0.072,0.996
zh1019t1,P3,IFN_response,inside,9,0.315807343824326,0.881241709501838,0.184,0.818,GBM,4,FALSE,0.368,1
zh1019t1,P3,IFN_response,ring,55,-0.0288419259193443,-0.111136504367706,0.538,0.464,GBM,4,FALSE,0.717333333333333,0.996
zh1019t1,P3,Hypoxia,inside,9,-0.350505662236966,-0.612275833161672,0.746,0.256,GBM,4,FALSE,0.8952,1
zh1019t1,P3,Hypoxia,ring,55,0.563403504717405,1.10670352449387,0.136,0.866,GBM,4,FALSE,0.233142857142857,0.996
zh1019t1,P3,Inflammation,inside,9,-0.0767894481160251,-0.141660411661815,0.542,0.46,GBM,4,FALSE,0.730666666666667,1
zh1019t1,P3,Inflammation,ring,55,0.224108656107047,0.73679508120362,0.252,0.75,GBM,4,FALSE,0.378,0.996
zh1019t1,P3,TAM_microglia,inside,9,1.18154722460215,3.30294065687898,0.002,1,GBM,4,FALSE,0.008,1
zh1019t1,P3,TAM_microglia,ring,55,0.235896679046501,1.43225214021203,0.072,0.93,GBM,4,FALSE,0.216,0.996
zh1019t1,P3,TAM_monocyte,inside,9,-0.746946251396354,-1.78819465903269,0.968,0.034,GBM,4,FALSE,1,0.204
zh1019t1,P3,TAM_monocyte,ring,55,-0.351329374274724,-1.19529309737481,0.878,0.124,GBM,4,FALSE,0.957818181818182,0.744
zh1019t1,P3,TAM_SPP1_lipid,inside,9,0.176320514361279,0.38647085230871,0.342,0.66,GBM,4,FALSE,0.586285714285714,1
zh1019t1,P3,TAM_SPP1_lipid,ring,55,0.410098632401576,1.68873772468658,0.046,0.956,GBM,4,FALSE,0.216,0.996
zh1019t1,P3,TAM_C1Q,inside,9,0.605047879955913,1.79970980938348,0.042,0.96,GBM,4,FALSE,0.126,1
zh1019t1,P3,TAM_C1Q,ring,55,0.16989068587664,1.23449442140274,0.108,0.894,GBM,4,FALSE,0.232,0.996
zh1019t1,P3,Malignant_CNA,inside,9,-2.45354367800173,-6.02218782971159,1,0.002,GBM,4,FALSE,1,0.024
zh1019t1,P3,Malignant_CNA,ring,55,-0.483211407354753,-2.09824108605066,0.986,0.016,GBM,4,FALSE,0.986,0.192
zh1019t1,P3,UMI_depth,inside,9,0.684697322325842,1.08934265203238,0.138,0.864,GBM,4,FALSE,0.3312,1
zh1019t1,P3,UMI_depth,ring,55,0.660418422778679,1.18556104513557,0.116,0.886,GBM,4,FALSE,0.232,0.996
zh8811a,C1b,T_cell,inside,248,0.0466132600084513,0.727278127859615,0.25,0.752,GBM,4,FALSE,0.3,1
zh8811a,C1b,T_cell,ring,414,-0.0220604503700002,-0.47858367378017,0.678,0.324,GBM,4,FALSE,0.8808,0.7776
zh8811a,C1b,Endothelial,inside,248,0.444180679477975,2.90644715492062,0.004,0.998,GBM,4,FALSE,0.0096,1
zh8811a,C1b,Endothelial,ring,414,-0.175019069344263,-1.83833015599814,0.972,0.03,GBM,4,FALSE,0.974,0.18
zh8811a,C1b,Pericyte,inside,248,0.558899222628432,3.93344061114947,0.002,1,GBM,4,FALSE,0.008,1
zh8811a,C1b,Pericyte,ring,414,-0.0445007306351944,-0.523516492025437,0.688,0.314,GBM,4,FALSE,0.8808,0.7776
zh8811a,C1b,IFN_response,inside,248,0.150802983465428,1.75338058862418,0.042,0.96,GBM,4,FALSE,0.063,1
zh8811a,C1b,IFN_response,ring,414,-0.1073764220694,-1.93752400996867,0.974,0.028,GBM,4,FALSE,0.974,0.18
zh8811a,C1b,Hypoxia,inside,248,-0.151861128518952,-0.585614794992994,0.708,0.294,GBM,4,FALSE,0.768,1
zh8811a,C1b,Hypoxia,ring,414,0.292611500300828,1.58857242609882,0.056,0.946,GBM,4,FALSE,0.186,1
zh8811a,C1b,Inflammation,inside,248,0.410302151336457,1.57809825566852,0.062,0.94,GBM,4,FALSE,0.0826666666666667,1
zh8811a,C1b,Inflammation,ring,414,0.149274434632356,0.951297158118638,0.182,0.82,GBM,4,FALSE,0.364,1
zh8811a,C1b,TAM_microglia,inside,248,0.496281683648606,4.12767935923949,0.002,1,GBM,4,FALSE,0.008,1
zh8811a,C1b,TAM_microglia,ring,414,0.00537035490648406,-0.024255533957419,0.512,0.49,GBM,4,FALSE,0.877714285714286,0.98
zh8811a,C1b,TAM_monocyte,inside,248,0.224299252126985,2.38372730358972,0.012,0.99,GBM,4,FALSE,0.024,1
zh8811a,C1b,TAM_monocyte,ring,414,0.125661160180027,1.57855791999261,0.062,0.94,GBM,4,FALSE,0.186,1
zh8811a,C1b,TAM_SPP1_lipid,inside,248,0.287581671804999,1.98777463372085,0.032,0.97,GBM,4,FALSE,0.0548571428571429,1
zh8811a,C1b,TAM_SPP1_lipid,ring,414,0.212041368750512,1.92664919240529,0.02,0.982,GBM,4,FALSE,0.12,1
zh8811a,C1b,TAM_C1Q,inside,248,0.562634448958737,3.08766952206322,0.004,0.998,GBM,4,FALSE,0.0096,1
zh8811a,C1b,TAM_C1Q,ring,414,0.154427155718918,1.32814599499422,0.098,0.904,GBM,4,FALSE,0.2352,1
zh8811a,C1b,Malignant_CNA,inside,248,-0.101761066467629,-0.680696220241065,0.768,0.234,GBM,4,FALSE,0.768,1
zh8811a,C1b,Malignant_CNA,ring,414,-0.0642912083795631,-0.645900443968498,0.734,0.268,GBM,4,FALSE,0.8808,0.7776
zh8811a,C1b,UMI_depth,inside,248,0.838054920009931,3.277044308008,0.002,1,GBM,4,FALSE,0.008,1
zh8811a,C1b,UMI_depth,ring,414,0.581388915759343,2.72972961941076,0.002,1,GBM,4,FALSE,0.024,1
zh8811a,P3,T_cell,inside,59,0.13019800543157,0.964165674792232,0.176,0.826,GBM,4,FALSE,0.264,1
zh8811a,P3,T_cell,ring,325,-0.027357245441521,-0.447201156990256,0.666,0.336,GBM,4,FALSE,0.7992,1
zh8811a,P3,Endothelial,inside,59,0.634597522906562,3.58702855272338,0.002,1,GBM,4,FALSE,0.006,1
zh8811a,P3,Endothelial,ring,325,0.305411349300464,2.57116754616338,0.002,1,GBM,4,FALSE,0.006,1
zh8811a,P3,Pericyte,inside,59,0.720991455160399,3.86818518634314,0.002,1,GBM,4,FALSE,0.006,1
zh8811a,P3,Pericyte,ring,325,0.305767076571593,2.74427753784872,0.004,0.998,GBM,4,FALSE,0.0096,1
zh8811a,P3,IFN_response,inside,59,0.0235991229330304,0.13886545198069,0.416,0.586,GBM,4,FALSE,0.4992,1
zh8811a,P3,IFN_response,ring,325,0.015733025128006,0.21884704069812,0.416,0.586,GBM,4,FALSE,0.624,1
zh8811a,P3,Hypoxia,inside,59,-0.545019449463758,-2.05520616190178,0.992,0.01,GBM,4,FALSE,0.992,0.12
zh8811a,P3,Hypoxia,ring,325,-0.358578746609593,-1.5950112836172,0.938,0.064,GBM,4,FALSE,0.938,0.636
zh8811a,P3,Inflammation,inside,59,0.0767571964226556,0.283555143468492,0.386,0.616,GBM,4,FALSE,0.4992,1
zh8811a,P3,Inflammation,ring,325,-0.0680424283103303,-0.313648877946859,0.612,0.39,GBM,4,FALSE,0.7992,1
zh8811a,P3,TAM_microglia,inside,59,0.456295407079231,2.82905454195747,0.002,1,GBM,4,FALSE,0.006,1
zh8811a,P3,TAM_microglia,ring,325,0.392521106206938,3.60140675151265,0.002,1,GBM,4,FALSE,0.006,1
zh8811a,P3,TAM_monocyte,inside,59,0.16310100547584,1.07846618376182,0.136,0.866,GBM,4,FALSE,0.233142857142857,1
zh8811a,P3,TAM_monocyte,ring,325,0.259423784384305,2.69422873540248,0.002,1,GBM,4,FALSE,0.006,1
zh8811a,P3,TAM_SPP1_lipid,inside,59,0.25627883248464,1.4568445819475,0.068,0.934,GBM,4,FALSE,0.136,1
zh8811a,P3,TAM_SPP1_lipid,ring,325,0.246254600089026,2.03098058625057,0.022,0.98,GBM,4,FALSE,0.044,1
zh8811a,P3,TAM_C1Q,inside,59,0.989761501062914,4.52034136167252,0.002,1,GBM,4,FALSE,0.006,1
zh8811a,P3,TAM_C1Q,ring,325,0.64116492257128,3.54241864507107,0.002,1,GBM,4,FALSE,0.006,1
zh8811a,P3,Malignant_CNA,inside,59,0.0235199542977693,0.0600873738650872,0.466,0.536,GBM,4,FALSE,0.508363636363636,1
zh8811a,P3,Malignant_CNA,ring,325,-0.18631958430375,-1.28135916941502,0.896,0.106,GBM,4,FALSE,0.938,0.636
zh8811a,P3,UMI_depth,inside,59,0.553624714136566,2.37663164988249,0.014,0.988,GBM,4,FALSE,0.0336,1
zh8811a,P3,UMI_depth,ring,325,0.347481527408624,1.84673977951093,0.038,0.964,GBM,4,FALSE,0.0651428571428571,1
zh8811b,C1b,T_cell,inside,319,0.0006071732397324,0.0434837413573112,0.484,0.518,GBM,4,FALSE,0.645333333333333,1
zh8811b,C1b,T_cell,ring,427,-0.0163283236248281,-0.372515863035353,0.648,0.354,GBM,4,FALSE,0.864,0.898909090909091
zh8811b,C1b,Endothelial,inside,319,0.377299012512512,4.60760760836726,0.002,1,GBM,4,FALSE,0.0048,1
zh8811b,C1b,Endothelial,ring,427,-0.0358081679753662,-0.547401489920769,0.724,0.278,GBM,4,FALSE,0.8688,0.898909090909091
zh8811b,C1b,Pericyte,inside,319,0.287899396862011,2.57625994683002,0.008,0.994,GBM,4,FALSE,0.0137142857142857,1
zh8811b,C1b,Pericyte,ring,427,0.049727627286493,0.604446939273658,0.268,0.734,GBM,4,FALSE,0.620571428571429,0.898909090909091
zh8811b,C1b,IFN_response,inside,319,-0.00996355948335868,-0.121156464295505,0.556,0.446,GBM,4,FALSE,0.6672,1
zh8811b,C1b,IFN_response,ring,427,-0.0896802759264248,-1.54188792099118,0.95,0.052,GBM,4,FALSE,0.95,0.516
zh8811b,C1b,Hypoxia,inside,319,-0.097193858147597,-0.41329467026223,0.646,0.356,GBM,4,FALSE,0.704727272727273,1
zh8811b,C1b,Hypoxia,ring,427,0.0653255341667112,0.562227161084259,0.314,0.688,GBM,4,FALSE,0.620571428571429,0.898909090909091
zh8811b,C1b,Inflammation,inside,319,0.21617429778274,0.99086578418204,0.168,0.834,GBM,4,FALSE,0.252,1
zh8811b,C1b,Inflammation,ring,427,0.0790417652410359,0.514317677433833,0.322,0.68,GBM,4,FALSE,0.620571428571429,0.898909090909091
zh8811b,C1b,TAM_microglia,inside,319,0.511019180924877,4.43983205344088,0.002,1,GBM,4,FALSE,0.0048,1
zh8811b,C1b,TAM_microglia,ring,427,-0.0224056279370754,-0.240792475074397,0.584,0.418,GBM,4,FALSE,0.864,0.898909090909091
zh8811b,C1b,TAM_monocyte,inside,319,0.258548220632623,3.17000665672367,0.002,1,GBM,4,FALSE,0.0048,1
zh8811b,C1b,TAM_monocyte,ring,427,0.0292643791328262,0.359487228525668,0.362,0.64,GBM,4,FALSE,0.620571428571429,0.898909090909091
zh8811b,C1b,TAM_SPP1_lipid,inside,319,0.491123339350004,3.53486540276974,0.002,1,GBM,4,FALSE,0.0048,1
zh8811b,C1b,TAM_SPP1_lipid,ring,427,0.081873963981686,0.807772297248414,0.232,0.77,GBM,4,FALSE,0.620571428571429,0.898909090909091
zh8811b,C1b,TAM_C1Q,inside,319,0.610855889345807,3.6593523873374,0.002,1,GBM,4,FALSE,0.0048,1
zh8811b,C1b,TAM_C1Q,ring,427,0.133577548398434,1.01953458110507,0.178,0.824,GBM,4,FALSE,0.620571428571429,0.898909090909091
zh8811b,C1b,Malignant_CNA,inside,319,-0.0586821420152727,-0.566484677292178,0.716,0.286,GBM,4,FALSE,0.716,1
zh8811b,C1b,Malignant_CNA,ring,427,-0.107180045767395,-1.41998894738495,0.916,0.086,GBM,4,FALSE,0.95,0.516
zh8811b,C1b,UMI_depth,inside,319,0.777900424808987,3.078310329897,0.004,0.998,GBM,4,FALSE,0.008,1
zh8811b,C1b,UMI_depth,ring,427,0.490798654106479,2.68121576695678,0.004,0.998,GBM,4,FALSE,0.048,0.998
zh8811b,P3,T_cell,inside,56,0.047623208739653,0.424067946481013,0.354,0.648,GBM,4,FALSE,0.4248,1
zh8811b,P3,T_cell,ring,316,-0.0172468554486788,-0.300449769698556,0.632,0.37,GBM,4,FALSE,0.842666666666667,1
zh8811b,P3,Endothelial,inside,56,0.676561524160009,4.10166252893558,0.002,1,GBM,4,FALSE,0.008,1
zh8811b,P3,Endothelial,ring,316,0.143061020976469,1.97153733181622,0.018,0.984,GBM,4,FALSE,0.0432,1
zh8811b,P3,Pericyte,inside,56,0.363740745281083,2.26373984260231,0.01,0.992,GBM,4,FALSE,0.02,1
zh8811b,P3,Pericyte,ring,316,0.10850332087932,1.07092843459884,0.152,0.85,GBM,4,FALSE,0.260571428571429,1
zh8811b,P3,IFN_response,inside,56,0.103219858991621,0.683247870928091,0.234,0.768,GBM,4,FALSE,0.312,1
zh8811b,P3,IFN_response,ring,316,-0.138335936509189,-1.78091803466054,0.964,0.038,GBM,4,FALSE,0.964,0.24
zh8811b,P3,Hypoxia,inside,56,-0.4730448706168,-1.77142601127652,0.95,0.052,GBM,4,FALSE,0.95,0.624
zh8811b,P3,Hypoxia,ring,316,-0.328672175866376,-1.84118635207308,0.962,0.04,GBM,4,FALSE,0.964,0.24
zh8811b,P3,Inflammation,inside,56,0.33435795398513,1.28272866529732,0.094,0.908,GBM,4,FALSE,0.161142857142857,1
zh8811b,P3,Inflammation,ring,316,-0.0375166258922899,-0.20533861065223,0.578,0.424,GBM,4,FALSE,0.842666666666667,1
zh8811b,P3,TAM_microglia,inside,56,0.726065140256068,3.8276325955126,0.002,1,GBM,4,FALSE,0.008,1
zh8811b,P3,TAM_microglia,ring,316,0.444041239912474,3.72927998050587,0.002,1,GBM,4,FALSE,0.006,1
zh8811b,P3,TAM_monocyte,inside,56,0.333229457250249,2.12779066909054,0.01,0.992,GBM,4,FALSE,0.02,1
zh8811b,P3,TAM_monocyte,ring,316,0.299528689007936,3.39066724088612,0.002,1,GBM,4,FALSE,0.006,1
zh8811b,P3,TAM_SPP1_lipid,inside,56,0.504529855696589,2.57750939370914,0.008,0.994,GBM,4,FALSE,0.02,1
zh8811b,P3,TAM_SPP1_lipid,ring,316,0.451693836287745,3.20953707172004,0.002,1,GBM,4,FALSE,0.006,1
zh8811b,P3,TAM_C1Q,inside,56,1.13838909672531,5.15759150450571,0.002,1,GBM,4,FALSE,0.008,1
zh8811b,P3,TAM_C1Q,ring,316,0.687848302035338,4.38665054804403,0.002,1,GBM,4,FALSE,0.006,1
zh8811b,P3,Malignant_CNA,inside,56,0.0177122673192691,0.078830606834211,0.456,0.546,GBM,4,FALSE,0.497454545454546,1
zh8811b,P3,Malignant_CNA,ring,316,-0.12104243678258,-1.23768478883479,0.888,0.114,GBM,4,FALSE,0.964,0.456
zh8811b,P3,UMI_depth,inside,56,0.38149704451431,1.06397781116324,0.154,0.848,GBM,4,FALSE,0.231,1
zh8811b,P3,UMI_depth,ring,316,0.386853331852608,1.435381664779,0.076,0.926,GBM,4,FALSE,0.152,1
zh8812,C1b,T_cell,inside,120,0.0669894863567559,0.943175050301543,0.192,0.81,GBM,4,FALSE,0.297,1
zh8812,C1b,T_cell,ring,262,0.039552165662161,0.720349530693676,0.248,0.754,GBM,4,FALSE,0.425142857142857,0.998
zh8812,C1b,Endothelial,inside,120,0.528632667447684,1.36944077774152,0.092,0.91,GBM,4,FALSE,0.184,1
zh8812,C1b,Endothelial,ring,262,0.253338055009922,2.07372548393927,0.026,0.976,GBM,4,FALSE,0.12,0.998
zh8812,C1b,Pericyte,inside,120,0.505185520372325,1.02576759999128,0.198,0.804,GBM,4,FALSE,0.297,1
zh8812,C1b,Pericyte,ring,262,0.157328266146686,1.2516532126655,0.112,0.89,GBM,4,FALSE,0.312,0.998
zh8812,C1b,IFN_response,inside,120,-0.0827934879487478,-0.724441983761241,0.75,0.252,GBM,4,FALSE,0.933818181818182,0.756
zh8812,C1b,IFN_response,ring,262,0.0870993355047924,1.06650082419179,0.152,0.85,GBM,4,FALSE,0.312,0.998
zh8812,C1b,Hypoxia,inside,120,-0.16769746987805,-1.46248556902611,0.934,0.068,GBM,4,FALSE,0.934,0.696
zh8812,C1b,Hypoxia,ring,262,-0.017875907361681,-0.318424758167849,0.62,0.382,GBM,4,FALSE,0.62,0.998
zh8812,C1b,Inflammation,inside,120,-0.241265316512224,-1.20949441210837,0.856,0.146,GBM,4,FALSE,0.933818181818182,0.696
zh8812,C1b,Inflammation,ring,262,0.0350166262476745,0.438036783209463,0.348,0.654,GBM,4,FALSE,0.464,0.998
zh8812,C1b,TAM_microglia,inside,120,0.255022852904934,1.4308952624621,0.082,0.92,GBM,4,FALSE,0.184,1
zh8812,C1b,TAM_microglia,ring,262,-0.0162091386716032,-0.255518854765468,0.57,0.432,GBM,4,FALSE,0.62,0.998
zh8812,C1b,TAM_monocyte,inside,120,-0.100212370677221,-0.947664738966642,0.828,0.174,GBM,4,FALSE,0.933818181818182,0.696
zh8812,C1b,TAM_monocyte,ring,262,-0.000846902895374359,-0.0619114465921271,0.542,0.46,GBM,4,FALSE,0.62,0.998
zh8812,C1b,TAM_SPP1_lipid,inside,120,0.332526583664628,1.36980465209649,0.092,0.91,GBM,4,FALSE,0.184,1
zh8812,C1b,TAM_SPP1_lipid,ring,262,0.0817696951657384,1.04835993483288,0.156,0.846,GBM,4,FALSE,0.312,0.998
zh8812,C1b,TAM_C1Q,inside,120,0.390264916590102,1.71022151279702,0.018,0.984,GBM,4,FALSE,0.072,1
zh8812,C1b,TAM_C1Q,ring,262,0.0286093395986454,0.366442524328073,0.342,0.66,GBM,4,FALSE,0.464,0.998
zh8812,C1b,Malignant_CNA,inside,120,0.786852662583713,1.85004918882105,0.018,0.984,GBM,4,FALSE,0.072,1
zh8812,C1b,Malignant_CNA,ring,262,0.371896495221995,1.90916508256509,0.03,0.972,GBM,4,FALSE,0.12,0.998
zh8812,C1b,UMI_depth,inside,120,1.69728341468731,2.57671781018672,0.002,1,GBM,4,FALSE,0.024,1
zh8812,C1b,UMI_depth,ring,262,0.638013113003309,2.72286446476215,0.004,0.998,GBM,4,FALSE,0.048,0.998
zh8812,P3,T_cell,inside,14,0.0245443940549113,0.0931223865565159,0.486,0.516,GBM,4,FALSE,0.648,0.996
zh8812,P3,T_cell,ring,50,0.00664649307062356,0.113099670806826,0.456,0.546,GBM,4,FALSE,0.608,1
zh8812,P3,Endothelial,inside,14,0.471589974386882,0.527519102193052,0.376,0.626,GBM,4,FALSE,0.644571428571429,0.996
zh8812,P3,Endothelial,ring,50,0.938086382767495,1.71596471622083,0.012,0.99,GBM,4,FALSE,0.072,1
zh8812,P3,Pericyte,inside,14,0.64922047847816,0.547682706713134,0.362,0.64,GBM,4,FALSE,0.644571428571429,0.996
zh8812,P3,Pericyte,ring,50,0.893990433453029,1.34094068371699,0.074,0.928,GBM,4,FALSE,0.296,1
zh8812,P3,IFN_response,inside,14,0.0200486510719957,0.134690810718226,0.448,0.554,GBM,4,FALSE,0.648,0.996
zh8812,P3,IFN_response,ring,50,0.13465377213558,0.788565758528476,0.22,0.782,GBM,4,FALSE,0.404571428571429,1
zh8812,P3,Hypoxia,inside,14,-0.328768104090116,-1.30455927999258,0.894,0.108,GBM,4,FALSE,0.894,0.648
zh8812,P3,Hypoxia,ring,50,-0.215009691950263,-1.4052166456192,0.922,0.08,GBM,4,FALSE,0.942,0.48
zh8812,P3,Inflammation,inside,14,-0.342656062433375,-0.725342337676996,0.746,0.256,GBM,4,FALSE,0.894,0.996
zh8812,P3,Inflammation,ring,50,-0.41965403255971,-1.59972102941341,0.942,0.06,GBM,4,FALSE,0.942,0.48
zh8812,P3,TAM_microglia,inside,14,0.977991352525374,2.16948453790078,0.008,0.994,GBM,4,FALSE,0.032,0.996
zh8812,P3,TAM_microglia,ring,50,0.302155276834612,1.29037257686264,0.118,0.884,GBM,4,FALSE,0.354,1
zh8812,P3,TAM_monocyte,inside,14,-0.346523571211328,-1.29197543279129,0.894,0.108,GBM,4,FALSE,0.894,0.648
zh8812,P3,TAM_monocyte,ring,50,-0.124151126562963,-0.882949604632693,0.79,0.212,GBM,4,FALSE,0.942,0.848
zh8812,P3,TAM_SPP1_lipid,inside,14,1.2461855953091,2.21167100539491,0.006,0.996,GBM,4,FALSE,0.032,0.996
zh8812,P3,TAM_SPP1_lipid,ring,50,0.288044712977677,0.868816675592137,0.236,0.766,GBM,4,FALSE,0.404571428571429,1
zh8812,P3,TAM_C1Q,inside,14,1.05497597098233,1.92707723178733,0.008,0.994,GBM,4,FALSE,0.032,0.996
zh8812,P3,TAM_C1Q,ring,50,0.11149347050389,0.304906720558177,0.444,0.558,GBM,4,FALSE,0.608,1
zh8812,P3,Malignant_CNA,inside,14,1.29945621224151,1.50829959244282,0.046,0.956,GBM,4,FALSE,0.138,0.996
zh8812,P3,Malignant_CNA,ring,50,1.19070423451587,2.19177620521994,0.002,1,GBM,4,FALSE,0.024,1
zh8812,P3,UMI_depth,inside,14,1.1748371372466,0.831865575516763,0.276,0.726,GBM,4,FALSE,0.644571428571429,0.996
zh8812,P3,UMI_depth,ring,50,0.95453624411278,1.09102641975435,0.184,0.818,GBM,4,FALSE,0.404571428571429,1
zh881inf,C1b,Endothelial,inside,122,0.0264260744227951,0.327958136842821,0.386,0.616,GBM,4,FALSE,0.53075,1
zh881inf,C1b,Endothelial,ring,288,-0.0105046136129486,-0.166806873556256,0.558,0.444,GBM,4,FALSE,0.76725,1
zh881inf,C1b,Pericyte,inside,122,-0.0494451883254989,-0.470523902270368,0.678,0.324,GBM,4,FALSE,0.8052,1
zh881inf,C1b,Pericyte,ring,288,0.0961842136232193,1.54003436314295,0.056,0.946,GBM,4,FALSE,0.308,1
zh881inf,C1b,IFN_response,inside,122,0.107054263652364,1.02495260743456,0.166,0.836,GBM,4,FALSE,0.326333333333333,1
zh881inf,C1b,IFN_response,ring,288,0.00156145578629251,0.100423591224852,0.452,0.55,GBM,4,FALSE,0.726,1
zh881inf,C1b,Hypoxia,inside,122,-0.269192662512883,-2.08901340499161,0.978,0.024,GBM,4,FALSE,0.978,0.264
zh881inf,C1b,Hypoxia,ring,288,-0.156096073537953,-1.90287060951249,0.968,0.034,GBM,4,FALSE,0.968,0.374
zh881inf,C1b,Inflammation,inside,122,-0.100799966631135,-0.669629429600668,0.732,0.27,GBM,4,FALSE,0.8052,1
zh881inf,C1b,Inflammation,ring,288,-0.154796806830044,-1.49681743526289,0.93,0.072,GBM,4,FALSE,0.968,0.396
zh881inf,C1b,TAM_microglia,inside,122,0.203269961180627,2.13090391127545,0.018,0.984,GBM,4,FALSE,0.066,1
zh881inf,C1b,TAM_microglia,ring,288,0.0610001746688986,0.912487012116256,0.188,0.814,GBM,4,FALSE,0.517,1
zh881inf,C1b,TAM_monocyte,inside,122,0.128901666030915,1.47047558726509,0.078,0.924,GBM,4,FALSE,0.2145,1
zh881inf,C1b,TAM_monocyte,ring,288,0.00476085242141798,0.0505363637253071,0.462,0.54,GBM,4,FALSE,0.726,1
zh881inf,C1b,TAM_SPP1_lipid,inside,122,0.15081023289924,1.01048478733874,0.178,0.824,GBM,4,FALSE,0.326333333333333,1
zh881inf,C1b,TAM_SPP1_lipid,ring,288,0.0720565394083319,0.7617331407204,0.242,0.76,GBM,4,FALSE,0.5324,1
zh881inf,C1b,TAM_C1Q,inside,122,0.244708976429951,2.07027611605967,0.016,0.986,GBM,4,FALSE,0.066,1
zh881inf,C1b,TAM_C1Q,ring,288,0.0773473212186879,1.03376822402731,0.164,0.838,GBM,4,FALSE,0.517,1
zh881inf,C1b,Malignant_CNA,inside,122,0.0516221392835195,0.610557936102864,0.254,0.748,GBM,4,FALSE,0.399142857142857,1
zh881inf,C1b,Malignant_CNA,ring,288,-0.0534036095999943,-0.973400438213207,0.826,0.176,GBM,4,FALSE,0.968,0.645333333333333
zh881inf,C1b,UMI_depth,inside,122,0.984300386579512,2.83644903514145,0.002,1,GBM,4,FALSE,0.022,1
zh881inf,C1b,UMI_depth,ring,288,0.682568619133723,3.05406386300735,0.002,1,GBM,4,FALSE,0.022,1
zh881t1,C1b,T_cell,inside,238,0.0500325505036661,0.787232553130758,0.218,0.784,GBM,4,FALSE,0.290666666666667,1
zh881t1,C1b,T_cell,ring,583,-0.00885782159034489,-0.21967754126794,0.568,0.434,GBM,4,FALSE,0.757333333333333,1
zh881t1,C1b,Endothelial,inside,238,0.575621781725776,4.31638252741371,0.002,1,GBM,4,FALSE,0.0048,1
zh881t1,C1b,Endothelial,ring,583,0.0582049391817222,0.885148912653243,0.214,0.788,GBM,4,FALSE,0.366857142857143,1
zh881t1,C1b,Pericyte,inside,238,0.52370688922341,3.49834815410224,0.002,1,GBM,4,FALSE,0.0048,1
zh881t1,C1b,Pericyte,ring,583,0.194174433059623,2.83482723064347,0.002,1,GBM,4,FALSE,0.012,1
zh881t1,C1b,IFN_response,inside,238,0.281414072694897,3.078584088226,0.002,1,GBM,4,FALSE,0.0048,1
zh881t1,C1b,IFN_response,ring,583,-0.0851622666154111,-1.35376321441029,0.902,0.1,GBM,4,FALSE,0.962,0.6
zh881t1,C1b,Hypoxia,inside,238,-0.297952250749059,-1.39927483941262,0.922,0.08,GBM,4,FALSE,1,0.48
zh881t1,C1b,Hypoxia,ring,583,-0.194987969475457,-1.67708274637896,0.962,0.04,GBM,4,FALSE,0.962,0.48
zh881t1,C1b,Inflammation,inside,238,0.119186585519437,1.01734552552166,0.174,0.828,GBM,4,FALSE,0.261,1
zh881t1,C1b,Inflammation,ring,583,-0.00124102284375989,-0.0361622812444311,0.512,0.49,GBM,4,FALSE,0.757333333333333,1
zh881t1,C1b,TAM_microglia,inside,238,0.656021072856083,5.28881129982495,0.002,1,GBM,4,FALSE,0.0048,1
zh881t1,C1b,TAM_microglia,ring,583,0.150848522166172,2.5289156347711,0.01,0.992,GBM,4,FALSE,0.04,1
zh881t1,C1b,TAM_monocyte,inside,238,0.0215420044040608,0.290372155545248,0.402,0.6,GBM,4,FALSE,0.4824,1
zh881t1,C1b,TAM_monocyte,ring,583,0.0940938645276901,1.89690256472929,0.032,0.97,GBM,4,FALSE,0.0768,1
zh881t1,C1b,TAM_SPP1_lipid,inside,238,0.222211525783935,1.59765711697457,0.06,0.942,GBM,4,FALSE,0.102857142857143,1
zh881t1,C1b,TAM_SPP1_lipid,ring,583,0.159685256738421,2.11993205126567,0.028,0.974,GBM,4,FALSE,0.0768,1
zh881t1,C1b,TAM_C1Q,inside,238,1.16506028049332,6.04840714794697,0.002,1,GBM,4,FALSE,0.0048,1
zh881t1,C1b,TAM_C1Q,ring,583,0.423432853413932,3.76537586235202,0.002,1,GBM,4,FALSE,0.012,1
zh881t1,C1b,Malignant_CNA,inside,238,-0.333449388169399,-2.76794499238882,1,0.002,GBM,4,FALSE,1,0.024
zh881t1,C1b,Malignant_CNA,ring,583,-0.0764103262167998,-0.968477232258359,0.834,0.168,GBM,4,FALSE,0.962,0.672
zh881t1,C1b,UMI_depth,inside,238,0.544504398066827,2.75516912732029,0.004,0.998,GBM,4,FALSE,0.008,1
zh881t1,C1b,UMI_depth,ring,583,0.0831225005017977,0.847621897923848,0.188,0.814,GBM,4,FALSE,0.366857142857143,1
zh881t1,P3,T_cell,inside,81,0.20509798904807,1.91992499371724,0.024,0.978,GBM,4,FALSE,0.0411428571428571,1
zh881t1,P3,T_cell,ring,327,-0.0206409209522132,-0.332989398870132,0.624,0.378,GBM,4,FALSE,0.685090909090909,1
zh881t1,P3,Endothelial,inside,81,0.745068041659854,4.25173350274018,0.002,1,GBM,4,FALSE,0.006,1
zh881t1,P3,Endothelial,ring,327,0.0445312439418928,0.389218286806397,0.344,0.658,GBM,4,FALSE,0.589714285714286,1
zh881t1,P3,Pericyte,inside,81,0.608813760295084,3.14268320361101,0.004,0.998,GBM,4,FALSE,0.0096,1
zh881t1,P3,Pericyte,ring,327,0.0720304273708317,0.65801085700655,0.264,0.738,GBM,4,FALSE,0.532,1
zh881t1,P3,IFN_response,inside,81,0.414651871890465,2.85913474472329,0.002,1,GBM,4,FALSE,0.006,1
zh881t1,P3,IFN_response,ring,327,-0.00549185502021897,-0.0368536176286656,0.51,0.492,GBM,4,FALSE,0.685090909090909,1
zh881t1,P3,Hypoxia,inside,81,-0.101103441468447,-0.279172855160843,0.582,0.42,GBM,4,FALSE,0.634909090909091,1
zh881t1,P3,Hypoxia,ring,327,-0.0688406460289819,-0.309227698946205,0.628,0.374,GBM,4,FALSE,0.685090909090909,1
zh881t1,P3,Inflammation,inside,81,0.202021614316305,1.18516092175025,0.112,0.89,GBM,4,FALSE,0.149333333333333,1
zh881t1,P3,Inflammation,ring,327,0.0498746307546838,0.55406726462778,0.266,0.736,GBM,4,FALSE,0.532,1
zh881t1,P3,TAM_microglia,inside,81,0.75698852152654,4.67773006175461,0.002,1,GBM,4,FALSE,0.006,1
zh881t1,P3,TAM_microglia,ring,327,0.406789167987284,3.80847778805466,0.002,1,GBM,4,FALSE,0.012,1
zh881t1,P3,TAM_monocyte,inside,81,0.0558010592124722,0.463647651328768,0.318,0.684,GBM,4,FALSE,0.3816,1
zh881t1,P3,TAM_monocyte,ring,327,-0.0300466423294196,-0.369885570903875,0.628,0.374,GBM,4,FALSE,0.685090909090909,1
zh881t1,P3,TAM_SPP1_lipid,inside,81,0.206614073768709,1.27871242963418,0.098,0.904,GBM,4,FALSE,0.147,1
zh881t1,P3,TAM_SPP1_lipid,ring,327,0.298527515611001,2.3978714152961,0.006,0.996,GBM,4,FALSE,0.024,1
zh881t1,P3,TAM_C1Q,inside,81,1.56502753233092,5.95375574841254,0.002,1,GBM,4,FALSE,0.006,1
zh881t1,P3,TAM_C1Q,ring,327,0.644950702469684,3.17794982069685,0.002,1,GBM,4,FALSE,0.012,1
zh881t1,P3,Malignant_CNA,inside,81,-0.607364222752546,-3.67991964814543,1,0.002,GBM,4,FALSE,1,0.024
zh881t1,P3,Malignant_CNA,ring,327,-0.106375874248714,-0.930368023614496,0.82,0.182,GBM,4,FALSE,0.82,1
zh881t1,P3,UMI_depth,inside,81,0.575553977095059,2.23151597745134,0.016,0.986,GBM,4,FALSE,0.032,1
zh881t1,P3,UMI_depth,ring,327,0.120419521148586,0.750734502580339,0.228,0.774,GBM,4,FALSE,0.532,1
zh916bulk,C1b,T_cell,inside,187,0.191015393189931,1.50853671639534,0.066,0.936,GBM,4,FALSE,0.099,1
zh916bulk,C1b,T_cell,ring,369,0.12586922870613,1.3538672113121,0.1,0.902,GBM,4,FALSE,0.4,1
zh916bulk,C1b,Endothelial,inside,187,0.373894684083724,2.64696058529838,0.004,0.998,GBM,4,FALSE,0.008,1
zh916bulk,C1b,Endothelial,ring,369,-0.0646951446377086,-0.672071432670589,0.732,0.27,GBM,4,FALSE,0.792,1
zh916bulk,C1b,Pericyte,inside,187,0.460003117918155,2.9889581524954,0.002,1,GBM,4,FALSE,0.0048,1
zh916bulk,C1b,Pericyte,ring,369,-0.0160887107282135,-0.130340996040666,0.566,0.436,GBM,4,FALSE,0.754666666666667,1
zh916bulk,C1b,IFN_response,inside,187,0.156414106622021,1.08011426199684,0.156,0.846,GBM,4,FALSE,0.1872,1
zh916bulk,C1b,IFN_response,ring,369,-0.0733351184600065,-0.806415562983833,0.792,0.21,GBM,4,FALSE,0.792,1
zh916bulk,C1b,Hypoxia,inside,187,0.0146758427346786,0.149027192643961,0.448,0.554,GBM,4,FALSE,0.488727272727273,1
zh916bulk,C1b,Hypoxia,ring,369,0.0341559801356375,0.27459221367333,0.416,0.586,GBM,4,FALSE,0.713142857142857,1
zh916bulk,C1b,Inflammation,inside,187,0.533523658776375,2.44374689089318,0.008,0.994,GBM,4,FALSE,0.0137142857142857,1
zh916bulk,C1b,Inflammation,ring,369,0.000102447542606869,0.00617863377262861,0.5,0.502,GBM,4,FALSE,0.75,1
zh916bulk,C1b,TAM_microglia,inside,187,0.509501974526953,3.93662426422976,0.002,1,GBM,4,FALSE,0.0048,1
zh916bulk,C1b,TAM_microglia,ring,369,0.0606026000411007,0.68382507081736,0.278,0.724,GBM,4,FALSE,0.556,1
zh916bulk,C1b,TAM_monocyte,inside,187,0.507291835493788,3.28602352854721,0.002,1,GBM,4,FALSE,0.0048,1
zh916bulk,C1b,TAM_monocyte,ring,369,-0.0596995074243588,-0.560428424771938,0.708,0.294,GBM,4,FALSE,0.792,1
zh916bulk,C1b,TAM_SPP1_lipid,inside,187,0.238575961243901,1.47905792161404,0.076,0.926,GBM,4,FALSE,0.101333333333333,1
zh916bulk,C1b,TAM_SPP1_lipid,ring,369,0.231654685294062,2.06667047623079,0.024,0.978,GBM,4,FALSE,0.144,1
zh916bulk,C1b,TAM_C1Q,inside,187,0.687044954216631,4.11087332096741,0.002,1,GBM,4,FALSE,0.0048,1
zh916bulk,C1b,TAM_C1Q,ring,369,0.0873404979853482,0.791516640946915,0.212,0.79,GBM,4,FALSE,0.5088,1
zh916bulk,C1b,Malignant_CNA,inside,187,-0.105181664639377,-0.451150615571883,0.664,0.338,GBM,4,FALSE,0.664,1
zh916bulk,C1b,Malignant_CNA,ring,369,0.170249885794365,1.0462257127682,0.14,0.862,GBM,4,FALSE,0.42,1
zh916bulk,C1b,UMI_depth,inside,187,0.912692800091891,2.67111825803369,0.002,1,GBM,4,FALSE,0.0048,1
zh916bulk,C1b,UMI_depth,ring,369,0.725507825029993,2.76977089839163,0.002,1,GBM,4,FALSE,0.024,1
zh916bulk,P3,T_cell,inside,60,0.596186110880269,2.94258424609598,0.002,1,GBM,4,FALSE,0.004,1
zh916bulk,P3,T_cell,ring,168,0.0611357320593042,0.508905235749522,0.312,0.69,GBM,4,FALSE,0.530666666666667,1
zh916bulk,P3,Endothelial,inside,60,0.414094503863534,1.63895787870073,0.056,0.946,GBM,4,FALSE,0.084,1
zh916bulk,P3,Endothelial,ring,168,0.366737776179501,2.61462167256252,0.004,0.998,GBM,4,FALSE,0.024,1
zh916bulk,P3,Pericyte,inside,60,0.280184365051132,1.02844363591534,0.158,0.844,GBM,4,FALSE,0.210666666666667,1
zh916bulk,P3,Pericyte,ring,168,0.293232032846127,2.0041059232184,0.022,0.98,GBM,4,FALSE,0.0624,1
zh916bulk,P3,IFN_response,inside,60,0.744236281713812,2.68740863532925,0.002,1,GBM,4,FALSE,0.004,1
zh916bulk,P3,IFN_response,ring,168,0.0509919509745799,0.288676569843461,0.398,0.604,GBM,4,FALSE,0.530666666666667,1
zh916bulk,P3,Hypoxia,inside,60,0.101363455913311,0.25318963580142,0.426,0.576,GBM,4,FALSE,0.464727272727273,1
zh916bulk,P3,Hypoxia,ring,168,0.0716178084472971,0.348666969731773,0.392,0.61,GBM,4,FALSE,0.530666666666667,1
zh916bulk,P3,Inflammation,inside,60,1.19540646458141,3.59854711158061,0.002,1,GBM,4,FALSE,0.004,1
zh916bulk,P3,Inflammation,ring,168,0.0327183780181411,0.15174808716709,0.45,0.552,GBM,4,FALSE,0.54,1
zh916bulk,P3,TAM_microglia,inside,60,0.893437761629298,4.61416989006819,0.002,1,GBM,4,FALSE,0.004,1
zh916bulk,P3,TAM_microglia,ring,168,0.358262145415267,2.91437350819627,0.002,1,GBM,4,FALSE,0.024,1
zh916bulk,P3,TAM_monocyte,inside,60,0.681257815513066,2.80385871171472,0.002,1,GBM,4,FALSE,0.004,1
zh916bulk,P3,TAM_monocyte,ring,168,-0.0856313365753732,-0.715730869623421,0.746,0.256,GBM,4,FALSE,0.813818181818182,1
zh916bulk,P3,TAM_SPP1_lipid,inside,60,0.510479507342987,1.91532936819645,0.028,0.974,GBM,4,FALSE,0.048,1
zh916bulk,P3,TAM_SPP1_lipid,ring,168,0.285156905053409,1.94596995016049,0.026,0.976,GBM,4,FALSE,0.0624,1
zh916bulk,P3,TAM_C1Q,inside,60,1.47940648304665,4.60550497651784,0.002,1,GBM,4,FALSE,0.004,1
zh916bulk,P3,TAM_C1Q,ring,168,0.374017537332693,1.97980371905073,0.018,0.984,GBM,4,FALSE,0.0624,1
zh916bulk,P3,Malignant_CNA,inside,60,-0.495796057449075,-1.27600930539681,0.896,0.106,GBM,4,FALSE,0.896,1
zh916bulk,P3,Malignant_CNA,ring,168,-0.219278626470347,-0.976335784617261,0.848,0.154,GBM,4,FALSE,0.848,1
zh916bulk,P3,UMI_depth,inside,60,0.242358432233756,0.656877683286171,0.26,0.742,GBM,4,FALSE,0.312,1
zh916bulk,P3,UMI_depth,ring,168,0.280623935297217,1.16721202791902,0.126,0.876,GBM,4,FALSE,0.252,1
zh916inf,C1b,Endothelial,inside,20,0.465094785405079,1.94919227426753,0.026,0.976,GBM,4,FALSE,0.0953333333333333,1
zh916inf,C1b,Endothelial,ring,129,0.0573124654939766,0.576630835853563,0.28,0.722,GBM,4,FALSE,0.446285714285714,0.982
zh916inf,C1b,Pericyte,inside,20,0.326502104633445,1.51831839888061,0.052,0.95,GBM,4,FALSE,0.1144,1
zh916inf,C1b,Pericyte,ring,129,0.113048536265324,1.29580064980346,0.092,0.91,GBM,4,FALSE,0.2156,0.982
zh916inf,C1b,IFN_response,inside,20,0.108469887451552,0.515669939215656,0.3,0.702,GBM,4,FALSE,0.55,1
zh916inf,C1b,IFN_response,ring,129,-0.00406181446219521,-0.0701456639400015,0.548,0.454,GBM,4,FALSE,0.669777777777778,0.982
zh916inf,C1b,Hypoxia,inside,20,-0.159829675305428,-0.711648683210517,0.756,0.246,GBM,4,FALSE,0.756,1
zh916inf,C1b,Hypoxia,ring,129,0.062225935723303,0.602836756930611,0.284,0.718,GBM,4,FALSE,0.446285714285714,0.982
zh916inf,C1b,Inflammation,inside,20,0.00654534555603001,0.0425294301423594,0.476,0.526,GBM,4,FALSE,0.581777777777778,1
zh916inf,C1b,Inflammation,ring,129,-0.197130505352326,-0.57752336951834,0.68,0.322,GBM,4,FALSE,0.68,0.982
zh916inf,C1b,TAM_microglia,inside,20,0.771231992507263,2.94843698271303,0.002,1,GBM,4,FALSE,0.022,1
zh916inf,C1b,TAM_microglia,ring,129,0.291803317342416,1.94377656092291,0.022,0.98,GBM,4,FALSE,0.121,0.982
zh916inf,C1b,TAM_monocyte,inside,20,-0.113391812699576,-0.501507099764725,0.69,0.312,GBM,4,FALSE,0.756,1
zh916inf,C1b,TAM_monocyte,ring,129,-0.00814350114896076,-0.103624559302884,0.524,0.478,GBM,4,FALSE,0.669777777777778,0.982
zh916inf,C1b,TAM_SPP1_lipid,inside,20,0.548843343953489,1.85107825949832,0.046,0.956,GBM,4,FALSE,0.1144,1
zh916inf,C1b,TAM_SPP1_lipid,ring,129,0.272350554765683,1.33139430512884,0.098,0.904,GBM,4,FALSE,0.2156,0.982
zh916inf,C1b,TAM_C1Q,inside,20,0.997534641750706,3.36843104599893,0.004,0.998,GBM,4,FALSE,0.022,1
zh916inf,C1b,TAM_C1Q,ring,129,0.318714476962553,1.57184436513482,0.064,0.938,GBM,4,FALSE,0.2156,0.982
zh916inf,C1b,Malignant_CNA,inside,20,0.0527217977476503,0.232091350044053,0.404,0.598,GBM,4,FALSE,0.5555,1
zh916inf,C1b,Malignant_CNA,ring,129,0.297616775543767,2.01818467978639,0.02,0.982,GBM,4,FALSE,0.121,0.982
zh916inf,C1b,UMI_depth,inside,20,0.141590317625466,0.376556336190981,0.364,0.638,GBM,4,FALSE,0.5555,1
zh916inf,C1b,UMI_depth,ring,129,-0.143757025108356,-0.415439086486499,0.63,0.372,GBM,4,FALSE,0.68,0.982
zh916inf,P3,Endothelial,inside,7,-0.0755358307604104,-0.184916410527214,0.556,0.446,GBM,4,FALSE,0.79475,0.9482
zh916inf,P3,Endothelial,ring,79,0.160027164649499,1.54786061320397,0.072,0.93,GBM,4,FALSE,0.132,0.994
zh916inf,P3,Pericyte,inside,7,-0.366659325073518,-1.10289182111283,0.862,0.14,GBM,4,FALSE,0.862,0.924
zh916inf,P3,Pericyte,ring,79,0.0563167169078383,0.487788391272723,0.332,0.67,GBM,4,FALSE,0.425333333333333,0.994
zh916inf,P3,IFN_response,inside,7,0.984023591180788,2.34497046532402,0.01,0.992,GBM,4,FALSE,0.11,0.992
zh916inf,P3,IFN_response,ring,79,0.193461895110672,1.25581050297208,0.102,0.9,GBM,4,FALSE,0.160285714285714,0.994
zh916inf,P3,Hypoxia,inside,7,0.135019705824672,0.35668171295027,0.374,0.628,GBM,4,FALSE,0.685666666666667,0.9482
zh916inf,P3,Hypoxia,ring,79,0.0490062705174103,0.410501316618889,0.348,0.654,GBM,4,FALSE,0.425333333333333,0.994
zh916inf,P3,Inflammation,inside,7,-0.143481523049865,-0.220868356712495,0.578,0.424,GBM,4,FALSE,0.79475,0.9482
zh916inf,P3,Inflammation,ring,79,-0.0558562757155829,-0.160053255959473,0.548,0.454,GBM,4,FALSE,0.6028,0.994
zh916inf,P3,TAM_microglia,inside,7,0.400722905382942,1.00392505158851,0.146,0.856,GBM,4,FALSE,0.535333333333333,0.9482
zh916inf,P3,TAM_microglia,ring,79,0.375298769149522,2.24158693410187,0.01,0.992,GBM,4,FALSE,0.044,0.994
zh916inf,P3,TAM_monocyte,inside,7,-0.400731286071267,-1.01628237321487,0.834,0.168,GBM,4,FALSE,0.862,0.924
zh916inf,P3,TAM_monocyte,ring,79,0.317878882749193,2.12645491751949,0.012,0.99,GBM,4,FALSE,0.044,0.994
zh916inf,P3,TAM_SPP1_lipid,inside,7,0.525037332923571,1.10985093939694,0.14,0.862,GBM,4,FALSE,0.535333333333333,0.9482
zh916inf,P3,TAM_SPP1_lipid,ring,79,0.423254089377562,1.8646932260034,0.022,0.98,GBM,4,FALSE,0.0605,0.994
zh916inf,P3,TAM_C1Q,inside,7,0.40502199432335,0.902921546440067,0.204,0.798,GBM,4,FALSE,0.561,0.9482
zh916inf,P3,TAM_C1Q,ring,79,0.507194444964426,2.32864201023026,0.008,0.994,GBM,4,FALSE,0.044,0.994
zh916inf,P3,Malignant_CNA,inside,7,0.126774068930574,0.349421128695608,0.35,0.652,GBM,4,FALSE,0.685666666666667,0.9482
zh916inf,P3,Malignant_CNA,ring,79,0.294824761459274,1.66431555063654,0.046,0.956,GBM,4,FALSE,0.1012,0.994
zh916inf,P3,UMI_depth,inside,7,-0.365754920395407,-0.612315035504733,0.73,0.272,GBM,4,FALSE,0.862,0.9482
zh916inf,P3,UMI_depth,ring,79,-0.474973975886072,-1.49195554802125,0.92,0.082,GBM,4,FALSE,0.92,0.902
zh916t1,C1b,T_cell,inside,359,0.0938668056453227,1.09143058816673,0.162,0.84,GBM,4,FALSE,0.324,1
zh916t1,C1b,T_cell,ring,354,0.108380730090285,1.62672525724173,0.048,0.954,GBM,4,FALSE,0.144,1
zh916t1,C1b,Endothelial,inside,359,0.103857410822877,0.6810782238433,0.252,0.75,GBM,4,FALSE,0.378,1
zh916t1,C1b,Endothelial,ring,354,0.157706094837987,1.52739574199112,0.07,0.932,GBM,4,FALSE,0.156,1
zh916t1,C1b,Pericyte,inside,359,0.139738985976481,0.765232333585962,0.212,0.79,GBM,4,FALSE,0.363428571428571,1
zh916t1,C1b,Pericyte,ring,354,0.198189204420297,1.36227465519029,0.092,0.91,GBM,4,FALSE,0.157714285714286,1
zh916t1,C1b,IFN_response,inside,359,0.195817892351333,2.05831143761835,0.016,0.986,GBM,4,FALSE,0.0384,1
zh916t1,C1b,IFN_response,ring,354,0.241995914553855,2.97315004906484,0.004,0.998,GBM,4,FALSE,0.016,1
zh916t1,C1b,Hypoxia,inside,359,-0.296054371093913,-1.21278764245283,0.874,0.128,GBM,4,FALSE,0.953454545454545,0.768
zh916t1,C1b,Hypoxia,ring,354,-0.300340893441411,-1.65938944068047,0.944,0.058,GBM,4,FALSE,0.99,0.348
zh916t1,C1b,Inflammation,inside,359,0.438802135728837,2.78840420172869,0.002,1,GBM,4,FALSE,0.006,1
zh916t1,C1b,Inflammation,ring,354,-0.0676101009154136,-0.715347813116689,0.746,0.256,GBM,4,FALSE,0.9864,0.768
zh916t1,C1b,TAM_microglia,inside,359,0.644357261665281,3.70082039306041,0.002,1,GBM,4,FALSE,0.006,1
zh916t1,C1b,TAM_microglia,ring,354,0.163831832935663,1.54024449625962,0.078,0.924,GBM,4,FALSE,0.156,1
zh916t1,C1b,TAM_monocyte,inside,359,0.00646205114988304,0.13113629714077,0.452,0.55,GBM,4,FALSE,0.602666666666667,1
zh916t1,C1b,TAM_monocyte,ring,354,0.0489775989008483,0.565304069061116,0.31,0.692,GBM,4,FALSE,0.465,1
zh916t1,C1b,TAM_SPP1_lipid,inside,359,-0.0235179512163193,-0.0901098263922827,0.518,0.484,GBM,4,FALSE,0.6216,1
zh916t1,C1b,TAM_SPP1_lipid,ring,354,-0.107872665786228,-0.947755093330259,0.822,0.18,GBM,4,FALSE,0.9864,0.72
zh916t1,C1b,TAM_C1Q,inside,359,0.847279126848235,4.34050950859113,0.002,1,GBM,4,FALSE,0.006,1
zh916t1,C1b,TAM_C1Q,ring,354,0.469863293877317,3.61460982535194,0.002,1,GBM,4,FALSE,0.016,1
zh916t1,C1b,Malignant_CNA,inside,359,-0.371702172993308,-2.01560958148785,0.978,0.024,GBM,4,FALSE,0.978,0.288
zh916t1,C1b,Malignant_CNA,ring,354,-0.307828561176118,-2.42343085796373,0.99,0.012,GBM,4,FALSE,0.99,0.144
zh916t1,C1b,UMI_depth,inside,359,0.785896967943596,2.88612423120176,0.002,1,GBM,4,FALSE,0.006,1
zh916t1,C1b,UMI_depth,ring,354,0.553569580835493,2.66833265856708,0.004,0.998,GBM,4,FALSE,0.016,1
zh916t1,P3,T_cell,inside,154,0.253504139369016,2.44477261249907,0.018,0.984,GBM,4,FALSE,0.054,1
zh916t1,P3,T_cell,ring,408,0.074074132430144,0.946290379662729,0.182,0.82,GBM,4,FALSE,0.312,1
zh916t1,P3,Endothelial,inside,154,-0.145600893325971,-0.79421486903318,0.784,0.218,GBM,4,FALSE,0.924,0.654
zh916t1,P3,Endothelial,ring,408,0.0682141581917288,0.566692911369611,0.278,0.724,GBM,4,FALSE,0.370666666666667,1
zh916t1,P3,Pericyte,inside,154,-0.248126452742249,-1.04820573117027,0.848,0.154,GBM,4,FALSE,0.924,0.654
zh916t1,P3,Pericyte,ring,408,-0.0098279847036805,-0.0321717617052792,0.506,0.496,GBM,4,FALSE,0.6072,1
zh916t1,P3,IFN_response,inside,154,0.10358619325056,0.801987951632643,0.206,0.796,GBM,4,FALSE,0.353142857142857,1
zh916t1,P3,IFN_response,ring,408,0.194388754099673,2.2687790469556,0.012,0.99,GBM,4,FALSE,0.048,1
zh916t1,P3,Hypoxia,inside,154,-0.24461212296187,-0.899509155086202,0.798,0.204,GBM,4,FALSE,0.924,0.654
zh916t1,P3,Hypoxia,ring,408,-0.117109413668111,-0.587499781447114,0.714,0.288,GBM,4,FALSE,0.778909090909091,1
zh916t1,P3,Inflammation,inside,154,0.537968780775952,2.65074104636169,0.004,0.998,GBM,4,FALSE,0.016,1
zh916t1,P3,Inflammation,ring,408,0.204181781059624,1.64749335292823,0.054,0.948,GBM,4,FALSE,0.1296,1
zh916t1,P3,TAM_microglia,inside,154,0.978633302977745,4.50747200095741,0.002,1,GBM,4,FALSE,0.012,1
zh916t1,P3,TAM_microglia,ring,408,0.344587804757514,2.60637646932081,0.006,0.996,GBM,4,FALSE,0.036,1
zh916t1,P3,TAM_monocyte,inside,154,0.0321895185099629,0.297417361691547,0.396,0.606,GBM,4,FALSE,0.594,1
zh916t1,P3,TAM_monocyte,ring,408,0.120164612314962,1.53702166911235,0.082,0.92,GBM,4,FALSE,0.164,1
zh916t1,P3,TAM_SPP1_lipid,inside,154,0.204917402998012,1.54483170709981,0.068,0.934,GBM,4,FALSE,0.136,1
zh916t1,P3,TAM_SPP1_lipid,ring,408,0.060903601528439,0.634420175955476,0.258,0.744,GBM,4,FALSE,0.370666666666667,1
zh916t1,P3,TAM_C1Q,inside,154,1.04888561216978,4.47466017712206,0.002,1,GBM,4,FALSE,0.012,1
zh916t1,P3,TAM_C1Q,ring,408,0.533419220569493,3.49162182069885,0.002,1,GBM,4,FALSE,0.024,1
zh916t1,P3,Malignant_CNA,inside,154,-0.286255494473002,-1.3878486895445,0.924,0.078,GBM,4,FALSE,0.924,0.654
zh916t1,P3,Malignant_CNA,ring,408,-0.180994777670648,-1.29259214238926,0.906,0.096,GBM,4,FALSE,0.906,1
zh916t1,P3,UMI_depth,inside,154,0.498364846901806,1.76667895500732,0.032,0.97,GBM,4,FALSE,0.0768,1
zh916t1,P3,UMI_depth,ring,408,0.409488617450244,1.96428466972037,0.026,0.976,GBM,4,FALSE,0.078,1
