source,target,zone,cohort,k,mean_z_msr,stouffer_z,n_enriched,n_depleted,p,q
C1b,Endothelial,inside,IDHm,6,1.7588708396645,4.30833608063864,2,0,1.64487314399461e-05,3.94769554558706e-05
C1b,Endothelial,ring,IDHm,6,-0.0361297095777795,-0.088499353020506,0,0,0.929479798537617,0.980686049078822
C1b,Pericyte,inside,IDHm,6,2.92548554595334,7.16594683747314,2,0,7.72507496699608e-13,9.2700899603953e-12
C1b,Pericyte,ring,IDHm,6,0.0098832061914332,0.0242088121917268,0,0,0.980686049078822,0.980686049078822
C1b,IFN_response,inside,IDHm,6,0.816755686999941,2.00063467766618,1,0,0.0454317736581358,0.0681476604872038
C1b,IFN_response,ring,IDHm,6,0.213270264063215,0.522403324263506,0,1,0.601389541944281,0.721667450333137
C1b,Hypoxia,inside,IDHm,6,0.530744282362556,1.3000526756879,1,0,0.193582915872426,0.211181362769919
C1b,Hypoxia,ring,IDHm,6,0.436152859513489,1.06835195566384,1,0,0.285361780326798,0.380482373769065
C1b,Inflammation,inside,IDHm,6,2.58276836220599,6.32646461120848,4,0,2.50841794389081e-10,1.48985045668191e-09
C1b,Inflammation,ring,IDHm,6,1.09778027998534,2.68900153565374,0,0,0.00716660895167618,0.0286664358067047
C1b,TAM_microglia,inside,IDHm,6,1.55770839166287,3.81559072762548,2,0,0.000135857525535168,0.000232898615203144
C1b,TAM_microglia,ring,IDHm,6,-0.491789841862116,-1.20463417324621,1,1,0.228344558258975,0.342516837388463
C1b,TAM_monocyte,inside,IDHm,5,-0.668928346800202,-1.49576925552181,0,1,0.134713795717647,0.161656554861176
C1b,TAM_monocyte,ring,IDHm,5,-0.79915175939296,-1.78695765834121,0,1,0.0739443323035772,0.177466397528585
C1b,TAM_SPP1_lipid,inside,IDHm,6,2.54314644556862,6.22941113281583,3,0,4.68191642280787e-10,1.48985045668191e-09
C1b,TAM_SPP1_lipid,ring,IDHm,6,1.32887704752795,3.25507069733972,2,0,0.00113364142230546,0.00680184853383275
C1b,TAM_C1Q,inside,IDHm,6,1.56764130772465,3.83992130363473,2,0,0.000123073755551877,0.000232898615203144
C1b,TAM_C1Q,ring,IDHm,6,0.622956230022318,1.52592489564255,1,0,0.127028569787861,0.233486859845634
C1b,Malignant_CNA,inside,IDHm,6,-0.68496846228775,-1.67782322250381,0,1,0.0933816144564164,0.124508819275222
C1b,Malignant_CNA,ring,IDHm,6,0.82774877939336,2.02756214472533,2,0,0.0426049558529535,0.12781486755886
C1b,UMI_depth,inside,IDHm,6,2.53937372938825,6.22016990322958,3,0,4.9661681889397e-10,1.48985045668191e-09
C1b,UMI_depth,ring,IDHm,6,1.59821265610816,3.9148055079232,3,0,9.04771104123751e-05,0.0010857253249485
P3,Endothelial,inside,IDHm,2,0.154571316123404,0.218596851615578,0,0,0.826964105539414,0.826964105539414
P3,Endothelial,ring,IDHm,2,0.143157795973995,0.202455696625865,0,0,0.839560490158223,0.936027368325751
P3,Pericyte,inside,IDHm,2,0.891762754300152,1.26114298155046,0,0,0.207257337270224,0.31327890070834
P3,Pericyte,ring,IDHm,2,-0.0980129734764558,-0.138611276378918,0,0,0.889757332073429,0.936027368325751
P3,IFN_response,inside,IDHm,2,0.460827427106771,0.651708397327894,0,0,0.514589304400998,0.566048234841098
P3,IFN_response,ring,IDHm,2,0.382820076460763,0.541389344079516,0,0,0.588239250372874,0.906453421176241
P3,Hypoxia,inside,IDHm,2,2.87448933996768,4.06514180947917,1,0,4.80032655194928e-05,0.000132008980178605
P3,Hypoxia,ring,IDHm,2,1.30677242864706,1.8480552915279,1,0,0.0645943445643849,0.177634447552059
P3,Inflammation,inside,IDHm,2,3.21873931736529,4.55198479636151,2,0,5.31421767574581e-06,2.9228197216602e-05
P3,Inflammation,ring,IDHm,2,2.88749892074493,4.08354013505516,2,0,4.43547644389968e-05,0.000243951204414482
P3,TAM_microglia,inside,IDHm,2,2.70430542839904,3.8244654136411,1,0,0.000131056141302153,0.000240269592387281
P3,TAM_microglia,ring,IDHm,2,1.12233931957597,1.58722748732893,1,0,0.112461131420529,0.247414489125164
P3,TAM_monocyte,inside,IDHm,2,-0.72715227114264,-1.02834860376032,0,0,0.303785875744905,0.371293848132662
P3,TAM_monocyte,ring,IDHm,2,-0.587184211156647,-0.830403875029077,0,0,0.406310475446476,0.74490253831854
P3,TAM_SPP1_lipid,inside,IDHm,2,4.88846610541526,6.91333506547944,2,0,4.73390010431286e-12,5.20729011474415e-11
P3,TAM_SPP1_lipid,ring,IDHm,2,3.01069246643604,4.25776211816835,2,0,2.0648349202219e-05,0.000227131841224409
P3,TAM_C1Q,inside,IDHm,2,2.95233244574261,4.17522858540333,2,0,2.97686986247527e-05,0.000109151894957427
P3,TAM_C1Q,ring,IDHm,2,2.07410649190729,2.93322953066137,1,0,0.00335455791379698,0.0123000456839222
P3,Malignant_CNA,inside,IDHm,2,-2.78908071217242,-3.94435576970745,0,1,8.00147939182369e-05,0.000176032546620121
P3,Malignant_CNA,ring,IDHm,2,-0.0567551487295923,-0.0802639010678916,1,1,0.936027368325751,0.936027368325751
P3,UMI_depth,inside,IDHm,2,-0.852730965699551,-1.20594369674781,0,0,0.227839200515156,0.31327890070834
P3,UMI_depth,ring,IDHm,2,-0.31180883748821,-0.440964286843614,0,0,0.659238851764539,0.906453421176241
C1b,T_cell,inside,IDHm,2,-0.353982138297629,-0.500606340818336,0,0,0.616648199033179,0.616648199033179
C1b,T_cell,ring,IDHm,2,1.05365248795485,1.4900896384939,0,0,0.136200668243286,0.233486859845634
C1b,Endothelial,inside,LGG,4,1.26772176101298,2.53544352202595,1,0,0.0112305036142111,0.0154419424695403
C1b,Endothelial,ring,LGG,4,-0.216152036025884,-0.432304072051769,0,0,0.665520427987152,0.813413856428742
C1b,Pericyte,inside,LGG,4,1.44862710065084,2.89725420130168,0,0,0.00376444596502031,0.00591555794503192
C1b,Pericyte,ring,LGG,4,-0.462075531834702,-0.924151063669404,0,0,0.355407670153521,0.558497767384105
C1b,IFN_response,inside,LGG,4,0.496762320138126,0.993524640276252,0,0,0.320454348660764,0.320454348660764
C1b,IFN_response,ring,LGG,4,0.161164418008709,0.322328836017418,0,1,0.747203589915141,0.821923948906655
C1b,Hypoxia,inside,LGG,4,1.2219364147414,2.44387282948281,1,0,0.0145305474114813,0.017759557947366
C1b,Hypoxia,ring,LGG,4,1.26263261487993,2.52526522975986,1,0,0.0115610998689414,0.0423906995194519
C1b,Inflammation,inside,LGG,4,2.75935088378551,5.51870176757102,3,0,3.4151320481569e-08,1.8783226264863e-07
C1b,Inflammation,ring,LGG,4,1.49199410202105,2.9839882040421,0,0,0.00284517740238272,0.015648475713105
C1b,TAM_microglia,inside,LGG,4,1.8550128623971,3.7100257247942,1,0,0.000207238188485646,0.000759873357780702
C1b,TAM_microglia,ring,LGG,4,-0.312459578855134,-0.624919157710269,1,1,0.532024118005992,0.731533162258239
C1b,TAM_monocyte,inside,LGG,3,-1.12983669475913,-1.9569345595785,0,1,0.0503551627214902,0.0553906789936392
C1b,TAM_monocyte,ring,LGG,3,-0.863825951105372,-1.49619043621101,0,1,0.13460403609357,0.283485271891636
C1b,TAM_SPP1_lipid,inside,LGG,4,4.1556170309603,8.31123406192061,3,0,9.47119016463641e-17,1.04183091811001e-15
C1b,TAM_SPP1_lipid,ring,LGG,4,1.95572282557425,3.9114456511485,2,0,9.1745303477841e-05,0.00100919833825625
C1b,TAM_C1Q,inside,LGG,4,1.72759030296677,3.45518060593353,1,0,0.000549924316455032,0.00151229187025134
C1b,TAM_C1Q,ring,LGG,4,0.981255145513174,1.96251029102635,1,0,0.0497031036724345,0.136683535099195
C1b,Malignant_CNA,inside,LGG,4,-1.59974958550633,-3.19949917101267,0,1,0.00137666583131395,0.00302866482889069
C1b,Malignant_CNA,ring,LGG,4,0.0908575006244722,0.181715001248944,1,0,0.855806392683581,0.855806392683581
C1b,UMI_depth,inside,LGG,4,1.46604376007503,2.93208752015006,1,0,0.00336691848471245,0.00591555794503192
C1b,UMI_depth,ring,LGG,4,0.711686025566105,1.42337205113221,1,0,0.15462833012271,0.283485271891636
P3,Endothelial,inside,LGG,2,0.154571316123404,0.218596851615578,0,0,0.826964105539414,0.826964105539414
P3,Endothelial,ring,LGG,2,0.143157795973995,0.202455696625865,0,0,0.839560490158223,0.936027368325751
P3,Pericyte,inside,LGG,2,0.891762754300152,1.26114298155046,0,0,0.207257337270224,0.31327890070834
P3,Pericyte,ring,LGG,2,-0.0980129734764558,-0.138611276378918,0,0,0.889757332073429,0.936027368325751
P3,IFN_response,inside,LGG,2,0.460827427106771,0.651708397327894,0,0,0.514589304400998,0.566048234841098
P3,IFN_response,ring,LGG,2,0.382820076460763,0.541389344079516,0,0,0.588239250372874,0.906453421176241
P3,Hypoxia,inside,LGG,2,2.87448933996768,4.06514180947917,1,0,4.80032655194928e-05,0.000132008980178605
P3,Hypoxia,ring,LGG,2,1.30677242864706,1.8480552915279,1,0,0.0645943445643849,0.177634447552059
P3,Inflammation,inside,LGG,2,3.21873931736529,4.55198479636151,2,0,5.31421767574581e-06,2.9228197216602e-05
P3,Inflammation,ring,LGG,2,2.88749892074493,4.08354013505516,2,0,4.43547644389968e-05,0.000243951204414482
P3,TAM_microglia,inside,LGG,2,2.70430542839904,3.8244654136411,1,0,0.000131056141302153,0.000240269592387281
P3,TAM_microglia,ring,LGG,2,1.12233931957597,1.58722748732893,1,0,0.112461131420529,0.247414489125164
P3,TAM_monocyte,inside,LGG,2,-0.72715227114264,-1.02834860376032,0,0,0.303785875744905,0.371293848132662
P3,TAM_monocyte,ring,LGG,2,-0.587184211156647,-0.830403875029077,0,0,0.406310475446476,0.74490253831854
P3,TAM_SPP1_lipid,inside,LGG,2,4.88846610541526,6.91333506547944,2,0,4.73390010431286e-12,5.20729011474415e-11
P3,TAM_SPP1_lipid,ring,LGG,2,3.01069246643604,4.25776211816835,2,0,2.0648349202219e-05,0.000227131841224409
P3,TAM_C1Q,inside,LGG,2,2.95233244574261,4.17522858540333,2,0,2.97686986247527e-05,0.000109151894957427
P3,TAM_C1Q,ring,LGG,2,2.07410649190729,2.93322953066137,1,0,0.00335455791379698,0.0123000456839222
P3,Malignant_CNA,inside,LGG,2,-2.78908071217242,-3.94435576970745,0,1,8.00147939182369e-05,0.000176032546620121
P3,Malignant_CNA,ring,LGG,2,-0.0567551487295923,-0.0802639010678916,1,1,0.936027368325751,0.936027368325751
P3,UMI_depth,inside,LGG,2,-0.852730965699551,-1.20594369674781,0,0,0.227839200515156,0.31327890070834
P3,UMI_depth,ring,LGG,2,-0.31180883748821,-0.440964286843614,0,0,0.659238851764539,0.906453421176241
C1b,T_cell,inside,GBM,11,0.834333136192275,2.76716996291027,1,0,0.00565452668229859,0.00616857456250755
C1b,T_cell,ring,GBM,11,0.723904672419956,2.40092018240213,1,0,0.0163539032255466,0.0490617096766399
C1b,Endothelial,inside,GBM,13,1.72444129202796,6.21756149993416,6,0,5.04940279672791e-10,1.00988055934558e-09
C1b,Endothelial,ring,GBM,13,-0.436786264599117,-1.5748552734305,0,0,0.115289854588939,0.197639750723895
C1b,Pericyte,inside,GBM,13,1.99683651857833,7.19969645645316,6,0,6.03467504257439e-13,1.81040251277232e-12
C1b,Pericyte,ring,GBM,13,0.256000780486058,0.923023940601282,1,0,0.355994729203131,0.40700820008518
C1b,IFN_response,inside,GBM,13,0.899508171244208,3.24322283411984,3,0,0.0011818573782263,0.00141822885387156
C1b,IFN_response,ring,GBM,13,-0.247035362701039,-0.89069866707144,1,0,0.373090850078082,0.40700820008518
C1b,Hypoxia,inside,GBM,13,-0.354068960774997,-1.2766137931245,1,0,0.201738629824142,0.201738629824142
C1b,Hypoxia,ring,GBM,13,0.28046528115934,1.01123195220742,1,0,0.311905426236021,0.40700820008518
C1b,Inflammation,inside,GBM,13,1.43323405192308,5.16759886394969,5,0,2.37120545416632e-07,4.06492363571368e-07
C1b,Inflammation,ring,GBM,13,0.411923311541362,1.48521062132131,1,0,0.137488039297669,0.206232058946503
C1b,TAM_microglia,inside,GBM,13,3.41876995891212,12.3265503858736,9,0,6.51777290305315e-35,7.82132748366378e-34
C1b,TAM_microglia,ring,GBM,13,0.612858635197149,2.2096932338142,1,0,0.0271264596603733,0.0651035031848958
C1b,TAM_monocyte,inside,GBM,13,1.1052236306996,3.98494047134188,5,0,6.74970445059512e-05,0.000101245566758927
C1b,TAM_monocyte,ring,GBM,13,0.527808587281055,1.90304092507206,0,0,0.0570352053267673,0.114070410653535
C1b,TAM_SPP1_lipid,inside,GBM,13,1.92866086341064,6.9538856360077,4,0,3.5535972527463e-12,8.52863340659112e-12
C1b,TAM_SPP1_lipid,ring,GBM,13,1.31879440125769,4.75498083552944,1,0,1.98465242921829e-06,7.93860971687317e-06
C1b,TAM_C1Q,inside,GBM,13,3.19364941282643,11.5148667138011,9,0,1.11031084227224e-30,6.66186505363347e-30
C1b,TAM_C1Q,ring,GBM,13,1.60832419798312,5.79889536339764,3,0,6.67531658065853e-09,4.00518994839512e-08
C1b,Malignant_CNA,inside,GBM,13,-1.01467267559112,-3.65845435965602,0,3,0.000253740915243379,0.000338321220324506
C1b,Malignant_CNA,ring,GBM,13,-0.0905094983233263,-0.326336637121275,1,1,0.744169671700603,0.744169671700603
C1b,UMI_depth,inside,GBM,13,2.33434198391261,8.41658971746526,9,0,3.87602192499231e-17,1.55040876999693e-16
C1b,UMI_depth,ring,GBM,13,1.70298234155822,6.14019015369788,7,0,8.24227558336781e-10,9.89073070004136e-09
P3,T_cell,inside,GBM,9,1.7581771497213,5.27453144916391,4,0,1.33095694040514e-07,3.05059122981486e-07
P3,T_cell,ring,GBM,9,0.164519203705047,0.493557611115141,0,0,0.621618643469508,0.621618643469508
P3,Endothelial,inside,GBM,10,1.85023892273051,5.85096921132469,4,0,4.88716695381385e-09,1.95486678152554e-08
P3,Endothelial,ring,GBM,10,1.118831352459,3.53805539137705,3,0,0.000403085489348431,0.00106274289952648
P3,Pericyte,inside,GBM,10,1.66003117900457,5.24947951254913,5,0,1.52529561490743e-07,3.05059122981486e-07
P3,Pericyte,ring,GBM,10,1.11095896537388,3.51316071756559,1,0,0.000442809541469366,0.00106274289952648
P3,IFN_response,inside,GBM,10,1.07481519996644,3.39886409566328,2,0,0.000676663309591054,0.000902217746121405
P3,IFN_response,ring,GBM,10,0.412551667307423,1.30460292119148,1,0,0.192028093065069,0.256037457420092
P3,Hypoxia,inside,GBM,10,-0.336714458500907,-1.06478460997311,1,0,0.286973411125199,0.286973411125199
P3,Hypoxia,ring,GBM,10,-0.318695652259066,-1.00780414153164,0,0,0.313548497288485,0.342052906132892
P3,Inflammation,inside,GBM,10,1.35970557266042,4.2997665568305,3,0,1.7097811531785e-05,2.93105340544885e-05
P3,Inflammation,ring,GBM,10,0.439827324749177,1.39085612338595,1,0,0.164269060212528,0.246403590318792
P3,TAM_microglia,inside,GBM,10,3.14436736535034,9.94336267480989,8,0,2.69570420176679e-23,1.61742252106007e-22
P3,TAM_microglia,ring,GBM,10,2.51725750964729,7.96026718764871,7,0,1.71668173640443e-15,1.03000904184266e-14
P3,TAM_monocyte,inside,GBM,10,0.646717793353936,2.04510123035654,3,0,0.0408448790209455,0.0445580498410315
P3,TAM_monocyte,ring,GBM,10,0.980321679487576,3.10004934682231,3,0,0.00193488403681731,0.00386976807363462
P3,TAM_SPP1_lipid,inside,GBM,10,1.71682812234603,5.42908721764367,5,0,5.6642999669496e-08,1.69928999008488e-07
P3,TAM_SPP1_lipid,ring,GBM,10,1.86281798595585,5.89074770194805,4,0,3.84452131579564e-09,1.53780852631826e-08
P3,TAM_C1Q,inside,GBM,10,3.47690297126691,10.9949325926104,8,0,4.04215428580049e-28,4.85058514296059e-27
P3,TAM_C1Q,ring,GBM,10,2.54610180520118,8.05148085910208,6,0,8.17982101488526e-16,9.81578521786231e-15
P3,Malignant_CNA,inside,GBM,10,-1.31961660756486,-4.17299411808954,0,3,3.00622705573772e-05,4.50934058360658e-05
P3,Malignant_CNA,ring,GBM,10,-0.392877484187655,-1.24238769142978,1,0,0.214093554757697,0.256912265709236
P3,UMI_depth,inside,GBM,10,0.824696181474238,2.60791831110215,2,0,0.00910946907429433,0.0109313628891532
P3,UMI_depth,ring,GBM,10,0.607312135632024,1.9204895992583,0,0,0.0547960856568329,0.093936146840285
