sample_id,niche,tset,n_niche_spots,umi_set_in_niche,umi_set_total,cpm_niche,cpm_null_mean,n_regions,log2_ratio,z,p_enrich,p_deplete,cohort,histology,who_grade,is_LGG,patient,q_enrich
bwh23,C1b,T_all,218,4,17,2.60677004247732,3.28049334474468,1000,-0.320661480348592,-0.456242690296523,0.663336663336663,0.337662337662338,IDHm,Oligodendroglioma,3,TRUE,BWH23,0.663336663336663
bwh23,C1b,CD4_T,218,1,4,0.65169251061933,0.611694699856532,1000,0.0788841378741321,0.0543824729926362,0.450549450549451,0.55044955044955,IDHm,Oligodendroglioma,3,TRUE,BWH23,0.663336663336663
bwh23,C1b,CD8_T,218,2,8,1.30338502123866,1.72790123350193,1000,-0.38127725046993,-0.337320046624312,0.582417582417583,0.418581418581419,IDHm,Oligodendroglioma,3,TRUE,BWH23,0.663336663336663
bwh23,C1b,Treg,218,1,5,0.65169251061933,0.686858138680949,1000,-0.0659609283132381,-0.0678353091903372,0.603396603396603,0.397602397602398,IDHm,Oligodendroglioma,3,TRUE,BWH23,0.663336663336663
bwh23,C1b,IFNG,218,0,0,0,0,1000,0,,0.500499500499501,0.500499500499501,IDHm,Oligodendroglioma,3,TRUE,BWH23,0.663336663336663
bwh24,C1b,T_all,301,47,216,28.1366194510246,17.2293155648164,1000,0.704352701157695,2.04047461092699,0.025974025974026,0.975024975024975,IDHm,Astrocytoma,4,FALSE,BWH24,0.0649350649350649
bwh24,C1b,CD4_T,301,10,38,5.98651477681375,3.86138885654183,1000,0.619610031728218,1.16903570108714,0.118881118881119,0.882117882117882,IDHm,Astrocytoma,4,FALSE,BWH24,0.198135198135198
bwh24,C1b,CD8_T,301,55,225,32.9258312724756,19.0007567074239,1000,0.789965081006033,2.61979830830015,0.012987012987013,0.988011988011988,IDHm,Astrocytoma,4,FALSE,BWH24,0.0649350649350649
bwh24,C1b,Treg,301,2,27,1.19730295536275,2.362448708212,1000,-0.924578246855691,-1.01913972998162,0.847152847152847,0.153846153846154,IDHm,Astrocytoma,4,FALSE,BWH24,0.847152847152847
bwh24,C1b,IFNG,301,1,4,0.598651477681375,0.355999495235827,1000,0.615540719154591,0.370193916775484,0.302697302697303,0.698301698301698,IDHm,Astrocytoma,4,FALSE,BWH24,0.378371628371628
bwh25,C1b,T_all,652,41,66,10.1413807415674,7.2621774274206,1000,0.476205808403773,1.2986888196076,0.116383616383616,0.884615384615385,IDHm,Astrocytoma,4,FALSE,BWH25,0.500499500499501
bwh25,C1b,CD4_T,652,17,35,4.20496274650357,4.03305236310628,1000,0.0587931113032039,0.140561872024751,0.431068931068931,0.56993006993007,IDHm,Astrocytoma,4,FALSE,BWH25,0.500499500499501
bwh25,C1b,CD8_T,652,31,60,7.66787324362416,6.84366644402083,1000,0.161822012944091,0.392697718456238,0.36013986013986,0.640859140859141,IDHm,Astrocytoma,4,FALSE,BWH25,0.500499500499501
bwh25,C1b,Treg,652,6,8,1.48410449876597,1.1803458510195,1000,0.307133940793473,0.503851354366124,0.316183816183816,0.684815184815185,IDHm,Astrocytoma,4,FALSE,BWH25,0.500499500499501
bwh25,C1b,IFNG,652,0,0,0,0,1000,0,,0.500499500499501,0.500499500499501,IDHm,Astrocytoma,4,FALSE,BWH25,0.500499500499501
bwh28,C1b,T_all,401,2,5,1.83581397696971,0.809321358192179,1000,1.09007817830053,1.17944214876159,0.121378621378621,0.87962037962038,IDHm,Astrocytoma,2,TRUE,BWH28,0.398351648351648
bwh28,C1b,CD4_T,401,0,0,0,0,1000,0,,0.500499500499501,0.500499500499501,IDHm,Astrocytoma,2,TRUE,BWH28,0.570929070929071
bwh28,C1b,CD8_T,401,1,5,0.917906988484857,1.14518706841995,1000,-0.290756758445184,-0.168019002081744,0.570929070929071,0.43006993006993,IDHm,Astrocytoma,2,TRUE,BWH28,0.570929070929071
bwh28,C1b,Treg,401,1,1,0.917906988484857,0.227568384033242,1000,1.6357377168048,1.3068946304799,0.159340659340659,0.841658341658342,IDHm,Astrocytoma,2,TRUE,BWH28,0.398351648351648
bwh28,C1b,IFNG,401,0,0,0,0,1000,0,,0.500499500499501,0.500499500499501,IDHm,Astrocytoma,2,TRUE,BWH28,0.570929070929071
bwh35,C1b,T_all,68,2,22,14.3178271265553,13.2169537276463,1000,0.114589654541622,0.0822927456692475,0.38961038961039,0.611388611388611,IDHm,Oligodendroglioma,2,TRUE,BWH35,0.591908091908092
bwh35,C1b,CD4_T,68,0,6,0,1.5587000297805,1000,-4.05198109831326,-0.469230466699553,0.591908091908092,0.409090909090909,IDHm,Oligodendroglioma,2,TRUE,BWH35,0.591908091908092
bwh35,C1b,CD8_T,68,5,24,35.7945678163882,13.9394812469287,1000,1.35427589749323,1.94869584507134,0.047952047952048,0.953046953046953,IDHm,Oligodendroglioma,2,TRUE,BWH35,0.23976023976024
bwh35,C1b,Treg,68,0,1,0,0,1000,0,,0.500499500499501,0.500499500499501,IDHm,Oligodendroglioma,2,TRUE,BWH35,0.591908091908092
bwh35,C1b,IFNG,68,0,0,0,0,1000,0,,0.500499500499501,0.500499500499501,IDHm,Oligodendroglioma,2,TRUE,BWH35,0.591908091908092
bwh35,APC,T_all,49,1,22,10.1428107757222,8.15795277610221,1000,0.310755592635519,0.13432650395367,0.350649350649351,0.65034965034965,IDHm,Oligodendroglioma,2,TRUE,BWH35,0.625624375624376
bwh35,APC,CD4_T,49,0,6,0,4.64060489453056,1000,-5.56699925161867,-0.559822120846376,0.632867132867133,0.368131868131868,IDHm,Oligodendroglioma,2,TRUE,BWH35,0.632867132867133
bwh35,APC,CD8_T,49,3,24,30.4284323271665,8.53422299749224,1000,1.8220152481541,1.84178476675158,0.0669330669330669,0.934065934065934,IDHm,Oligodendroglioma,2,TRUE,BWH35,0.334665334665335
bwh35,APC,Treg,49,0,1,0,0,1000,0,,0.500499500499501,0.500499500499501,IDHm,Oligodendroglioma,2,TRUE,BWH35,0.625624375624376
bwh35,APC,IFNG,49,0,0,0,0,1000,0,,0.500499500499501,0.500499500499501,IDHm,Oligodendroglioma,2,TRUE,BWH35,0.625624375624376
mgh258,C1b,T_all,577,76,193,26.5596916839159,20.8001275619621,1000,0.351148348244629,0.87467820649457,0.240759240759241,0.76023976023976,GBM,Glioblastoma,4,FALSE,MGH258,0.300949050949051
mgh258,C1b,CD4_T,577,18,26,6.29045329355903,2.51807363222319,1000,1.2874125963375,3.1251021421607,0.002997002997003,0.998001998001998,GBM,Glioblastoma,4,FALSE,MGH258,0.014985014985015
mgh258,C1b,CD8_T,577,82,156,28.6565094484356,19.2343416406532,1000,0.572722928119025,1.43719932000333,0.0849150849150849,0.916083916083916,GBM,Glioblastoma,4,FALSE,MGH258,0.212287712287712
mgh258,C1b,Treg,577,2,2,0.698939254839892,0.295896562488718,1000,1.0129622752385,1.27401012425554,0.135864135864136,0.865134865134865,GBM,Glioblastoma,4,FALSE,MGH258,0.226440226440226
mgh258,C1b,IFNG,577,0,0,0,0,1000,0,,0.500499500499501,0.500499500499501,GBM,Glioblastoma,4,FALSE,MGH258,0.500499500499501
mgh259,C1b,T_all,694,16,31,9.9892677804284,5.49922733954386,1000,0.849521813359687,1.39963230614563,0.0854145854145854,0.915584415584416,IDHm,Oligodendroglioma,3,TRUE,MGH259,0.142357642357642
mgh259,C1b,CD4_T,694,4,4,2.4973169451071,0.617486993850327,1000,1.85599748891445,2.93084880221408,0.00849150849150849,0.992507492507493,IDHm,Oligodendroglioma,3,TRUE,MGH259,0.0424575424575425
mgh259,C1b,CD8_T,694,8,9,4.9946338902142,2.07708040353244,1000,1.22658378553255,1.54940745415777,0.0784215784215784,0.922577422577423,IDHm,Oligodendroglioma,3,TRUE,MGH259,0.142357642357642
mgh259,C1b,Treg,694,1,4,0.624329236276775,0.860340224346156,1000,-0.406899998570324,-0.503121966311849,0.725774225774226,0.275224775224775,IDHm,Oligodendroglioma,3,TRUE,MGH259,0.725774225774226
mgh259,C1b,IFNG,694,0,0,0,0,1000,0,,0.500499500499501,0.500499500499501,IDHm,Oligodendroglioma,3,TRUE,MGH259,0.625624375624376
mgh259,APC,T_all,190,6,31,14.4231462651263,5.45186998201165,1000,1.38730834246252,1.75521664532473,0.0679320679320679,0.933066933066933,IDHm,Oligodendroglioma,3,TRUE,MGH259,0.113220113220113
mgh259,APC,CD4_T,190,3,4,7.21157313256314,0.61320283807118,1000,3.35779749575627,5.01006435918231,0.002997002997003,0.998001998001998,IDHm,Oligodendroglioma,3,TRUE,MGH259,0.014985014985015
mgh259,APC,CD8_T,190,5,9,12.0192885542719,2.07463007811531,1000,2.47846309688475,3.00720304930223,0.021978021978022,0.979020979020979,IDHm,Oligodendroglioma,3,TRUE,MGH259,0.054945054945055
mgh259,APC,Treg,190,0,4,0,0.776724021209951,1000,-3.13212277665932,-0.602278998036387,0.645354645354645,0.355644355644356,IDHm,Oligodendroglioma,3,TRUE,MGH259,0.645354645354645
mgh259,APC,IFNG,190,0,0,0,0,1000,0,,0.500499500499501,0.500499500499501,IDHm,Oligodendroglioma,3,TRUE,MGH259,0.625624375624376
zh1007inf,C1b,T_all,398,94,149,20.1573560410953,12.4845353175063,1000,0.68679394195502,2.1546612381748,0.013986013986014,0.987012987012987,GBM,Glioblastoma,4,FALSE,ZH1007,0.0424575424575425
zh1007inf,C1b,CD4_T,398,2,8,0.428879915767985,0.662071136075593,1000,-0.526985483377143,-0.607565135808724,0.655344655344655,0.345654345654346,GBM,Glioblastoma,4,FALSE,ZH1007,0.655344655344655
zh1007inf,C1b,CD8_T,398,68,104,14.5819171361115,8.30187978945575,1000,0.805256315172998,2.01078952519784,0.016983016983017,0.984015984015984,GBM,Glioblastoma,4,FALSE,ZH1007,0.0424575424575425
zh1007inf,C1b,Treg,398,15,25,3.21659936825988,1.67859277090762,1000,0.898968524009189,2.26307830095212,0.028971028971029,0.972027972027972,GBM,Glioblastoma,4,FALSE,ZH1007,0.0482850482850483
zh1007inf,C1b,IFNG,398,0,0,0,0,1000,0,,0.500499500499501,0.500499500499501,GBM,Glioblastoma,4,FALSE,ZH1007,0.625624375624376
zh1007inf,APC,T_all,73,18,149,28.4048319775286,15.7089823260302,1000,0.850461997629725,1.78585358170326,0.0539460539460539,0.947052947052947,GBM,Glioblastoma,4,FALSE,ZH1007,0.134865134865135
zh1007inf,APC,CD4_T,73,2,8,3.15609244194763,0.576540939029133,1000,2.2668925162447,2.10335195454788,0.0689310689310689,0.932067932067932,GBM,Glioblastoma,4,FALSE,ZH1007,0.134865134865135
zh1007inf,APC,CD8_T,73,15,104,23.6706933146072,10.9162208719641,1000,1.10955459218082,1.57788630876208,0.0809190809190809,0.92007992007992,GBM,Glioblastoma,4,FALSE,ZH1007,0.134865134865135
zh1007inf,APC,Treg,73,1,25,1.57804622097381,2.63489990005529,1000,-0.704705575305598,-0.435973364054735,0.598401598401599,0.402597402597403,GBM,Glioblastoma,4,FALSE,ZH1007,0.598401598401599
zh1007inf,APC,IFNG,73,0,0,0,0,1000,0,,0.500499500499501,0.500499500499501,GBM,Glioblastoma,4,FALSE,ZH1007,0.598401598401599
zh1007nec,C1b,T_all,144,5,32,1.65091528394257,1.91548965416806,1000,-0.203021095331937,-0.309114375426969,0.612887112887113,0.388111888111888,GBM,Glioblastoma,4,FALSE,ZH1007,0.612887112887113
zh1007nec,C1b,CD4_T,144,1,3,0.330183056788514,0.209422008555772,1000,0.47537488743109,0.531359569709147,0.471028971028971,0.52997002997003,GBM,Glioblastoma,4,FALSE,ZH1007,0.612887112887113
zh1007nec,C1b,CD8_T,144,7,25,2.3112813975196,1.76318126141999,1000,0.372031988751108,0.681743387110413,0.278221778221778,0.722777222777223,GBM,Glioblastoma,4,FALSE,ZH1007,0.612887112887113
zh1007nec,C1b,Treg,144,12,25,3.96219668146217,1.20787651067508,1000,1.63503376461698,2.32810622600501,0.0344655344655345,0.966533466533467,GBM,Glioblastoma,4,FALSE,ZH1007,0.172327672327672
zh1007nec,C1b,IFNG,144,0,0,0,0,1000,0,,0.500499500499501,0.500499500499501,GBM,Glioblastoma,4,FALSE,ZH1007,0.612887112887113
zh1007nec,APC,T_all,228,10,32,2.61936649573554,1.94415703580927,1000,0.4117645690851,0.831389986328676,0.294705294705295,0.706293706293706,GBM,Glioblastoma,4,FALSE,ZH1007,0.543456543456544
zh1007nec,APC,CD4_T,228,1,3,0.261936649573554,0.150989256778057,1000,0.528111588801122,0.742429773276023,0.495504495504496,0.505494505494506,GBM,Glioblastoma,4,FALSE,ZH1007,0.543456543456544
zh1007nec,APC,CD8_T,228,5,25,1.30968324786777,1.36616992306495,1000,-0.0566812863411091,-0.133009078665454,0.3996003996004,0.601398601398601,GBM,Glioblastoma,4,FALSE,ZH1007,0.543456543456544
zh1007nec,APC,Treg,228,4,25,1.04774659829422,1.16334589862964,1000,-0.138445540678746,-0.210504208545939,0.543456543456544,0.457542457542458,GBM,Glioblastoma,4,FALSE,ZH1007,0.543456543456544
zh1007nec,APC,IFNG,228,0,0,0,0,1000,0,,0.500499500499501,0.500499500499501,GBM,Glioblastoma,4,FALSE,ZH1007,0.543456543456544
zh1019inf,C1b,T_all,502,38,75,7.0071347383499,7.41939984927659,1000,-0.0813494693125193,-0.207712458908936,0.47952047952048,0.521478521478522,GBM,Glioblastoma,4,FALSE,ZH1019,0.834165834165834
zh1019inf,C1b,CD4_T,502,2,6,0.368796565176311,0.726956111315875,1000,-0.818848764575878,-0.92793785575103,0.845154845154845,0.155844155844156,GBM,Glioblastoma,4,FALSE,ZH1019,0.845154845154845
zh1019inf,C1b,CD8_T,502,20,46,3.68796565176311,4.69911538710883,1000,-0.341345251881061,-0.772586288321697,0.812187812187812,0.188811188811189,GBM,Glioblastoma,4,FALSE,ZH1019,0.845154845154845
zh1019inf,C1b,Treg,502,4,4,0.737593130352621,0.204820355590657,1000,1.4582903620915,2.32640420337988,0.037962037962038,0.963036963036963,GBM,Glioblastoma,4,FALSE,ZH1019,0.18981018981019
zh1019inf,C1b,IFNG,502,0,0,0,0,1000,0,,0.500499500499501,0.500499500499501,GBM,Glioblastoma,4,FALSE,ZH1019,0.834165834165834
zh1019inf,APC,T_all,74,8,75,17.3354916020378,7.4559193856764,1000,1.20634782740016,1.73703623089444,0.0974025974025974,0.903596403596404,GBM,Glioblastoma,4,FALSE,ZH1019,0.246003996003996
zh1019inf,APC,CD4_T,74,1,6,2.16693645025472,0.596294882660712,1000,1.70297362248636,1.54261482661233,0.148351648351648,0.852647352647353,GBM,Glioblastoma,4,FALSE,ZH1019,0.247252747252747
zh1019inf,APC,CD8_T,74,5,46,10.8346822512736,4.61381018717065,1000,1.21394572670322,1.61224705344482,0.0984015984015984,0.902597402597403,GBM,Glioblastoma,4,FALSE,ZH1019,0.246003996003996
zh1019inf,APC,Treg,74,0,4,0,0.454318673583008,1000,-2.47071560916164,-0.561566425340014,0.622377622377622,0.378621378621379,GBM,Glioblastoma,4,FALSE,ZH1019,0.622377622377622
zh1019inf,APC,IFNG,74,0,0,0,0,1000,0,,0.500499500499501,0.500499500499501,GBM,Glioblastoma,4,FALSE,ZH1019,0.622377622377622
zh1019t1,C1b,T_all,145,7,48,3.0305719771668,3.03178311625604,1000,-0.000558034270998907,-0.000966493369914856,0.465034965034965,0.535964035964036,GBM,Glioblastoma,4,FALSE,ZH1019,0.649350649350649
zh1019t1,C1b,CD4_T,145,8,33,3.46351083104778,2.53962989217742,1000,0.432963648759778,0.706280995979507,0.251248751248751,0.74975024975025,GBM,Glioblastoma,4,FALSE,ZH1019,0.628121878121878
zh1019t1,C1b,CD8_T,145,5,22,2.16469426940486,1.53060486510411,1000,0.473909076991919,0.625804999630822,0.219280719280719,0.781718281718282,GBM,Glioblastoma,4,FALSE,ZH1019,0.628121878121878
zh1019t1,C1b,Treg,145,0,8,0,0.495703506251609,1000,-2.57459445066604,-1.46334116901793,0.886613386613387,0.114385614385614,GBM,Glioblastoma,4,FALSE,ZH1019,0.886613386613387
zh1019t1,C1b,IFNG,145,0,4,0,0.0683065709559716,1000,-0.75109150287426,-0.1940390692935,0.51948051948052,0.481518481518482,GBM,Glioblastoma,4,FALSE,ZH1019,0.649350649350649
zh8811a,C1b,T_all,662,29,77,2.75232039590895,3.20573860633252,1000,-0.212836605185076,-0.585021681190149,0.62987012987013,0.371128871128871,GBM,Glioblastoma,4,FALSE,ZH881,0.62987012987013
zh8811a,C1b,CD4_T,662,41,102,3.8912115942161,3.78953141356194,1000,0.0372304066050544,0.112098110800992,0.415084915084915,0.585914085914086,GBM,Glioblastoma,4,FALSE,ZH881,0.625624375624376
zh8811a,C1b,CD8_T,662,40,87,3.79630399435717,3.74392068303374,1000,0.0195276753423974,0.0856688529114102,0.47002997002997,0.530969030969031,GBM,Glioblastoma,4,FALSE,ZH881,0.625624375624376
zh8811a,C1b,Treg,662,91,161,8.63659158716257,7.60094743445423,1000,0.182034600779221,1.16718215600324,0.126373626373626,0.874625374625375,GBM,Glioblastoma,4,FALSE,ZH881,0.625624375624376
zh8811a,C1b,IFNG,662,0,0,0,0,1000,0,,0.500499500499501,0.500499500499501,GBM,Glioblastoma,4,FALSE,ZH881,0.625624375624376
zh8811a,APC,T_all,593,15,77,2.07078152122924,1.93242756911376,1000,0.0950105939129585,0.602529619101505,0.377122877122877,0.623876123876124,GBM,Glioblastoma,4,FALSE,ZH881,0.834165834165834
zh8811a,APC,CD4_T,593,14,102,1.93272941981396,2.06417564141416,1000,-0.0903994027018754,-0.722505126898309,0.86963036963037,0.131368631368631,GBM,Glioblastoma,4,FALSE,ZH881,0.86963036963037
zh8811a,APC,CD8_T,593,11,87,1.51857311556811,1.69885185540404,1000,-0.152353840537533,-0.414468198701365,0.700799200799201,0.3001998001998,GBM,Glioblastoma,4,FALSE,ZH881,0.86963036963037
zh8811a,APC,Treg,593,23,161,3.1751983325515,3.09316306167786,1000,0.0365960456990364,0.382527758824607,0.477022977022977,0.523976023976024,GBM,Glioblastoma,4,FALSE,ZH881,0.834165834165834
zh8811a,APC,IFNG,593,0,0,0,0,1000,0,,0.500499500499501,0.500499500499501,GBM,Glioblastoma,4,FALSE,ZH881,0.834165834165834
zh8811b,C1b,T_all,746,36,89,2.71085235523371,2.8186019534658,1000,-0.0542697900345472,-0.122070282726113,0.422077922077922,0.578921078921079,GBM,Glioblastoma,4,FALSE,ZH881,0.653721278721279
zh8811b,C1b,CD4_T,746,52,134,3.91567562422647,4.68566390173733,1000,-0.253076342770449,-0.73120068179518,0.750749250749251,0.25024975024975,GBM,Glioblastoma,4,FALSE,ZH881,0.750749250749251
zh8811b,C1b,CD8_T,746,43,75,3.23796253541804,2.65376271047618,1000,0.27756351333465,0.930349239899469,0.17032967032967,0.830669330669331,GBM,Glioblastoma,4,FALSE,ZH881,0.653721278721279
zh8811b,C1b,Treg,746,84,158,6.32532216221198,6.34191569326831,1000,-0.00372098790829081,-0.0119726868200508,0.522977022977023,0.478021978021978,GBM,Glioblastoma,4,FALSE,ZH881,0.653721278721279
zh8811b,C1b,IFNG,746,0,0,0,0,1000,0,,0.500499500499501,0.500499500499501,GBM,Glioblastoma,4,FALSE,ZH881,0.653721278721279
zh8811b,APC,T_all,464,13,89,1.79111173202984,3.10920474126968,1000,-0.76298122964871,-1.34045406296527,0.824675324675325,0.176323676323676,GBM,Glioblastoma,4,FALSE,ZH881,0.994505494505495
zh8811b,APC,CD4_T,464,17,134,2.34222303419287,3.2814218412015,1000,-0.469435048043143,-1.16527085556293,0.863636363636364,0.137362637362637,GBM,Glioblastoma,4,FALSE,ZH881,0.994505494505495
zh8811b,APC,CD8_T,464,7,75,0.964444778785301,1.99846111055519,1000,-0.979230619254121,-1.74326679776315,0.994505494505495,0.00649350649350649,GBM,Glioblastoma,4,FALSE,ZH881,0.994505494505495
zh8811b,APC,Treg,464,23,158,3.16888998743742,4.6207437721296,1000,-0.5302133550173,-1.60394479019057,0.881618381618382,0.119380619380619,GBM,Glioblastoma,4,FALSE,ZH881,0.994505494505495
zh8811b,APC,IFNG,464,0,0,0,0,1000,0,,0.500499500499501,0.500499500499501,GBM,Glioblastoma,4,FALSE,ZH881,0.994505494505495
zh8812,C1b,T_all,382,25,83,5.22031395385744,5.36090140430464,1000,-0.0376277271700197,-0.107907549443884,0.555444555444555,0.445554445554446,GBM,Glioblastoma,4,FALSE,ZH881,0.725274725274725
zh8812,C1b,CD4_T,382,5,20,1.04406279077149,1.17657733152869,1000,-0.158114699672074,-0.243309456440671,0.593406593406593,0.407592407592408,GBM,Glioblastoma,4,FALSE,ZH881,0.725274725274725
zh8812,C1b,CD8_T,382,10,41,2.08812558154297,2.67864624501818,1000,-0.344686633771222,-0.704986505604577,0.725274725274725,0.275724275724276,GBM,Glioblastoma,4,FALSE,ZH881,0.725274725274725
zh8812,C1b,Treg,382,0,3,0,0.125276262917313,1000,-1.17169530657995,-0.642353977557162,0.655844155844156,0.345154845154845,GBM,Glioblastoma,4,FALSE,ZH881,0.725274725274725
zh8812,C1b,IFNG,382,0,1,0,0.043234744696543,1000,-0.518381492052821,-0.342942036050906,0.553446553446554,0.447552447552448,GBM,Glioblastoma,4,FALSE,ZH881,0.725274725274725
zh881inf,C1b,T_all,410,10,17,6.73894862966849,5.08747648741535,1000,0.398741660441912,1.04505341716141,0.160839160839161,0.84015984015984,GBM,Glioblastoma,4,FALSE,ZH881,0.751248751248751
zh881inf,C1b,CD4_T,410,2,6,1.3477897259337,1.71601311073511,1000,-0.326922534714579,-0.414752572204537,0.718281718281718,0.282717282717283,GBM,Glioblastoma,4,FALSE,ZH881,0.751248751248751
zh881inf,C1b,CD8_T,410,3,9,2.02168458890055,2.71859603865643,1000,-0.409766525439475,-0.57038483928741,0.751248751248751,0.24975024975025,GBM,Glioblastoma,4,FALSE,ZH881,0.751248751248751
zh881inf,C1b,Treg,410,1,1,0.673894862966849,0.497033784359386,1000,0.374325011587408,0.441805015201943,0.61038961038961,0.390609390609391,GBM,Glioblastoma,4,FALSE,ZH881,0.751248751248751
zh881inf,C1b,IFNG,410,0,1,0,0.245132533456121,1000,-1.78715047389967,-0.617844484713255,0.640859140859141,0.36013986013986,GBM,Glioblastoma,4,FALSE,ZH881,0.751248751248751
zh881t1,C1b,T_all,821,22,71,3.21596145991786,3.17877228689589,1000,0.0162715300714581,0.051606241680503,0.496503496503497,0.504495504495505,GBM,Glioblastoma,4,FALSE,ZH881,0.774225774225774
zh881t1,C1b,CD4_T,821,16,47,2.33888106175845,2.7243105975854,1000,-0.211679351515493,-0.548278660603587,0.69030969030969,0.310689310689311,GBM,Glioblastoma,4,FALSE,ZH881,0.774225774225774
zh881t1,C1b,CD8_T,821,17,64,2.48506112811835,3.10898102674954,1000,-0.311916863748637,-0.909627170017045,0.774225774225774,0.226773226773227,GBM,Glioblastoma,4,FALSE,ZH881,0.774225774225774
zh881t1,C1b,Treg,821,125,204,18.2725082949879,12.2719462792123,1000,0.57047612875477,2.92710291230972,0.002997002997003,0.998001998001998,GBM,Glioblastoma,4,FALSE,ZH881,0.014985014985015
zh881t1,C1b,IFNG,821,0,0,0,0,1000,0,,0.500499500499501,0.500499500499501,GBM,Glioblastoma,4,FALSE,ZH881,0.774225774225774
zh881t1,APC,T_all,345,13,71,5.24617049731275,3.66004128789428,1000,0.507757344206241,1.27334300511205,0.14035964035964,0.860639360639361,GBM,Glioblastoma,4,FALSE,ZH881,0.350899100899101
zh881t1,APC,CD4_T,345,1,47,0.403551576716365,1.51229528884873,1000,-1.67890453471694,-0.842416865679926,0.732767232767233,0.268231768231768,GBM,Glioblastoma,4,FALSE,ZH881,0.732767232767233
zh881t1,APC,CD8_T,345,16,64,6.45682522746185,3.79192028876894,1000,0.752515277974923,1.61604723051076,0.0974025974025974,0.903596403596404,GBM,Glioblastoma,4,FALSE,ZH881,0.350899100899101
zh881t1,APC,Treg,345,24,204,9.68523784119277,9.1542023252207,1000,0.0804982766186103,0.168718170104311,0.387112887112887,0.613886113886114,GBM,Glioblastoma,4,FALSE,ZH881,0.625624375624376
zh881t1,APC,IFNG,345,0,0,0,0,1000,0,,0.500499500499501,0.500499500499501,GBM,Glioblastoma,4,FALSE,ZH881,0.625624375624376
zh916bulk,C1b,T_all,556,173,306,18.7178287318671,13.4161866616816,1000,0.477411994668677,1.72222655750897,0.0619380619380619,0.939060939060939,GBM,Glioblastoma,4,FALSE,ZH916,0.0774225774225774
zh916bulk,C1b,CD4_T,556,72,121,7.7900790097944,5.0183434164253,1000,0.62436279861337,2.09081959429549,0.010989010989011,0.99000999000999,GBM,Glioblastoma,4,FALSE,ZH916,0.0432900432900433
zh916bulk,C1b,CD8_T,556,126,239,13.6326382671402,9.50072550856068,1000,0.516393480926756,1.72081746575246,0.025974025974026,0.975024975024975,GBM,Glioblastoma,4,FALSE,ZH916,0.0432900432900433
zh916bulk,C1b,Treg,556,66,110,7.1409057589782,5.71745688465856,1000,0.31578156081955,1.75759803058298,0.025974025974026,0.975024975024975,GBM,Glioblastoma,4,FALSE,ZH916,0.0432900432900433
zh916bulk,C1b,IFNG,556,0,0,0,0,1000,0,,0.500499500499501,0.500499500499501,GBM,Glioblastoma,4,FALSE,ZH916,0.500499500499501
zh916bulk,APC,T_all,624,135,306,23.989078039314,14.2251346094626,1000,0.749830482735782,2.22794432465813,0.0394605394605395,0.961538461538461,GBM,Glioblastoma,4,FALSE,ZH916,0.0986513486513487
zh916bulk,APC,CD4_T,624,43,121,7.64096559770743,3.58618508518506,1000,1.07038502622443,3.07642366515212,0.0044955044955045,0.996503496503496,GBM,Glioblastoma,4,FALSE,ZH916,0.0224775224775225
zh916bulk,APC,CD8_T,624,117,239,20.7905343007388,12.5447888051599,1000,0.72430645042162,1.69290834254647,0.0624375624375624,0.938561438561439,GBM,Glioblastoma,4,FALSE,ZH916,0.104062604062604
zh916bulk,APC,Treg,624,29,110,5.15320935659338,4.99686101547856,1000,0.043590068052021,0.138940499118206,0.524975024975025,0.476023976023976,GBM,Glioblastoma,4,FALSE,ZH916,0.524975024975025
zh916bulk,APC,IFNG,624,0,0,0,0,1000,0,,0.500499500499501,0.500499500499501,GBM,Glioblastoma,4,FALSE,ZH916,0.524975024975025
zh916inf,C1b,T_all,149,2,19,3.89319411271186,2.43537239573722,1000,0.655345538386315,0.673519135821886,0.252747252747253,0.748251748251748,GBM,Glioblastoma,4,FALSE,ZH916,0.591408591408591
zh916inf,C1b,CD4_T,149,2,5,3.89319411271186,1.98818639698458,1000,0.935292707970688,1.09285926177451,0.134865134865135,0.866133866133866,GBM,Glioblastoma,4,FALSE,ZH916,0.591408591408591
zh916inf,C1b,CD8_T,149,1,8,1.94659705635593,1.6327955101126,1000,0.240125675879241,0.175115931862115,0.420579420579421,0.58041958041958,GBM,Glioblastoma,4,FALSE,ZH916,0.591408591408591
zh916inf,C1b,Treg,149,0,2,0,0.402590676806293,1000,-2.32938390908152,-0.461213532907955,0.591408591408591,0.40959040959041,GBM,Glioblastoma,4,FALSE,ZH916,0.591408591408591
zh916inf,C1b,IFNG,149,0,0,0,0,1000,0,,0.500499500499501,0.500499500499501,GBM,Glioblastoma,4,FALSE,ZH916,0.591408591408591
zh916t1,C1b,T_all,713,414,820,33.0580967303865,29.8199499835848,1000,0.148253435227307,1.23797127061283,0.127872127872128,0.873126873126873,GBM,Glioblastoma,4,FALSE,ZH916,0.296370296370296
zh916t1,C1b,CD4_T,713,139,288,11.0992160519897,9.9210302667733,1000,0.16036690648751,0.931350131327517,0.148851148851149,0.852147852147852,GBM,Glioblastoma,4,FALSE,ZH916,0.296370296370296
zh916t1,C1b,CD8_T,713,327,568,26.1111053884937,23.7281314224274,1000,0.137512375740004,1.39603733264337,0.177822177822178,0.823176823176823,GBM,Glioblastoma,4,FALSE,ZH916,0.296370296370296
zh916t1,C1b,Treg,713,171,294,13.6544312582031,13.3999874190364,1000,0.0269384230658603,0.557249064172555,0.283716283716284,0.717282717282717,GBM,Glioblastoma,4,FALSE,ZH916,0.354645354645355
zh916t1,C1b,IFNG,713,0,0,0,0,1000,0,,0.500499500499501,0.500499500499501,GBM,Glioblastoma,4,FALSE,ZH916,0.500499500499501
zh916t1,APC,T_all,258,166,820,60.0878658346549,38.9762796012161,1000,0.623179545154165,1.67016550994407,0.0779220779220779,0.923076923076923,GBM,Glioblastoma,4,FALSE,ZH916,0.12987012987013
zh916t1,APC,CD4_T,258,61,288,22.0804808187587,13.2514544804301,1000,0.732293725198457,1.73322366453291,0.058941058941059,0.942057942057942,GBM,Glioblastoma,4,FALSE,ZH916,0.12987012987013
zh916t1,APC,CD8_T,258,106,568,38.3693601112856,21.5447530253135,1000,0.829692493486231,1.70042669097115,0.0619380619380619,0.939060939060939,GBM,Glioblastoma,4,FALSE,ZH916,0.12987012987013
zh916t1,APC,Treg,258,33,294,11.9451781478531,9.43138372052396,1000,0.337698153162777,1.21246031718393,0.104895104895105,0.896103896103896,GBM,Glioblastoma,4,FALSE,ZH916,0.131118881118881
zh916t1,APC,IFNG,258,0,0,0,0,1000,0,,0.500499500499501,0.500499500499501,GBM,Glioblastoma,4,FALSE,ZH916,0.500499500499501
