sample_id,cohort,histology,who_grade,spots_in_tissue,spots_pass,spots_isolated_removed,genes_kept,thr_umi,thr_gene,thr_mt,median_umi,median_genes,median_pct_mt
bwh23,IDHm,Oligodendroglioma,3,965,894,0,13891,2626,1324,19.3,7225.5,2881,8.52
bwh24,IDHm,Astrocytoma,4,3105,2878,3,15556,500,372,10,3582.5,1802,4.89
bwh25,IDHm,Astrocytoma,4,2607,2201,7,14829,500,250,25.7,3023,1608,11.21
bwh28,IDHm,Astrocytoma,2,2637,2114,8,13300,500,250,20.8,1992.5,1112,10.14
bwh35,IDHm,Oligodendroglioma,2,1300,1209,3,11830,674,442,20.3,1920,1025,13.56
mgh258,GBM,Glioblastoma,4,2397,2194,1,14865,1028,632,15,4944,2168.5,8.34
mgh259,IDHm,Oligodendroglioma,3,3464,3094,2,13691,500,250,17.3,2198.5,993,9.36
zh1007inf,GBM,Glioblastoma,4,1436,1345,2,14729,715,515,15.8,6340,2430,8.76
zh1007nec,GBM,Glioblastoma,4,955,876,0,14983,5651,2273,12.9,16225,4530,6.95
zh1019inf,GBM,Glioblastoma,4,1726,1675,1,15253,544,429,26.3,6562,2610,13.08
zh1019t1,GBM,Glioblastoma,4,1112,1066,0,15491,4444,2129,16.7,13485.5,4148,9.43
zh8811a,GBM,Glioblastoma,4,2486,2362,0,16559,721,765,18.1,10293,3921.5,8.08
zh8811b,GBM,Glioblastoma,4,2595,2479,2,16774,500,608,14.8,11368,4088,7.35
zh8812,GBM,Glioblastoma,4,2343,1976,1,15786,1780,1041,15.5,7520.5,2973,9.91
zh881inf,GBM,Glioblastoma,4,1387,1245,4,13003,500,250,21.6,2185,1256,9.83
zh881t1,GBM,Glioblastoma,4,2792,2609,0,16619,2204,1436,13.5,7715,3508,7.76
zh916bulk,GBM,Glioblastoma,4,2199,1983,3,16810,827,782,10,8722,3602,4.84
zh916inf,GBM,Glioblastoma,4,1280,1258,0,14045,500,397,30,3332.5,1706.5,14.11
zh916t1,GBM,Glioblastoma,4,2780,2510,7,17100,500,668,10.1,11879,4525,5.17
