signature,n_genes,genes
T_cell,15,CD3D;CD3E;CD3G;CD2;CD247;TRAC;CD8A;CD8B;GZMK;GZMA;CCL5;NKG7;IL7R;LCK;CD96
Endothelial,12,VWF;CLDN5;CDH5;ESAM;FLT1;KDR;EGFL7;EMCN;PLVAP;TIE1;ENG;ERG
Pericyte,12,RGS5;PDGFRB;KCNJ8;ABCC9;NOTCH3;CSPG4;MCAM;HIGD1B;ACTA2;MYL9;TAGLN;DES
IFN_response,18,ISG15;IFIT1;IFIT2;IFIT3;IFI6;IFI44L;MX1;MX2;OAS1;OAS2;OAS3;RSAD2;IFI27;STAT1;IRF7;XAF1;HERC5;CMPK2
Hypoxia,17,VEGFA;ADM;NDRG1;BNIP3;CA9;PGK1;SLC2A1;P4HA1;ERO1A;ANKRD37;EGLN3;BHLHE40;ANGPTL4;LOX;PDK1;ENO2;HILPDA
Inflammation,16,IL1B;TNF;CXCL8;CCL3;CCL4;CCL2;NFKBIA;PTGS2;IL6;CXCL2;CXCL3;IER3;SOD2;ICAM1;NFKBIZ;IL1RN
TAM_microglia,11,P2RY12;TMEM119;CX3CR1;SALL1;GPR34;SELPLG;OLFML3;P2RY13;CSF1R;SLC2A5;SIGLEC8
TAM_monocyte,11,FCN1;VCAN;S100A8;S100A9;S100A12;CCR2;SELL;EREG;CD36;CLEC12A;LILRA5
TAM_SPP1_lipid,11,SPP1;APOE;APOC1;GPNMB;LPL;FABP5;TREM2;CTSB;ACP5;CD9;PLD3
TAM_C1Q,8,C1QA;C1QB;C1QC;SELENOP;FOLR2;LYVE1;F13A1;MAF
