sample_id,rho,ess,p,cohort,who_grade,q
idha04,0.0523887428129884,224.917429432176,0.434304916872783,IDHm,2,0.461448974177332
idha05,0.0644145025239043,180.276406289188,0.389925903850693,IDHm,2,0.461448974177332
idha06,-0.146959273842919,854.504132182722,1.61018622997366e-05,IDHm,2,0.000136865829547761
idha07,0.0599191171093082,2752.00860656719,0.00166240197894629,IDHm,3,0.00471013894034783
idha08,0.0379530938879778,1589.16844393275,0.130449741415631,IDHm,4,0.170588123389671
idha09,0.211014269976446,296.627686205885,0.000251991077194373,IDHm,4,0.00107096207807608
idha10,-0.203875367420643,1133.84089752229,4.19813063533883e-12,IDHm,3,7.13682208007601e-11
idha11,-0.282415973428203,114.648977333863,0.00226401201676319,IDHm,3,0.00549831489785345
idha12,0.170091382846265,552.483528097533,5.86309113538735e-05,IDHm,3,0.000332241831005283
idha13,-0.00175697889982305,500.582820946997,0.968721454336569,IDHm,3,0.968721454336569
idha14,-0.0820365395983095,817.500935544998,0.0189785135227729,IDHm,3,0.0358483033207932
idha15,-0.269579989726655,167.853163175565,0.000412192907340803,IDHm,3,0.00140145588495873
idha16,0.624653536332038,18.4045105955775,0.00499688693353843,IDHm,4,0.0106183847337692
idha17,0.103770533127633,61.3432425680723,0.424760237748512,IDHm,2,0.461448974177332
idho03,0.290528559269932,51.145718399427,0.0383307650911587,IDHm,3,0.0543019172124748
idho05,0.159392707428018,169.650122160071,0.0380777639922921,IDHm,3,0.0543019172124748
idho08,-0.0760262419482331,745.344010192548,0.0379761623488128,IDHm,2,0.0543019172124748
