MP,cohort,k,n_above95,n_below5,mean_rho_C1b,mean_rho_random,p_above,p_below,q_above,q_below
Neuron,IDHm,17,0,14,0.115441359048235,0.289708960003706,1,3.59614562988282e-16,1,2.51730194091797e-15
Vasc,IDHm,17,16,1,0.318447954719534,0.171507302952479,2.47192382812501e-20,0.581879664780823,1.73034667968751e-19,0.740574118811956
MES.Hyp,IDHm,17,7,2,0.3975087989246,0.359221273693286,9.72842154133831e-06,0.207771996426822,2.26996502631227e-05,0.323200883330612
Mac,IDHm,17,17,0,0.487223756702507,0.167208895702861,7.62939453125004e-23,1,1.06811523437501e-21,1
Oligo,IDHm,17,5,0,0.2669362102232,0.213499792843366,0.00116464145890292,1,0.00232928291780585,1
MES,IDHm,17,15,1,0.491820117593373,0.324718289943754,3.77044677734376e-18,0.581879664780823,1.31965637207032e-17,0.740574118811956
Prolif.Metab,IDHm,17,0,10,0.270617878323427,0.330400660400352,1,1.37190966655426e-09,1,4.80168383293992e-09
MES.Ast,IDHm,17,4,2,0.345643596264762,0.325974592767635,0.00880060494768557,0.207771996426822,0.013689829918622,0.323200883330612
Reactive.Ast,IDHm,17,15,0,0.520422071881362,0.358065461089319,3.77044677734376e-18,1,1.31965637207032e-17,1
NPC,IDHm,17,0,15,0.125755264569516,0.300138367915083,1,3.77044677734376e-18,1,5.27862548828127e-17
Inflammatory.Mac,IDHm,17,12,2,0.280096323369976,0.203683897149151,1.19300675445557e-12,0.207771996426822,3.34041891247559e-12,0.323200883330612
chromatin.reg,IDHm,17,1,2,0.226075728749814,0.227407609413868,0.581879664780823,0.207771996426822,0.740574118811956,0.323200883330612
OPC,IDHm,17,3,11,0.316148134128104,0.357446015872179,0.0502529781725056,4.56143799887084e-11,0.0703541694415079,2.12867106613972e-10
AC,IDHm,17,4,8,0.36923693653662,0.362323838254568,0.00880060494768557,6.31362170785192e-07,0.013689829918622,1.76781407819854e-06
Neuron,LGG,14,0,12,0.112408269705687,0.312503324244233,1,2.0213623046875e-14,1,1.41495361328125e-13
Vasc,LGG,14,14,0,0.297691659335599,0.132981425677382,6.10351562499999e-19,1,2.84830729166666e-18,1
MES.Hyp,LGG,14,6,1,0.392418905927472,0.346434542956038,3.30906839186566e-05,0.512325020884471,7.72115958101988e-05,0.796950032486955
Mac,LGG,14,14,0,0.452800636332085,0.11928961101946,6.10351562499999e-19,1,2.84830729166666e-18,1
Oligo,LGG,14,4,0,0.292914191397016,0.225839787406155,0.00417323844698773,1,0.0064917042508698,1
MES,LGG,14,14,0,0.485814257150151,0.286189636081686,6.10351562499999e-19,1,2.84830729166666e-18,1
Prolif.Metab,LGG,14,0,8,0.261540648890574,0.326391686885524,1,8.93364941137696e-08,1,3.12677729398194e-07
MES.Ast,LGG,14,4,1,0.321902530862859,0.293912017440517,0.00417323844698773,0.512325020884471,0.0064917042508698,0.796950032486955
Reactive.Ast,LGG,14,13,0,0.505669182304002,0.330129521596917,1.62963867187501e-16,1,5.70373535156252e-16,1
NPC,LGG,14,0,13,0.119399792981931,0.318577840269607,1,1.62963867187501e-16,1,2.28149414062501e-15
Inflammatory.Mac,LGG,14,10,1,0.255999239520038,0.16679791030708,8.11652313232425e-11,0.512325020884471,2.27262647705079e-10,0.796950032486955
chromatin.reg,LGG,14,1,2,0.202685165299992,0.204250461932621,0.512325020884471,0.152985562588817,0.652050026580236,0.356966312707239
OPC,LGG,14,3,8,0.359820202246527,0.389406990986228,0.0300536426455666,8.93364941137696e-08,0.0420750997037933,3.12677729398194e-07
AC,LGG,14,4,5,0.414683773693422,0.38750319987327,0.00417323844698773,0.000427390470877616,0.0064917042508698,0.00119669331845733
