term,Estimate,Std. Error,df,t value,Pr(>|t|),cohort
(Intercept),-0.00853117887268113,0.00623052489825081,44600.0000000371,-1.36925524125202,0.170926398528396,IDHm
cna_classintermediate,-0.159542785364053,0.0198258000879332,44600.0000000505,-8.04723061144742,8.67633569472501e-16,IDHm
cna_classmalignant,0.0515297585129197,0.0100377757921371,44600.000000027,5.13358333359911,2.85468571436102e-07,IDHm
(Intercept),0.0366301242342227,0.00587391924856308,44597.9999997926,6.23606193482885,4.52736640845274e-10,IDHm_macadj
cna_classintermediate,-0.124439264090794,0.0185590987316085,44597.9999994158,-6.70502732327501,2.03763256888797e-11,IDHm_macadj
cna_classmalignant,-0.0797215467579781,0.00961649866623079,44597.999999668,-8.29008036344117,1.16294149257414e-16,IDHm_macadj
scale(MP_Mac),0.334743955215906,0.00519230991552363,44597.9999996962,64.4691785856445,0,IDHm_macadj
scale(MP_Inflammatory.Mac),0.0529125612789297,0.00510536829705917,44597.9999995116,10.3641026856787,3.85682513827194e-25,IDHm_macadj
(Intercept),0.0143097545580057,0.00631680373102236,35889.9999995846,2.2653473445327,0.0234973060531604,LGG
cna_classintermediate,-0.143488902170857,0.0209928595797679,35889.999999451,-6.83512894589863,8.32390214921942e-12,LGG
cna_classmalignant,-0.0186361013056785,0.0126105984992663,35889.9999991835,-1.47781259602887,0.139466721067941,LGG
(Intercept),-0.031973065692762,0.00587706312254486,35887.9999989084,-5.44031347393749,5.35340393020615e-08,LGG_macadj
cna_classintermediate,-0.0556496203917619,0.0194945199792531,35887.9999989798,-2.85462891371455,0.0043111824067221,LGG_macadj
cna_classmalignant,0.153470045496502,0.0118834486610562,35887.9999991127,12.9146050000996,4.52745525052086e-38,LGG_macadj
scale(MP_Mac),0.393146566247514,0.00588502306274082,35887.999999031,66.8045922770631,0,LGG_macadj
scale(MP_Inflammatory.Mac),-0.0123208785669329,0.00584236929629262,35887.9999992496,-2.10888390344502,0.0349615133703975,LGG_macadj
