pair,cohort,k,mean_z,stouffer_z,n_pos,p,q
MHCII-CD4,IDHm,16,1.53284800035824,6.13139200143295,5,8.71134624934599e-10,3.92010581220569e-09
LGALS9-HAVCR2,IDHm,16,0.514426156047563,2.05770462419025,0,0.039618496218526,0.0891416164916835
SPP1-CD44,IDHm,17,1.53402433854039,6.32494438007028,5,2.53323812406681e-10,2.27991431166013e-09
CD80-CD28,IDHm,1,-0.757184264132101,-0.757184264132101,0,0.44893947631225,0.595123904328358
CD86-CD28,IDHm,2,-0.220589118373728,-0.31196012291605,0,0.755070829302674,0.755070829302674
CD274-PDCD1,IDHm,1,-0.734122391433042,-0.734122391433042,0,0.462874147810945,0.595123904328358
PDCD1LG2-PDCD1,IDHm,1,0.528296209289254,0.528296209289254,0,0.597293762226696,0.671955482505033
CD48-CD2,IDHm,2,3.35493568567506,4.74459554757114,1,2.08923347693812e-06,6.26770043081437e-06
CD48-CD244,IDHm,1,-0.988336681997737,-0.988336681997737,0,0.322987786129896,0.581378015033812
MHCII-CD4,LGG,13,1.31146455410626,4.72855269578364,2,2.26125940901077e-06,5.27627195435846e-06
LGALS9-HAVCR2,LGG,13,0.471636954091649,1.7005112213811,0,0.0890348074958182,0.155810913117682
SPP1-CD44,LGG,14,1.5063368582637,5.63619643269222,4,1.73847070217101e-08,1.21692949151971e-07
CD274-PDCD1,LGG,1,-0.734122391433042,-0.734122391433042,0,0.462874147810945,0.540019839112769
PDCD1LG2-PDCD1,LGG,1,0.528296209289254,0.528296209289254,0,0.597293762226696,0.597293762226696
CD48-CD2,LGG,1,5.38911576816013,5.38911576816013,1,7.08051863786467e-08,2.47818152325263e-07
CD48-CD244,LGG,1,-0.988336681997737,-0.988336681997737,0,0.322987786129896,0.452182900581854
