cohort,MP,type,estimate,se,ci_lb,ci_ub,p,k,I2,rho,rho_lb,rho_ub,q
IDHm,Neuron,rho,0.124399836149549,0.03919177619958,0.047585366308218,0.20121430599088,0.00150285787737996,17,,0.123762074625075,0.0475494818976334,0.198542040270655,0.00150285787737996
IDHm,Neuron,partial_rho_macadj,0.143321700686941,0.0267318038568373,0.0909283278857505,0.195715073488131,8.25485228889135e-08,17,,0.142348368302015,0.0906785566090018,0.193253861214702,8.25485228889135e-08
IDHm,Vasc,rho,0.292455317506852,0.0210146749343795,0.251267311488651,0.333643323525052,5.01400646623122e-44,17,,0.284393117838891,0.246109583735564,0.321790656192831,1.75490226318093e-43
IDHm,Vasc,partial_rho_macadj,0.16006003783894,0.0152276235815966,0.130214444048878,0.189905631629002,7.67410455315714e-26,17,,0.158707030465656,0.129483438145985,0.187655162241041,1.84178509275771e-25
IDHm,MES.Hyp,rho,0.397357808887046,0.0352933185286763,0.328184175675941,0.466531442098152,2.09768897822806e-29,17,,0.377685934476393,0.316888235485372,0.435392529868614,4.89460761586548e-29
IDHm,MES.Hyp,partial_rho_macadj,0.308433359752643,0.0281971253569416,0.253168009585476,0.36369870991981,7.54641072591591e-28,17,,0.299011195714028,0.247894319674004,0.348467789315308,2.26392321777477e-27
IDHm,Mac,rho,0.495983388645532,0.0317526571984155,0.433749324123191,0.558217453167873,5.30250494063539e-55,17,,0.458952445220512,0.408449904609384,0.506653659095243,3.71175345844478e-54
IDHm,Oligo,rho,0.270587943327159,0.0357505765855882,0.200518100792865,0.340657785861453,3.76770349395808e-14,17,,0.264171833036618,0.19787318639986,0.328064512208823,5.27478489154131e-14
IDHm,Oligo,partial_rho_macadj,0.173584197624602,0.028097224939868,0.11851464867694,0.228653746572264,6.49254168034888e-10,17,,0.171861508290326,0.117962873898957,0.224750489273859,7.79105001641865e-10
IDHm,MES,rho,0.503000447213989,0.0325532545402815,0.439197240735472,0.566803653692505,7.35733829242443e-54,17,,0.464473577783918,0.412978815534221,0.513008000716675,3.43342453646474e-53
IDHm,MES,partial_rho_macadj,0.387331242534509,0.0315927496060475,0.325410591134064,0.449251893934954,1.48260382373901e-34,17,,0.3690572375754,0.314390980708211,0.421283867106496,8.89562294243405e-34
IDHm,Prolif.Metab,rho,0.253658053736086,0.0275964090418217,0.19957008591148,0.307746021560692,3.86662870771572e-20,17,,0.248354193928611,0.196962119270378,0.298385182284784,6.76660023850251e-20
IDHm,Prolif.Metab,partial_rho_macadj,0.21389016757486,0.0233009265439662,0.168221190742273,0.259559144407448,4.33216395281308e-20,17,,0.210687017178231,0.166652153716903,0.253883139291942,8.66432790562616e-20
IDHm,MES.Ast,rho,0.32337107378854,0.0277562203059222,0.268969881641973,0.377772265935107,2.28383825973465e-31,17,,0.312551876006644,0.262666048301631,0.360771245575982,6.39474712725702e-31
IDHm,MES.Ast,partial_rho_macadj,0.254612830112278,0.0210154842511065,0.213423237862441,0.295802422362116,8.74429961236569e-34,17,,0.249249867226838,0.210240770150205,0.287466573629252,3.49771984494627e-33
IDHm,Reactive.Ast,rho,0.539856097795953,0.0275180868375594,0.485921638670891,0.593790556921015,1.08054840881974e-85,17,,0.492879030323293,0.450973499130379,0.532616338526479,1.51276777234764e-84
IDHm,Reactive.Ast,partial_rho_macadj,0.412907950032864,0.0222982120404418,0.369204257513961,0.456611642551768,1.49106044482933e-76,17,,0.390938995486381,0.353295488617637,0.427318586958387,1.78927253379519e-75
IDHm,NPC,rho,0.130080320819744,0.0315307147149031,0.0682812555717271,0.191879386067761,3.69911968999026e-05,17,,0.129351561332168,0.0681753365201994,0.189558704467467,3.98366735845104e-05
IDHm,NPC,partial_rho_macadj,0.145723421499531,0.022934291371768,0.100773036399918,0.190673806599144,2.0985026040817e-10,17,,0.144700614195521,0.10043329278975,0.18839617937963,2.79800347210893e-10
IDHm,Inflammatory.Mac,rho,0.253707027221251,0.0328330461007002,0.189355439361135,0.318058615081366,1.09950648803738e-14,17,,0.248400146179786,0.187124289939639,0.307750457154637,1.71034342583593e-14
IDHm,chromatin.reg,rho,0.227922089023567,0.0429323353793882,0.143776257907772,0.312067920139363,1.10308357235677e-07,17,,0.224055675652291,0.142793685958372,0.302317191005681,1.28693083441623e-07
IDHm,chromatin.reg,partial_rho_macadj,0.176699067220232,0.0316467667646321,0.114672544134414,0.23872559030605,2.3575384649482e-08,17,,0.174882748799797,0.114172533933007,0.23429165565501,2.57186014357986e-08
IDHm,OPC,rho,0.308280919842295,0.0416477864721146,0.226652758321136,0.389909081363454,1.34051379378233e-13,17,,0.298872378778343,0.222849724225833,0.371281845039103,1.70610846481388e-13
IDHm,OPC,partial_rho_macadj,0.278608827369381,0.0409596746066057,0.198329340321954,0.358888314416809,1.03156999787061e-11,17,,0.271617030363389,0.195769216350745,0.344234455628689,1.54735499680592e-11
IDHm,AC,rho,0.3758442081842,0.038588750879604,0.300211646251788,0.451476770116613,2.04085832127951e-22,17,,0.35909297059278,0.291506285815568,0.423112155368895,4.08171664255902e-22
IDHm,AC,partial_rho_macadj,0.323538240923505,0.0394766558938073,0.246165417141562,0.400911064705449,2.4916984454772e-16,17,,0.312702704923684,0.24131072682947,0.380728234586806,4.27148304938949e-16
LGG,Neuron,rho,0.128459052934645,0.0401003897545215,0.0498637332497636,0.207054372619526,0.00135797975020908,14,,0.127757087234135,0.0498224473830362,0.204145336935005,0.00135797975020908
LGG,Neuron,partial_rho_macadj,0.168300533322957,0.0181314937739674,0.132763458540068,0.203837608105845,1.65981862942704e-20,14,,0.1667292917007,0.1319888835987,0.201060617050136,2.21309150590272e-20
LGG,Vasc,rho,0.278343663783697,0.0196554882718093,0.239819614672402,0.316867712894993,1.59440154359387e-45,14,,0.271371411751915,0.235325360828882,0.306671950960458,3.7202702683857e-45
LGG,Vasc,partial_rho_macadj,0.160702647904245,0.0171728734807041,0.127044434371001,0.194360861437488,8.13096108751641e-21,14,,0.159333390552429,0.126365307290919,0.191949884533499,1.21964416312746e-20
LGG,MES.Hyp,rho,0.376939864872942,0.0288451272119252,0.320404454408093,0.433475275337792,5.03563178469416e-39,14,,0.360046969078698,0.309872585304775,0.40822155019067,1.00712635693883e-38
LGG,MES.Hyp,partial_rho_macadj,0.305610588955728,0.0237509448675986,0.259059592416438,0.352161585495018,6.87620245536784e-38,14,,0.296438637838845,0.253415727506043,0.338291153828401,1.37524049107357e-37
LGG,Mac,rho,0.457729461749283,0.0268474986547484,0.405109331310989,0.510349592187578,3.54104485337838e-65,14,,0.428231854441046,0.384312196047242,0.470217539460179,1.23936569868243e-64
LGG,Oligo,rho,0.266803276947138,0.0388183515128513,0.190720706042733,0.342885847851542,6.28116759392007e-12,14,,0.260647779720344,0.188441413815911,0.330051320535505,7.99421330135281e-12
LGG,Oligo,partial_rho_macadj,0.186024581466782,0.0290158801119985,0.129154501467533,0.242894661466031,1.44444891533441e-10,14,,0.183908070974565,0.128441123858265,0.238228007992439,1.57576245309209e-10
LGG,MES,rho,0.499687400995429,0.0290060821543696,0.442836524640255,0.556538277350603,1.66606555952712e-66,14,,0.461871278970617,0.415992870830284,0.505404462641835,7.77497261112655e-66
LGG,MES,partial_rho_macadj,0.404015994214447,0.0308827698735154,0.343486877519518,0.464545110909376,4.1596475857493e-39,14,,0.383379948975149,0.330586771431038,0.433781349554992,9.98315420579833e-39
LGG,Prolif.Metab,rho,0.241842467817692,0.0192768702760211,0.20406049634204,0.279624439293344,4.19514299682687e-36,14,,0.23723528057961,0.201274485358684,0.272557454947305,7.34150024444702e-36
LGG,Prolif.Metab,partial_rho_macadj,0.222844789035573,0.0165478570175465,0.190411585259863,0.255277992811282,2.45647379348796e-41,14,,0.219227810242048,0.188143252604753,0.249873602860849,7.36942138046387e-41
LGG,MES.Ast,rho,0.304017460157565,0.0156821437750911,0.273281023158008,0.334753897157123,1.00887787207888e-83,14,,0.294984821256847,0.266675184532772,0.322785874711818,7.06214510455215e-83
LGG,MES.Ast,partial_rho_macadj,0.255208672353443,0.0144531347637992,0.226881048752693,0.283536295954193,8.88329445191195e-70,14,,0.249808609426108,0.223066666257495,0.276174833975411,5.32997667114717e-69
LGG,Reactive.Ast,rho,0.521421874788646,0.0228598449665515,0.476617401962036,0.566226347615256,3.68960065900931e-115,14,,0.47879667334334,0.443530515354589,0.512582502472048,5.16544092261303e-114
LGG,Reactive.Ast,partial_rho_macadj,0.421306875760529,0.0233703371064675,0.375501856725292,0.467111894795765,1.18703312816669e-72,14,,0.398030833118245,0.358794727935046,0.435862829180814,1.42443975380003e-71
LGG,NPC,rho,0.126347044725237,0.0358024623938379,0.0561755078754652,0.196518581575009,0.000417126309288806,14,,0.125678993325398,0.0561164915830058,0.194027240383408,0.000449212948464868
LGG,NPC,partial_rho_macadj,0.167575085539974,0.0170535582107982,0.134150725638553,0.200999445441396,8.66613513196153e-23,14,,0.166023925198864,0.13335173260919,0.198335640495056,1.48562316547912e-22
LGG,Inflammatory.Mac,rho,0.221554711046066,0.0265501632218003,0.169517347347677,0.273592074744454,7.13593094243166e-17,14,,0.217999387732911,0.167912039392201,0.266964091508131,9.99030331940432e-17
LGG,chromatin.reg,rho,0.199611926942692,0.0320613069589685,0.13677292000583,0.262450933879553,4.7866262435248e-10,14,,0.197002336785967,0.135926391128508,0.256586541396531,5.58439728411226e-10
LGG,chromatin.reg,partial_rho_macadj,0.170590650049931,0.0289473630609295,0.113854861003104,0.227326439096758,3.78941989681813e-09,14,,0.168954892567978,0.113365434433341,0.223489852468033,3.78941989681813e-09
LGG,OPC,rho,0.33582478134829,0.0383795404366888,0.260602264349181,0.411047298347399,2.13165511767809e-18,14,,0.323744850854784,0.254858764489103,0.389361567732155,3.31590796083259e-18
LGG,OPC,partial_rho_macadj,0.31156124917656,0.0354755753839937,0.242030399093097,0.381092099260024,1.6000052463697e-18,14,,0.301856757094353,0.237412627065254,0.363655517944107,1.92000629564364e-18
LGG,AC,rho,0.412854562666445,0.0277373265287683,0.358490401642632,0.467218723690258,4.15956818862299e-50,14,,0.390893766543314,0.343883646434264,0.43594935907649,1.16467909281444e-49
LGG,AC,partial_rho_macadj,0.365069436877199,0.0268166534673437,0.312509761895315,0.417629111859084,3.32753740442531e-42,14,,0.349671493463936,0.302718596687707,0.394931208545345,1.33101496177012e-41
