feature,cohort,estimate,se,ci_lb,ci_ub,p,k,I2
C1b,IDHm,0.390621070894989,0.0382872592467433,0.315579421704624,0.465662720085354,1.93477382928712e-24,17,
C1b,LGG,0.368018840335647,0.0326093724628181,0.304105644750072,0.431932035921223,1.54448098025761e-29,14,
C1b_noRibo,IDHm,0.352572416616958,0.0400870816042265,0.274003180427356,0.43114165280656,1.42840480780845e-18,17,
C1b_noRibo,LGG,0.329909781438898,0.03419427022151,0.262890243327108,0.396929319550688,5.00742680986645e-22,14,
C1b_noMPoverlap,IDHm,0.324000701697016,0.0369547939924817,0.251570636415655,0.396430766978377,1.82696987669569e-18,17,
C1b_noMPoverlap,LGG,0.29175752402601,0.0335685995116195,0.225964277971787,0.357550770080233,3.58056676280082e-18,14,
C1b_resid_macadj,IDHm,0.232851868785155,0.0212935182641186,0.191117339883336,0.274586397686973,7.81123491691446e-28,17,
C1b_resid_macadj,LGG,0.234339581194083,0.0232387078656159,0.188792550730228,0.279886611657937,6.50110363623848e-24,14,
MP_Mac,IDHm,0.283980286420999,0.0453080497337995,0.195178140733002,0.372782432108995,3.66262917280093e-10,17,
MP_Mac,LGG,0.257657282255334,0.0435136870024013,0.172372022896079,0.34294254161459,3.19420537664493e-09,14,
MP_MES.Hyp,IDHm,0.287792037949626,0.0459914624899035,0.19765042787309,0.377933648026162,3.91172498594727e-10,17,
MP_MES.Hyp,LGG,0.230178555310417,0.0287547180775172,0.17382034349288,0.286536767127954,1.19566747542965e-15,14,
