sample_id,feature,I,rank,cohort
idha04,C1b,0.317467939910664,7,IDHm
idha05,C1b,0.312359295742922,6,IDHm
idha06,C1b,0.246884301959177,7,IDHm
idha07,C1b,0.156459317515311,4,IDHm
idha08,C1b,0.159328546640601,5,IDHm
idha09,C1b,0.570529889523429,2,IDHm
idha10,C1b,0.257213458540633,7,IDHm
idha11,C1b,0.41766168080575,5,IDHm
idha12,C1b,0.39610592120165,3,IDHm
idha13,C1b,0.643839591792069,2,IDHm
idha14,C1b,0.359551922047063,3,IDHm
idha15,C1b,0.392059816643276,2,IDHm
idha16,C1b,0.73996609165674,2,IDHm
idha17,C1b,0.383852292305011,6,IDHm
idho03,C1b,0.526305739804091,4,IDHm
idho05,C1b,0.34974247478022,4,IDHm
idho08,C1b,0.416476977583988,6,IDHm
