sample_id,target,dist,mean_z,n,cohort
idha04,Endothelial,6,0.0261334537823815,1108,IDHm
idha04,Endothelial,5,-0.217545728928975,83,IDHm
idha04,Endothelial,4,-0.172338192422456,85,IDHm
idha04,Endothelial,3,-0.0524632890934652,81,IDHm
idha04,Endothelial,2,-0.15594205828557,58,IDHm
idha04,Endothelial,1,0.127608064358974,33,IDHm
idha04,Endothelial,0,1.06935622828522,12,IDHm
idha04,Pericyte,6,0.0253638214479758,1108,IDHm
idha04,Pericyte,5,-0.199300042745242,83,IDHm
idha04,Pericyte,4,-0.195658022813476,85,IDHm
idha04,Pericyte,3,0.101020661796383,81,IDHm
idha04,Pericyte,2,0.0606022290482774,58,IDHm
idha04,Pericyte,1,-0.0503701032685629,33,IDHm
idha04,Pericyte,0,-0.413805679983429,12,IDHm
idha04,IFN_response,6,0.00413718440280349,1108,IDHm
idha04,IFN_response,5,-0.20628509855602,83,IDHm
idha04,IFN_response,4,-0.0572657175627185,85,IDHm
idha04,IFN_response,3,0.0669912614806013,81,IDHm
idha04,IFN_response,2,0.0313499481885403,58,IDHm
idha04,IFN_response,1,0.204935362176599,33,IDHm
idha04,IFN_response,0,0.283149393998557,12,IDHm
idha04,Hypoxia,6,0.0506662380792664,1108,IDHm
idha04,Hypoxia,5,-0.146974871123119,83,IDHm
idha04,Hypoxia,4,-0.0769477216147649,85,IDHm
idha04,Hypoxia,3,-0.161000655823987,81,IDHm
idha04,Hypoxia,2,-0.206627558037543,58,IDHm
idha04,Hypoxia,1,-0.310076998998599,33,IDHm
idha04,Hypoxia,0,-0.178394058039918,12,IDHm
idha04,Inflammation,6,-0.191206003264068,1108,IDHm
idha04,Inflammation,5,0.475650478755658,83,IDHm
idha04,Inflammation,4,0.436756353788095,85,IDHm
idha04,Inflammation,3,0.482366150575633,81,IDHm
idha04,Inflammation,2,0.728422052830091,58,IDHm
idha04,Inflammation,1,1.28453586540999,33,IDHm
idha04,Inflammation,0,0.961929249048251,12,IDHm
idha04,TAM_microglia,6,-0.0842392036232212,1108,IDHm
idha04,TAM_microglia,5,0.0895964738657948,83,IDHm
idha04,TAM_microglia,4,0.185814684043008,85,IDHm
idha04,TAM_microglia,3,0.235804864134811,81,IDHm
idha04,TAM_microglia,2,0.373741154251947,58,IDHm
idha04,TAM_microglia,1,0.429640978786377,33,IDHm
idha04,TAM_microglia,0,1.26257907487744,12,IDHm
idha04,TAM_SPP1_lipid,6,-0.0822807581782916,1108,IDHm
idha04,TAM_SPP1_lipid,5,0.147519110602987,83,IDHm
idha04,TAM_SPP1_lipid,4,0.254407028156043,85,IDHm
idha04,TAM_SPP1_lipid,3,0.230685749413232,81,IDHm
idha04,TAM_SPP1_lipid,2,0.269587411937333,58,IDHm
idha04,TAM_SPP1_lipid,1,0.510993532787062,33,IDHm
idha04,TAM_SPP1_lipid,0,0.509499525952109,12,IDHm
idha04,TAM_C1Q,6,-0.134181869463912,1108,IDHm
idha04,TAM_C1Q,5,0.200635040979144,83,IDHm
idha04,TAM_C1Q,4,0.245308253436252,85,IDHm
idha04,TAM_C1Q,3,0.369623332233706,81,IDHm
idha04,TAM_C1Q,2,0.506105047696405,58,IDHm
idha04,TAM_C1Q,1,1.08031419277412,33,IDHm
idha04,TAM_C1Q,0,1.35213753198306,12,IDHm
idha04,Malignant_CNA,6,-0.131252676413909,1108,IDHm
idha04,Malignant_CNA,5,0.300868557441322,83,IDHm
idha04,Malignant_CNA,4,0.455148060009107,85,IDHm
idha04,Malignant_CNA,3,0.476546953263309,81,IDHm
idha04,Malignant_CNA,2,0.46980979438414,58,IDHm
idha04,Malignant_CNA,1,0.434131380403275,33,IDHm
idha04,Malignant_CNA,0,0.132723604690963,12,IDHm
idha04,UMI_depth,6,-0.0183377781492464,1108,IDHm
idha04,UMI_depth,5,-0.151710955250082,83,IDHm
idha04,UMI_depth,4,0.0825031151698667,85,IDHm
idha04,UMI_depth,3,0.0638143718609976,81,IDHm
idha04,UMI_depth,2,0.0856186116637492,58,IDHm
idha04,UMI_depth,1,0.250399713315177,33,IDHm
idha04,UMI_depth,0,0.624955712420297,12,IDHm
idha05,Endothelial,3,-0.0494570333987397,213,IDHm
idha05,Endothelial,2,0.0900251661668992,197,IDHm
idha05,Endothelial,1,0.00956734567687048,151,IDHm
idha05,Endothelial,0,0.225949358952334,63,IDHm
idha05,Endothelial,4,0.051041740140506,204,IDHm
idha05,Endothelial,5,0.03179620585745,197,IDHm
idha05,Endothelial,6,-0.0150806160788155,2623,IDHm
idha05,Pericyte,3,0.0415122676889946,213,IDHm
idha05,Pericyte,2,0.0291454112747483,197,IDHm
idha05,Pericyte,1,0.0698149604870543,151,IDHm
idha05,Pericyte,0,0.548997297271954,63,IDHm
idha05,Pericyte,4,-0.071047630482131,204,IDHm
idha05,Pericyte,5,-0.0216778708817001,197,IDHm
idha05,Pericyte,6,-0.0156112812117842,2623,IDHm
idha05,IFN_response,3,0.0724109577378008,213,IDHm
idha05,IFN_response,2,0.0552281846164145,197,IDHm
idha05,IFN_response,1,0.0531251979741816,151,IDHm
idha05,IFN_response,0,-0.0638219539052571,63,IDHm
idha05,IFN_response,4,0.135552012847489,204,IDHm
idha05,IFN_response,5,0.0567865119063403,197,IDHm
idha05,IFN_response,6,-0.0263607173587847,2623,IDHm
idha05,Hypoxia,3,-0.195469875451056,213,IDHm
idha05,Hypoxia,2,-0.275249219072961,197,IDHm
idha05,Hypoxia,1,-0.275864799516455,151,IDHm
idha05,Hypoxia,0,-0.288752032245408,63,IDHm
idha05,Hypoxia,4,-0.0899955796278787,204,IDHm
idha05,Hypoxia,5,-0.190628991128887,197,IDHm
idha05,Hypoxia,6,0.0806782889376179,2623,IDHm
idha05,Inflammation,3,0.0680436110690314,213,IDHm
idha05,Inflammation,2,0.252496677868588,197,IDHm
idha05,Inflammation,1,0.175819359761453,151,IDHm
idha05,Inflammation,0,0.269358003257902,63,IDHm
idha05,Inflammation,4,0.183060015903554,204,IDHm
idha05,Inflammation,5,0.274474839899582,197,IDHm
idha05,Inflammation,6,-0.0759318333707913,2623,IDHm
idha05,TAM_microglia,3,0.146412089148414,213,IDHm
idha05,TAM_microglia,2,0.261212932855061,197,IDHm
idha05,TAM_microglia,1,0.26930519825892,151,IDHm
idha05,TAM_microglia,0,0.211646261535298,63,IDHm
idha05,TAM_microglia,4,0.236616582879264,204,IDHm
idha05,TAM_microglia,5,0.110637413445825,197,IDHm
idha05,TAM_microglia,6,-0.0788062811784511,2623,IDHm
idha05,TAM_SPP1_lipid,3,0.258896084517695,213,IDHm
idha05,TAM_SPP1_lipid,2,0.248211887730883,197,IDHm
idha05,TAM_SPP1_lipid,1,0.359598361261647,151,IDHm
idha05,TAM_SPP1_lipid,0,0.563565674795156,63,IDHm
idha05,TAM_SPP1_lipid,4,0.285983264843208,204,IDHm
idha05,TAM_SPP1_lipid,5,0.0643767191013492,197,IDHm
idha05,TAM_SPP1_lipid,6,-0.100979564482972,2623,IDHm
idha05,TAM_C1Q,3,0.22429696822084,213,IDHm
idha05,TAM_C1Q,2,0.32107544422521,197,IDHm
idha05,TAM_C1Q,1,0.286218193139868,151,IDHm
idha05,TAM_C1Q,0,0.342674416445824,63,IDHm
idha05,TAM_C1Q,4,0.30739076276677,204,IDHm
idha05,TAM_C1Q,5,0.177575752162091,197,IDHm
idha05,TAM_C1Q,6,-0.104279333177265,2623,IDHm
idha05,Malignant_CNA,3,0.302854541590172,213,IDHm
idha05,Malignant_CNA,2,0.228589537752304,197,IDHm
idha05,Malignant_CNA,1,0.277408516029974,151,IDHm
idha05,Malignant_CNA,0,0.153169515190871,63,IDHm
idha05,Malignant_CNA,4,0.236494019225663,204,IDHm
idha05,Malignant_CNA,5,0.299033910348543,197,IDHm
idha05,Malignant_CNA,6,-0.102261906951643,2623,IDHm
idha05,UMI_depth,3,0.0898231952423767,213,IDHm
idha05,UMI_depth,2,0.120052514987487,197,IDHm
idha05,UMI_depth,1,0.45558401249233,151,IDHm
idha05,UMI_depth,0,0.608220771405674,63,IDHm
idha05,UMI_depth,4,0.0391175385261261,204,IDHm
idha05,UMI_depth,5,-0.150153851562449,197,IDHm
idha05,UMI_depth,6,-0.048910960589246,2623,IDHm
idha06,Endothelial,5,0.20726324354836,97,IDHm
idha06,Endothelial,4,0.0383663397952201,94,IDHm
idha06,Endothelial,3,0.059261984817553,92,IDHm
idha06,Endothelial,2,-0.0513741294570962,85,IDHm
idha06,Endothelial,1,0.205023790756537,75,IDHm
idha06,Endothelial,0,0.467453430019912,70,IDHm
idha06,Endothelial,6,-0.0282319119180625,2582,IDHm
idha06,Pericyte,5,-0.00196329187232946,97,IDHm
idha06,Pericyte,4,0.023471294989424,94,IDHm
idha06,Pericyte,3,0.428857976957033,92,IDHm
idha06,Pericyte,2,-0.188391847834872,85,IDHm
idha06,Pericyte,1,0.446564835169221,75,IDHm
idha06,Pericyte,0,0.777755104472914,70,IDHm
idha06,Pericyte,6,-0.0439166185833726,2582,IDHm
idha06,IFN_response,5,-0.0751664233697219,97,IDHm
idha06,IFN_response,4,0.0611137303765302,94,IDHm
idha06,IFN_response,3,0.112679241493453,92,IDHm
idha06,IFN_response,2,0.127833989975491,85,IDHm
idha06,IFN_response,1,-0.0448641645438492,75,IDHm
idha06,IFN_response,0,0.894608412173545,70,IDHm
idha06,IFN_response,6,-0.0305746334102265,2582,IDHm
idha06,Hypoxia,5,-0.182334413408874,97,IDHm
idha06,Hypoxia,4,-0.330548696071835,94,IDHm
idha06,Hypoxia,3,-0.231529550884614,92,IDHm
idha06,Hypoxia,2,-0.160832514531831,85,IDHm
idha06,Hypoxia,1,-0.338292626718526,75,IDHm
idha06,Hypoxia,0,-0.33893541802288,70,IDHm
idha06,Hypoxia,6,0.0514434253344285,2582,IDHm
idha06,Inflammation,5,-0.0880995417857123,97,IDHm
idha06,Inflammation,4,0.0554145389595066,94,IDHm
idha06,Inflammation,3,0.136009635408861,92,IDHm
idha06,Inflammation,2,-0.0388742298583374,85,IDHm
idha06,Inflammation,1,0.022754027991952,75,IDHm
idha06,Inflammation,0,0.786898013761735,70,IDHm
idha06,Inflammation,6,-0.024268513203468,2582,IDHm
idha06,TAM_microglia,5,0.114844079497046,97,IDHm
idha06,TAM_microglia,4,0.159800915394996,94,IDHm
idha06,TAM_microglia,3,0.245246113755691,92,IDHm
idha06,TAM_microglia,2,0.126852902617809,85,IDHm
idha06,TAM_microglia,1,0.176142033167848,75,IDHm
idha06,TAM_microglia,0,0.682257120869328,70,IDHm
idha06,TAM_microglia,6,-0.0466595475967552,2582,IDHm
idha06,TAM_SPP1_lipid,5,0.040404527273814,97,IDHm
idha06,TAM_SPP1_lipid,4,0.0777197941137197,94,IDHm
idha06,TAM_SPP1_lipid,3,0.110263357834212,92,IDHm
idha06,TAM_SPP1_lipid,2,0.201381597889159,85,IDHm
idha06,TAM_SPP1_lipid,1,0.0645614385320396,75,IDHm
idha06,TAM_SPP1_lipid,0,-0.0525416174254974,70,IDHm
idha06,TAM_SPP1_lipid,6,-0.0153566069727707,2582,IDHm
idha06,TAM_C1Q,5,0.0419750948955234,97,IDHm
idha06,TAM_C1Q,4,0.0881956998056941,94,IDHm
idha06,TAM_C1Q,3,0.158436699863904,92,IDHm
idha06,TAM_C1Q,2,0.00434409298159395,85,IDHm
idha06,TAM_C1Q,1,0.598190323629532,75,IDHm
idha06,TAM_C1Q,0,0.78251424318468,70,IDHm
idha06,TAM_C1Q,6,-0.0491664119181481,2582,IDHm
idha06,Malignant_CNA,5,-0.0768355376469759,97,IDHm
idha06,Malignant_CNA,4,0.0510206129065141,94,IDHm
idha06,Malignant_CNA,3,-0.0492676394835945,92,IDHm
idha06,Malignant_CNA,2,-0.224277960167027,85,IDHm
idha06,Malignant_CNA,1,-0.055596940024701,75,IDHm
idha06,Malignant_CNA,0,-0.136722766556166,70,IDHm
idha06,Malignant_CNA,6,0.0154894357653046,2582,IDHm
idha06,UMI_depth,5,0.395664744370323,97,IDHm
idha06,UMI_depth,4,0.301378557555092,94,IDHm
idha06,UMI_depth,3,0.00587599931625699,92,IDHm
idha06,UMI_depth,2,0.105875811263681,85,IDHm
idha06,UMI_depth,1,-0.0488641822461939,75,IDHm
idha06,UMI_depth,0,-0.0369719637615982,70,IDHm
idha06,UMI_depth,6,-0.0271093142435444,2582,IDHm
idha07,Endothelial,6,-0.0230953689724728,2641,IDHm
idha07,Endothelial,5,0.0327882616523264,70,IDHm
idha07,Endothelial,4,-0.036528759981192,54,IDHm
idha07,Endothelial,3,0.0782617132364632,41,IDHm
idha07,Endothelial,2,0.297398007675923,34,IDHm
idha07,Endothelial,1,1.36492940158213,23,IDHm
idha07,Endothelial,0,2.65976757325948,6,IDHm
idha07,Pericyte,6,-0.0128890913359327,2641,IDHm
idha07,Pericyte,5,0.0215389898599377,70,IDHm
idha07,Pericyte,4,-0.245430314990848,54,IDHm
idha07,Pericyte,3,0.24285791169682,41,IDHm
idha07,Pericyte,2,0.0402785512825916,34,IDHm
idha07,Pericyte,1,1.01204550096527,23,IDHm
idha07,Pericyte,0,1.86365104868827,6,IDHm
idha07,IFN_response,6,-0.00392611636341876,2641,IDHm
idha07,IFN_response,5,-0.114393113584268,70,IDHm
idha07,IFN_response,4,-0.146951589020762,54,IDHm
idha07,IFN_response,3,0.262058496818561,41,IDHm
idha07,IFN_response,2,0.0661930684655682,34,IDHm
idha07,IFN_response,1,0.360588879151051,23,IDHm
idha07,IFN_response,0,0.837211692657388,6,IDHm
idha07,Hypoxia,6,0.00111698132617098,2641,IDHm
idha07,Hypoxia,5,-0.0458638154589539,70,IDHm
idha07,Hypoxia,4,-0.199016301734145,54,IDHm
idha07,Hypoxia,3,0.446700448380741,41,IDHm
idha07,Hypoxia,2,-0.37060064239166,34,IDHm
idha07,Hypoxia,1,0.171531755753218,23,IDHm
idha07,Hypoxia,0,0.224645461455855,6,IDHm
idha07,Inflammation,6,-0.0146451789369406,2641,IDHm
idha07,Inflammation,5,0.191628398103941,70,IDHm
idha07,Inflammation,4,0.0484932509489961,54,IDHm
idha07,Inflammation,3,0.0114742304040034,41,IDHm
idha07,Inflammation,2,0.152715010284206,34,IDHm
idha07,Inflammation,1,0.476552577064871,23,IDHm
idha07,Inflammation,0,1.00363851420318,6,IDHm
idha07,TAM_microglia,6,-0.00478910822334247,2641,IDHm
idha07,TAM_microglia,5,0.0117119338661028,70,IDHm
idha07,TAM_microglia,4,0.216933831970941,54,IDHm
idha07,TAM_microglia,3,-0.13091794905085,41,IDHm
idha07,TAM_microglia,2,-0.0218651545368844,34,IDHm
idha07,TAM_microglia,1,0.28764456911393,23,IDHm
idha07,TAM_microglia,0,-0.0651669005819962,6,IDHm
idha07,TAM_SPP1_lipid,6,-0.0142811103169871,2641,IDHm
idha07,TAM_SPP1_lipid,5,0.0452893185078526,70,IDHm
idha07,TAM_SPP1_lipid,4,0.287641468416009,54,IDHm
idha07,TAM_SPP1_lipid,3,0.200596368278394,41,IDHm
idha07,TAM_SPP1_lipid,2,0.0334790238852332,34,IDHm
idha07,TAM_SPP1_lipid,1,0.345480329026115,23,IDHm
idha07,TAM_SPP1_lipid,0,0.284122546339395,6,IDHm
idha07,TAM_C1Q,6,-0.0127273313036497,2641,IDHm
idha07,TAM_C1Q,5,-0.16598986453103,70,IDHm
idha07,TAM_C1Q,4,-0.123111059777352,54,IDHm
idha07,TAM_C1Q,3,0.112354153800186,41,IDHm
idha07,TAM_C1Q,2,0.134943007601887,34,IDHm
idha07,TAM_C1Q,1,1.5694835300962,23,IDHm
idha07,TAM_C1Q,0,1.09791099360058,6,IDHm
idha07,Malignant_CNA,6,-0.00228132122806978,2641,IDHm
idha07,Malignant_CNA,5,-0.187783245479707,70,IDHm
idha07,Malignant_CNA,4,-0.0410177408264511,54,IDHm
idha07,Malignant_CNA,3,0.235863910477371,41,IDHm
idha07,Malignant_CNA,2,0.16329536850419,34,IDHm
idha07,Malignant_CNA,1,0.0460983857830316,23,IDHm
idha07,Malignant_CNA,0,0.850338136635952,6,IDHm
idha07,UMI_depth,6,0.0115897160416624,2641,IDHm
idha07,UMI_depth,5,-0.0270529330209808,70,IDHm
idha07,UMI_depth,4,-0.155178010467968,54,IDHm
idha07,UMI_depth,3,-0.194461831410693,41,IDHm
idha07,UMI_depth,2,-0.473514832290921,34,IDHm
idha07,UMI_depth,1,0.158486315367423,23,IDHm
idha07,UMI_depth,0,0.0153553238316115,6,IDHm
idha08,T_cell,6,-0.0112969658466133,3193,IDHm
idha08,T_cell,5,0.142460299112254,208,IDHm
idha08,T_cell,4,0.0170766235438481,187,IDHm
idha08,T_cell,3,0.0465153874354784,162,IDHm
idha08,T_cell,2,-0.0558463164564116,116,IDHm
idha08,T_cell,1,0.0523243174571508,76,IDHm
idha08,T_cell,0,-0.0715130820863839,25,IDHm
idha08,Endothelial,6,0.0106954254162792,3193,IDHm
idha08,Endothelial,5,-0.0613711524025775,208,IDHm
idha08,Endothelial,4,-0.184254650740876,187,IDHm
idha08,Endothelial,3,-0.111356963124985,162,IDHm
idha08,Endothelial,2,-0.074236770749213,116,IDHm
idha08,Endothelial,1,0.308862665690358,76,IDHm
idha08,Endothelial,0,0.649922274991581,25,IDHm
idha08,Pericyte,6,0.0122340566127973,3193,IDHm
idha08,Pericyte,5,-0.0296511866851454,208,IDHm
idha08,Pericyte,4,-0.101750987134926,187,IDHm
idha08,Pericyte,3,-0.143036571477941,162,IDHm
idha08,Pericyte,2,-0.125282490501845,116,IDHm
idha08,Pericyte,1,0.169175708210806,76,IDHm
idha08,Pericyte,0,0.439155132547949,25,IDHm
idha08,IFN_response,6,0.00603595156650295,3193,IDHm
idha08,IFN_response,5,0.0397242944348848,208,IDHm
idha08,IFN_response,4,0.0678603298515009,187,IDHm
idha08,IFN_response,3,-0.115971363076323,162,IDHm
idha08,IFN_response,2,-0.228635711140948,116,IDHm
idha08,IFN_response,1,0.0509732568758699,76,IDHm
idha08,IFN_response,0,0.0483923004646951,25,IDHm
idha08,Hypoxia,6,0.00452192790414783,3193,IDHm
idha08,Hypoxia,5,-0.0609348331294405,208,IDHm
idha08,Hypoxia,4,0.0622581911977407,187,IDHm
idha08,Hypoxia,3,0.0262329787726041,162,IDHm
idha08,Hypoxia,2,-0.0975682907257746,116,IDHm
idha08,Hypoxia,1,-0.0681692781891534,76,IDHm
idha08,Hypoxia,0,-0.046292318223765,25,IDHm
idha08,Inflammation,6,-0.00981293688955205,3193,IDHm
idha08,Inflammation,5,0.103930126043716,208,IDHm
idha08,Inflammation,4,-0.0331557978608043,187,IDHm
idha08,Inflammation,3,-0.0081722098404816,162,IDHm
idha08,Inflammation,2,-0.0449545135942816,116,IDHm
idha08,Inflammation,1,0.0823543747728333,76,IDHm
idha08,Inflammation,0,0.647802582383062,25,IDHm
idha08,TAM_microglia,6,0.00917604588761301,3193,IDHm
idha08,TAM_microglia,5,-0.0288792070904921,208,IDHm
idha08,TAM_microglia,4,0.0171081878578686,187,IDHm
idha08,TAM_microglia,3,-0.148336883706686,162,IDHm
idha08,TAM_microglia,2,-0.0946593780361296,116,IDHm
idha08,TAM_microglia,1,0.103559719460586,76,IDHm
idha08,TAM_microglia,0,0.0259621503968873,25,IDHm
idha08,TAM_monocyte,6,0.00873698003256095,3193,IDHm
idha08,TAM_monocyte,5,-0.0411511983075135,208,IDHm
idha08,TAM_monocyte,4,0.080812040365608,187,IDHm
idha08,TAM_monocyte,3,-0.136796543250972,162,IDHm
idha08,TAM_monocyte,2,-0.117398956570284,116,IDHm
idha08,TAM_monocyte,1,0.0881681017769134,76,IDHm
idha08,TAM_monocyte,0,-0.214841452424327,25,IDHm
idha08,TAM_SPP1_lipid,6,0.0222122702458868,3193,IDHm
idha08,TAM_SPP1_lipid,5,-0.089761262163738,208,IDHm
idha08,TAM_SPP1_lipid,4,-0.0488484951994397,187,IDHm
idha08,TAM_SPP1_lipid,3,-0.0322577280974481,162,IDHm
idha08,TAM_SPP1_lipid,2,-0.134387053929239,116,IDHm
idha08,TAM_SPP1_lipid,1,-0.350955375864161,76,IDHm
idha08,TAM_SPP1_lipid,0,0.174739640419637,25,IDHm
idha08,TAM_C1Q,6,-0.00121897814358877,3193,IDHm
idha08,TAM_C1Q,5,-0.0279642291047146,208,IDHm
idha08,TAM_C1Q,4,-0.0603438219103959,187,IDHm
idha08,TAM_C1Q,3,0.0309727439191642,162,IDHm
idha08,TAM_C1Q,2,-0.0836157527332415,116,IDHm
idha08,TAM_C1Q,1,0.124308199736693,76,IDHm
idha08,TAM_C1Q,0,0.64909884742665,25,IDHm
idha08,Malignant_CNA,6,0.0293151687181022,3193,IDHm
idha08,Malignant_CNA,5,-0.1636984030703,208,IDHm
idha08,Malignant_CNA,4,-0.0907333773038798,187,IDHm
idha08,Malignant_CNA,3,-0.0966111638411465,162,IDHm
idha08,Malignant_CNA,2,-0.0796571554304951,116,IDHm
idha08,Malignant_CNA,1,-0.234879550548354,76,IDHm
idha08,Malignant_CNA,0,0.00620640365701579,25,IDHm
idha08,UMI_depth,6,-0.0723440274228679,3193,IDHm
idha08,UMI_depth,5,0.15919416688305,208,IDHm
idha08,UMI_depth,4,0.137049815176801,187,IDHm
idha08,UMI_depth,3,0.264904170372874,162,IDHm
idha08,UMI_depth,2,0.437451216027354,116,IDHm
idha08,UMI_depth,1,0.699919080518516,76,IDHm
idha08,UMI_depth,0,1.0160444253,25,IDHm
idha09,Endothelial,5,0.0217434507813146,215,IDHm
idha09,Endothelial,6,0.0205774949168416,1157,IDHm
idha09,Endothelial,4,-0.0604082932530578,258,IDHm
idha09,Endothelial,3,0.00528395522946125,275,IDHm
idha09,Endothelial,2,-0.0407954134421568,281,IDHm
idha09,Endothelial,0,-0.0162195077363917,246,IDHm
idha09,Endothelial,1,0.00385579900285669,286,IDHm
idha09,Pericyte,5,0.074204537381914,215,IDHm
idha09,Pericyte,6,0.0282713282865089,1157,IDHm
idha09,Pericyte,4,-0.0778820964054373,258,IDHm
idha09,Pericyte,3,-0.0364467966905905,275,IDHm
idha09,Pericyte,2,-0.0368542072683956,281,IDHm
idha09,Pericyte,0,-0.0416710583494569,246,IDHm
idha09,Pericyte,1,0.00720160907097386,286,IDHm
idha09,IFN_response,5,-0.0150379892594653,215,IDHm
idha09,IFN_response,6,-0.0601240967827321,1157,IDHm
idha09,IFN_response,4,0.12527378772133,258,IDHm
idha09,IFN_response,3,0.185094531190445,275,IDHm
idha09,IFN_response,2,0.125174636953515,281,IDHm
idha09,IFN_response,0,-0.212096379467512,246,IDHm
idha09,IFN_response,1,0.0229956319021005,286,IDHm
idha09,Hypoxia,5,-0.129282253935112,215,IDHm
idha09,Hypoxia,6,-0.0444152263118087,1157,IDHm
idha09,Hypoxia,4,-0.177296832479611,258,IDHm
idha09,Hypoxia,3,-0.178411999763314,275,IDHm
idha09,Hypoxia,2,-0.0335296690167048,281,IDHm
idha09,Hypoxia,0,0.499801688366199,246,IDHm
idha09,Hypoxia,1,0.21140071961214,286,IDHm
idha09,Inflammation,5,-0.0145693850642603,215,IDHm
idha09,Inflammation,6,-0.0876240967668265,1157,IDHm
idha09,Inflammation,4,0.00595082324937961,258,IDHm
idha09,Inflammation,3,0.162996931206393,275,IDHm
idha09,Inflammation,2,0.0635360871348923,281,IDHm
idha09,Inflammation,0,-0.105829920780987,246,IDHm
idha09,Inflammation,1,0.23193898354949,286,IDHm
idha09,TAM_microglia,5,0.101555789719892,215,IDHm
idha09,TAM_microglia,6,-0.0259684482708838,1157,IDHm
idha09,TAM_microglia,4,0.0869986697581509,258,IDHm
idha09,TAM_microglia,3,0.0318573803860652,275,IDHm
idha09,TAM_microglia,2,0.0614238503067735,281,IDHm
idha09,TAM_microglia,0,-0.0695655151425633,246,IDHm
idha09,TAM_microglia,1,-0.0809175585848528,286,IDHm
idha09,TAM_monocyte,5,0.098342897619914,215,IDHm
idha09,TAM_monocyte,6,-0.0326584408171819,1157,IDHm
idha09,TAM_monocyte,4,0.0946892710750252,258,IDHm
idha09,TAM_monocyte,3,-0.00754012387940586,275,IDHm
idha09,TAM_monocyte,2,0.0382646854202941,281,IDHm
idha09,TAM_monocyte,0,-0.0439995887501823,246,IDHm
idha09,TAM_monocyte,1,-0.0197296594541247,286,IDHm
idha09,TAM_SPP1_lipid,5,0.0551420300503404,215,IDHm
idha09,TAM_SPP1_lipid,6,-0.0486302503146468,1157,IDHm
idha09,TAM_SPP1_lipid,4,0.0461582444284226,258,IDHm
idha09,TAM_SPP1_lipid,3,-0.0470483567795179,275,IDHm
idha09,TAM_SPP1_lipid,2,-0.0926893597722291,281,IDHm
idha09,TAM_SPP1_lipid,0,0.298237340893126,246,IDHm
idha09,TAM_SPP1_lipid,1,-0.00657881663865353,286,IDHm
idha09,TAM_C1Q,5,-0.0419268489977567,215,IDHm
idha09,TAM_C1Q,6,-0.0539398848429363,1157,IDHm
idha09,TAM_C1Q,4,0.0542219269459901,258,IDHm
idha09,TAM_C1Q,3,0.221267306947991,275,IDHm
idha09,TAM_C1Q,2,0.0879433645812104,281,IDHm
idha09,TAM_C1Q,0,-0.0673916327187598,246,IDHm
idha09,TAM_C1Q,1,-0.040380388333822,286,IDHm
idha09,Malignant_CNA,5,0.0564325725520766,215,IDHm
idha09,Malignant_CNA,6,-0.125849519947344,1157,IDHm
idha09,Malignant_CNA,4,0.215626800749495,258,IDHm
idha09,Malignant_CNA,3,0.235281997633616,275,IDHm
idha09,Malignant_CNA,2,0.197411990535258,281,IDHm
idha09,Malignant_CNA,0,-0.278126851012122,246,IDHm
idha09,Malignant_CNA,1,0.0912135089032919,286,IDHm
idha09,UMI_depth,5,-0.092447790457685,215,IDHm
idha09,UMI_depth,6,-0.625172385403786,1157,IDHm
idha09,UMI_depth,4,0.0367543594205709,258,IDHm
idha09,UMI_depth,3,0.153887477854222,275,IDHm
idha09,UMI_depth,2,0.374524975046636,281,IDHm
idha09,UMI_depth,0,1.34679125008254,246,IDHm
idha09,UMI_depth,1,0.891073000740395,286,IDHm
idha10,Endothelial,6,-0.00109994488118409,1943,IDHm
idha10,Endothelial,5,-0.0313200871313327,174,IDHm
idha10,Endothelial,4,-0.0914358597692036,156,IDHm
idha10,Endothelial,3,0.0101798035912015,134,IDHm
idha10,Endothelial,2,0.164750258986905,114,IDHm
idha10,Endothelial,1,-0.0626618761134644,82,IDHm
idha10,Endothelial,0,0.297544905415836,23,IDHm
idha10,Pericyte,6,-0.0186134202624839,1943,IDHm
idha10,Pericyte,5,-0.0132182263008057,174,IDHm
idha10,Pericyte,4,-0.0213542947889475,156,IDHm
idha10,Pericyte,3,-0.033447066740063,134,IDHm
idha10,Pericyte,2,0.117759541471636,114,IDHm
idha10,Pericyte,1,0.267894389155356,82,IDHm
idha10,Pericyte,0,0.473352010351528,23,IDHm
idha10,IFN_response,6,0.0430065905238325,1943,IDHm
idha10,IFN_response,5,-0.0412930608603208,174,IDHm
idha10,IFN_response,4,-0.259515395370738,156,IDHm
idha10,IFN_response,3,-0.0866904957640462,134,IDHm
idha10,IFN_response,2,-0.038456173611287,114,IDHm
idha10,IFN_response,1,-0.246558641216249,82,IDHm
idha10,IFN_response,0,0.0141707688489401,23,IDHm
idha10,Hypoxia,6,0.0118867474734523,1943,IDHm
idha10,Hypoxia,5,0.0396544761008554,174,IDHm
idha10,Hypoxia,4,0.0426630059641208,156,IDHm
idha10,Hypoxia,3,-0.16963470308284,134,IDHm
idha10,Hypoxia,2,-0.0338190614136619,114,IDHm
idha10,Hypoxia,1,-0.156276809742993,82,IDHm
idha10,Hypoxia,0,0.119559282622342,23,IDHm
idha10,Inflammation,6,-0.0207644984020882,1943,IDHm
idha10,Inflammation,5,0.0960210290284333,174,IDHm
idha10,Inflammation,4,-0.105753181490796,156,IDHm
idha10,Inflammation,3,0.126721202121999,134,IDHm
idha10,Inflammation,2,0.0769438510130441,114,IDHm
idha10,Inflammation,1,0.131107578308423,82,IDHm
idha10,Inflammation,0,0.157921571119497,23,IDHm
idha10,TAM_microglia,6,0.00979723307232833,1943,IDHm
idha10,TAM_microglia,5,-0.0147181376582576,174,IDHm
idha10,TAM_microglia,4,-0.0148932909396793,156,IDHm
idha10,TAM_microglia,3,-0.0336842518359208,134,IDHm
idha10,TAM_microglia,2,-0.0215756987824381,114,IDHm
idha10,TAM_microglia,1,-0.112238429471323,82,IDHm
idha10,TAM_microglia,0,0.0880502653675107,23,IDHm
idha10,TAM_monocyte,6,0.0042117935521893,1943,IDHm
idha10,TAM_monocyte,5,-0.060730367907696,174,IDHm
idha10,TAM_monocyte,4,0.107579820051654,156,IDHm
idha10,TAM_monocyte,3,-0.012778331534706,134,IDHm
idha10,TAM_monocyte,2,0.0205231947764841,114,IDHm
idha10,TAM_monocyte,1,-0.103386503979846,82,IDHm
idha10,TAM_monocyte,0,-0.284719010284516,23,IDHm
idha10,TAM_SPP1_lipid,6,0.00880125729842862,1943,IDHm
idha10,TAM_SPP1_lipid,5,0.080412397765178,174,IDHm
idha10,TAM_SPP1_lipid,4,0.0251496137193107,156,IDHm
idha10,TAM_SPP1_lipid,3,0.0282663054345856,134,IDHm
idha10,TAM_SPP1_lipid,2,-0.130629563057419,114,IDHm
idha10,TAM_SPP1_lipid,1,-0.16963349817906,82,IDHm
idha10,TAM_SPP1_lipid,0,-0.434865555269826,23,IDHm
idha10,TAM_C1Q,6,-0.00416772891655411,1943,IDHm
idha10,TAM_C1Q,5,-0.0881656415253892,174,IDHm
idha10,TAM_C1Q,4,-0.00475665757087799,156,IDHm
idha10,TAM_C1Q,3,0.0679704398193714,134,IDHm
idha10,TAM_C1Q,2,-0.0565377602424847,114,IDHm
idha10,TAM_C1Q,1,0.0457230325123869,82,IDHm
idha10,TAM_C1Q,0,0.772553676398746,23,IDHm
idha10,Malignant_CNA,6,-0.00191783528471597,1943,IDHm
idha10,Malignant_CNA,5,0.0841891461865574,174,IDHm
idha10,Malignant_CNA,4,-0.113278795711246,156,IDHm
idha10,Malignant_CNA,3,-0.0304809455078352,134,IDHm
idha10,Malignant_CNA,2,0.0824476677663873,114,IDHm
idha10,Malignant_CNA,1,0.00220340831538221,82,IDHm
idha10,Malignant_CNA,0,0.0545072931963888,23,IDHm
idha10,UMI_depth,6,-0.212858203302496,1943,IDHm
idha10,UMI_depth,5,0.266690163538229,174,IDHm
idha10,UMI_depth,4,0.488177955090848,156,IDHm
idha10,UMI_depth,3,0.571176776999054,134,IDHm
idha10,UMI_depth,2,0.757266245730448,114,IDHm
idha10,UMI_depth,1,1.20988452901949,82,IDHm
idha10,UMI_depth,0,1.25856817635589,23,IDHm
idha11,Endothelial,6,0.0162332884144231,1777,IDHm
idha11,Endothelial,3,-0.130612499395924,190,IDHm
idha11,Endothelial,4,-0.0507065352667103,174,IDHm
idha11,Endothelial,5,-0.125019347159316,159,IDHm
idha11,Endothelial,0,0.186241860013709,185,IDHm
idha11,Endothelial,1,0.0613669519820903,213,IDHm
idha11,Endothelial,2,-0.109354402713813,209,IDHm
idha11,Pericyte,6,-0.00479135103020681,1777,IDHm
idha11,Pericyte,3,-0.0866406999478027,190,IDHm
idha11,Pericyte,4,-0.000381177490966115,174,IDHm
idha11,Pericyte,5,-0.074137547397908,159,IDHm
idha11,Pericyte,0,0.345898792562968,185,IDHm
idha11,Pericyte,1,0.0553572187204943,213,IDHm
idha11,Pericyte,2,-0.186374189096454,209,IDHm
idha11,IFN_response,6,0.00779041871864304,1777,IDHm
idha11,IFN_response,3,-0.190662531500966,190,IDHm
idha11,IFN_response,4,-0.0553507652260968,174,IDHm
idha11,IFN_response,5,0.0842385226664223,159,IDHm
idha11,IFN_response,0,0.117677423112372,185,IDHm
idha11,IFN_response,1,0.101753177522141,213,IDHm
idha11,IFN_response,2,-0.118776723064451,209,IDHm
idha11,Hypoxia,6,0.0262075448232007,1777,IDHm
idha11,Hypoxia,3,-0.0425450727423025,190,IDHm
idha11,Hypoxia,4,0.099861300886184,174,IDHm
idha11,Hypoxia,5,-0.125141667213796,159,IDHm
idha11,Hypoxia,0,-0.176421360890334,185,IDHm
idha11,Hypoxia,1,0.016912509413837,213,IDHm
idha11,Hypoxia,2,-0.0331578819972632,209,IDHm
idha11,Inflammation,6,0.0538184707316155,1777,IDHm
idha11,Inflammation,3,0.0547278360475644,190,IDHm
idha11,Inflammation,4,-0.0126044239566501,174,IDHm
idha11,Inflammation,5,-0.0661617483012335,159,IDHm
idha11,Inflammation,0,-0.269763522205964,185,IDHm
idha11,Inflammation,1,-0.119131023878536,213,IDHm
idha11,Inflammation,2,-0.0863141813231263,209,IDHm
idha11,TAM_microglia,6,-0.00211428357447672,1777,IDHm
idha11,TAM_microglia,3,-0.11473776957984,190,IDHm
idha11,TAM_microglia,4,0.0448228776083387,174,IDHm
idha11,TAM_microglia,5,-0.0198086569937317,159,IDHm
idha11,TAM_microglia,0,0.191195566121401,185,IDHm
idha11,TAM_microglia,1,-0.028528715261671,213,IDHm
idha11,TAM_microglia,2,-0.040128753548115,209,IDHm
idha11,TAM_monocyte,6,-0.00076066232500769,1777,IDHm
idha11,TAM_monocyte,3,0.0361811904606149,190,IDHm
idha11,TAM_monocyte,4,0.0525713281696604,174,IDHm
idha11,TAM_monocyte,5,-0.0134316421983948,159,IDHm
idha11,TAM_monocyte,0,-0.028655392849877,185,IDHm
idha11,TAM_monocyte,1,0.0189269580817577,213,IDHm
idha11,TAM_monocyte,2,-0.0538981034552226,209,IDHm
idha11,TAM_SPP1_lipid,6,-0.015774999799652,1777,IDHm
idha11,TAM_SPP1_lipid,3,-0.0333080413849396,190,IDHm
idha11,TAM_SPP1_lipid,4,0.0114939404108369,174,IDHm
idha11,TAM_SPP1_lipid,5,0.0827377171380059,159,IDHm
idha11,TAM_SPP1_lipid,0,0.129604434524135,185,IDHm
idha11,TAM_SPP1_lipid,1,0.0902442182045774,213,IDHm
idha11,TAM_SPP1_lipid,2,-0.11480085652559,209,IDHm
idha11,TAM_C1Q,6,-0.0750129785748577,1777,IDHm
idha11,TAM_C1Q,3,-0.0068598764546791,190,IDHm
idha11,TAM_C1Q,4,0.0871843612789827,174,IDHm
idha11,TAM_C1Q,5,0.0771050865738355,159,IDHm
idha11,TAM_C1Q,0,0.460468526965519,185,IDHm
idha11,TAM_C1Q,1,0.146682723015291,213,IDHm
idha11,TAM_C1Q,2,-0.0442987830849255,209,IDHm
idha11,Malignant_CNA,6,0.00448096995802987,1777,IDHm
idha11,Malignant_CNA,3,0.00155832950538961,190,IDHm
idha11,Malignant_CNA,4,-0.1462121655418,174,IDHm
idha11,Malignant_CNA,5,0.0155883077630469,159,IDHm
idha11,Malignant_CNA,0,0.0632990218334373,185,IDHm
idha11,Malignant_CNA,1,0.00574645959529776,213,IDHm
idha11,Malignant_CNA,2,0.00846552495464659,209,IDHm
idha11,UMI_depth,6,-0.426610234506086,1777,IDHm
idha11,UMI_depth,3,0.491197056328224,190,IDHm
idha11,UMI_depth,4,0.200834163585795,174,IDHm
idha11,UMI_depth,5,0.0127719709304713,159,IDHm
idha11,UMI_depth,0,1.45122307731908,185,IDHm
idha11,UMI_depth,1,1.03540136174077,213,IDHm
idha11,UMI_depth,2,0.663953582862512,209,IDHm
idha12,Endothelial,6,-0.0517418210376307,952,IDHm
idha12,Endothelial,5,-0.0449442453938913,138,IDHm
idha12,Endothelial,4,0.00965299400113597,132,IDHm
idha12,Endothelial,3,-0.0618958829014008,122,IDHm
idha12,Endothelial,2,-0.0570253498396843,115,IDHm
idha12,Endothelial,1,0.189439425378723,102,IDHm
idha12,Endothelial,0,1.02026491335284,48,IDHm
idha12,Pericyte,6,-0.0469697814132322,952,IDHm
idha12,Pericyte,5,-0.103195063586445,138,IDHm
idha12,Pericyte,4,-0.0386626773473313,132,IDHm
idha12,Pericyte,3,-0.158801707289111,122,IDHm
idha12,Pericyte,2,0.0347385311458213,115,IDHm
idha12,Pericyte,1,0.192413811448619,102,IDHm
idha12,Pericyte,0,1.24608942770661,48,IDHm
idha12,IFN_response,6,0.0305609879118703,952,IDHm
idha12,IFN_response,5,0.0174369555171183,138,IDHm
idha12,IFN_response,4,-0.0553918165319,132,IDHm
idha12,IFN_response,3,-0.0411396212656159,122,IDHm
idha12,IFN_response,2,-0.0810419154204367,115,IDHm
idha12,IFN_response,1,-0.0910609198948858,102,IDHm
idha12,IFN_response,0,-0.011699430712881,48,IDHm
idha12,Hypoxia,6,0.00896515294316692,952,IDHm
idha12,Hypoxia,5,0.0235883508306691,138,IDHm
idha12,Hypoxia,4,-0.112097921670025,132,IDHm
idha12,Hypoxia,3,-0.110871914883408,122,IDHm
idha12,Hypoxia,2,-0.074705951754392,115,IDHm
idha12,Hypoxia,1,0.15270111143438,102,IDHm
idha12,Hypoxia,0,0.198936507190421,48,IDHm
idha12,Inflammation,6,-0.0455853342697044,952,IDHm
idha12,Inflammation,5,0.0118973657491889,138,IDHm
idha12,Inflammation,4,0.0790390653110124,132,IDHm
idha12,Inflammation,3,0.0192707892247206,122,IDHm
idha12,Inflammation,2,0.0448240246851885,115,IDHm
idha12,Inflammation,1,0.0435554017121027,102,IDHm
idha12,Inflammation,0,0.403620729822292,48,IDHm
idha12,TAM_microglia,6,-0.0491757435875254,952,IDHm
idha12,TAM_microglia,5,-0.0196565915448021,138,IDHm
idha12,TAM_microglia,4,0.0343359588529759,132,IDHm
idha12,TAM_microglia,3,0.172658404942604,122,IDHm
idha12,TAM_microglia,2,-0.02900349219015,115,IDHm
idha12,TAM_microglia,1,0.0657211507773224,102,IDHm
idha12,TAM_microglia,0,0.428397703739514,48,IDHm
idha12,TAM_monocyte,6,-0.00220910721719688,952,IDHm
idha12,TAM_monocyte,5,0.0936583331580243,138,IDHm
idha12,TAM_monocyte,4,0.0147440625810646,132,IDHm
idha12,TAM_monocyte,3,0.0482687261250462,122,IDHm
idha12,TAM_monocyte,2,-0.139114658122355,115,IDHm
idha12,TAM_monocyte,1,0.0228938508767113,102,IDHm
idha12,TAM_monocyte,0,-0.104036830382204,48,IDHm
idha12,TAM_SPP1_lipid,6,-0.0622469928426419,952,IDHm
idha12,TAM_SPP1_lipid,5,-0.0181363032230378,138,IDHm
idha12,TAM_SPP1_lipid,4,0.126013617649547,132,IDHm
idha12,TAM_SPP1_lipid,3,0.0582769914114423,122,IDHm
idha12,TAM_SPP1_lipid,2,-0.110799072732802,115,IDHm
idha12,TAM_SPP1_lipid,1,0.299799521307933,102,IDHm
idha12,TAM_SPP1_lipid,0,0.420431223747946,48,IDHm
idha12,TAM_C1Q,6,-0.0345649123533939,952,IDHm
idha12,TAM_C1Q,5,-0.0792816160492796,138,IDHm
idha12,TAM_C1Q,4,0.019269338297516,132,IDHm
idha12,TAM_C1Q,3,0.122398196411342,122,IDHm
idha12,TAM_C1Q,2,0.0371735671877453,115,IDHm
idha12,TAM_C1Q,1,0.132146702140204,102,IDHm
idha12,TAM_C1Q,0,0.179512564851756,48,IDHm
idha12,Malignant_CNA,6,0.0489973470663263,952,IDHm
idha12,Malignant_CNA,5,0.0664212126553128,138,IDHm
idha12,Malignant_CNA,4,0.00537376946113303,132,IDHm
idha12,Malignant_CNA,3,0.121647678565336,122,IDHm
idha12,Malignant_CNA,2,-0.151254948802553,115,IDHm
idha12,Malignant_CNA,1,-0.129724725887919,102,IDHm
idha12,Malignant_CNA,0,-0.848660728219894,48,IDHm
idha12,UMI_depth,6,-0.226722923429047,952,IDHm
idha12,UMI_depth,5,0.0383682028011831,138,IDHm
idha12,UMI_depth,4,0.0133292772237752,132,IDHm
idha12,UMI_depth,3,0.230231907635943,122,IDHm
idha12,UMI_depth,2,0.421448387942472,115,IDHm
idha12,UMI_depth,1,0.846912839658402,102,IDHm
idha12,UMI_depth,0,0.955124573629691,48,IDHm
idha13,Endothelial,6,-0.080078584438754,828,IDHm
idha13,Endothelial,0,0.699699342192379,107,IDHm
idha13,Endothelial,1,-0.049972963150513,35,IDHm
idha13,Endothelial,2,-0.0435873184597131,31,IDHm
idha13,Endothelial,3,-0.0918461620587744,29,IDHm
idha13,Endothelial,4,-0.0294044595339447,29,IDHm
idha13,Endothelial,5,-0.064874436352941,30,IDHm
idha13,Pericyte,6,-0.0522261124867422,828,IDHm
idha13,Pericyte,0,0.438559541122576,107,IDHm
idha13,Pericyte,1,0.135045620732748,35,IDHm
idha13,Pericyte,2,-0.114242928033912,31,IDHm
idha13,Pericyte,3,-0.0369351047037814,29,IDHm
idha13,Pericyte,4,-0.137068390501741,29,IDHm
idha13,Pericyte,5,0.00594618810907206,30,IDHm
idha13,IFN_response,6,-0.0337395466439471,828,IDHm
idha13,IFN_response,0,0.247286555444891,107,IDHm
idha13,IFN_response,1,-0.200479261688596,35,IDHm
idha13,IFN_response,2,-0.143953669554375,31,IDHm
idha13,IFN_response,3,-0.029446557050499,29,IDHm
idha13,IFN_response,4,0.129566880632778,29,IDHm
idha13,IFN_response,5,0.335084390666175,30,IDHm
idha13,Hypoxia,6,0.0224141892026487,828,IDHm
idha13,Hypoxia,0,-0.25888090924933,107,IDHm
idha13,Hypoxia,1,0.0113145220360314,35,IDHm
idha13,Hypoxia,2,-0.0244693297048121,31,IDHm
idha13,Hypoxia,3,-0.0304039972341328,29,IDHm
idha13,Hypoxia,4,0.332902027036288,29,IDHm
idha13,Hypoxia,5,0.0243802238403572,30,IDHm
idha13,Inflammation,6,-0.0788038925665646,828,IDHm
idha13,Inflammation,0,0.90867502953497,107,IDHm
idha13,Inflammation,1,-0.0946610690783185,35,IDHm
idha13,Inflammation,2,-0.279040812465184,31,IDHm
idha13,Inflammation,3,-0.301262651646769,29,IDHm
idha13,Inflammation,4,-0.296335633458761,29,IDHm
idha13,Inflammation,5,-0.0894950747634708,30,IDHm
idha13,TAM_microglia,6,-0.108431642463293,828,IDHm
idha13,TAM_microglia,0,0.534991943148253,107,IDHm
idha13,TAM_microglia,1,0.248034077312871,35,IDHm
idha13,TAM_microglia,2,-0.121130065360605,31,IDHm
idha13,TAM_microglia,3,0.399652077583585,29,IDHm
idha13,TAM_microglia,4,0.491380019001378,29,IDHm
idha13,TAM_microglia,5,0.0590390187336009,30,IDHm
idha13,TAM_monocyte,6,-0.053146076092934,828,IDHm
idha13,TAM_monocyte,0,0.270010885646939,107,IDHm
idha13,TAM_monocyte,1,0.217195310864848,35,IDHm
idha13,TAM_monocyte,2,0.0896598832589374,31,IDHm
idha13,TAM_monocyte,3,0.0322086288990059,29,IDHm
idha13,TAM_monocyte,4,0.0326692527706795,29,IDHm
idha13,TAM_monocyte,5,0.0950345137003094,30,IDHm
idha13,TAM_SPP1_lipid,6,-0.137463247936176,828,IDHm
idha13,TAM_SPP1_lipid,0,0.540213288470187,107,IDHm
idha13,TAM_SPP1_lipid,1,0.26838425289639,35,IDHm
idha13,TAM_SPP1_lipid,2,0.33654043498775,31,IDHm
idha13,TAM_SPP1_lipid,3,0.462769159123433,29,IDHm
idha13,TAM_SPP1_lipid,4,0.500021353275955,29,IDHm
idha13,TAM_SPP1_lipid,5,0.275654007642242,30,IDHm
idha13,TAM_C1Q,6,-0.260823759870763,828,IDHm
idha13,TAM_C1Q,0,1.34978033889169,107,IDHm
idha13,TAM_C1Q,1,0.846539245124115,35,IDHm
idha13,TAM_C1Q,2,0.592212255137126,31,IDHm
idha13,TAM_C1Q,3,0.57608900837832,29,IDHm
idha13,TAM_C1Q,4,0.377683859979712,29,IDHm
idha13,TAM_C1Q,5,-0.137042991979913,30,IDHm
idha13,Malignant_CNA,6,-0.0349132890888625,828,IDHm
idha13,Malignant_CNA,0,0.13237801631356,107,IDHm
idha13,Malignant_CNA,1,0.247331400973158,35,IDHm
idha13,Malignant_CNA,2,-0.0546931720810367,31,IDHm
idha13,Malignant_CNA,3,0.249171024125476,29,IDHm
idha13,Malignant_CNA,4,0.0758133373066735,29,IDHm
idha13,Malignant_CNA,5,-0.0547300520351178,30,IDHm
idha13,UMI_depth,6,-0.210899949452817,828,IDHm
idha13,UMI_depth,0,1.01527186359482,107,IDHm
idha13,UMI_depth,1,0.295000991499163,35,IDHm
idha13,UMI_depth,2,0.323475526631944,31,IDHm
idha13,UMI_depth,3,0.597102431677245,29,IDHm
idha13,UMI_depth,4,0.452657924702709,29,IDHm
idha13,UMI_depth,5,0.506508079306869,30,IDHm
idha14,Endothelial,6,9.07020322108382e-05,2133,IDHm
idha14,Endothelial,5,0.00798401887859464,199,IDHm
idha14,Endothelial,4,0.0786188369067291,229,IDHm
idha14,Endothelial,3,-0.0218013378648892,259,IDHm
idha14,Endothelial,2,-0.107780186954812,307,IDHm
idha14,Endothelial,1,0.0961782626513543,296,IDHm
idha14,Endothelial,0,-0.0610237351657334,156,IDHm
idha14,Pericyte,6,-0.0180992722765984,2133,IDHm
idha14,Pericyte,5,0.0126678909406657,199,IDHm
idha14,Pericyte,4,0.0667459982274991,229,IDHm
idha14,Pericyte,3,-0.0160649340601504,259,IDHm
idha14,Pericyte,2,0.0321797454442003,307,IDHm
idha14,Pericyte,1,0.0725205419000162,296,IDHm
idha14,Pericyte,0,-0.0409259003685947,156,IDHm
idha14,IFN_response,6,0.0186657199193444,2133,IDHm
idha14,IFN_response,5,0.0590078290561299,199,IDHm
idha14,IFN_response,4,0.00582637904896953,229,IDHm
idha14,IFN_response,3,-0.034376047233431,259,IDHm
idha14,IFN_response,2,-0.0887589406735198,307,IDHm
idha14,IFN_response,1,-0.0103938234938754,296,IDHm
idha14,IFN_response,0,-0.0875757474226212,156,IDHm
idha14,Hypoxia,6,0.0508596210295372,2133,IDHm
idha14,Hypoxia,5,-0.0588318824495698,199,IDHm
idha14,Hypoxia,4,-0.0174615504494861,229,IDHm
idha14,Hypoxia,3,-0.0567242487933034,259,IDHm
idha14,Hypoxia,2,-0.10961136975836,307,IDHm
idha14,Hypoxia,1,-0.0740779854388127,296,IDHm
idha14,Hypoxia,0,-0.144281906105357,156,IDHm
idha14,Inflammation,6,0.0594610704265736,2133,IDHm
idha14,Inflammation,5,0.0695790885313493,199,IDHm
idha14,Inflammation,4,-0.0690745444530456,229,IDHm
idha14,Inflammation,3,-0.105214061858021,259,IDHm
idha14,Inflammation,2,-0.183967201886892,307,IDHm
idha14,Inflammation,1,-0.051438583145822,296,IDHm
idha14,Inflammation,0,-0.166054086834647,156,IDHm
idha14,TAM_microglia,6,-0.000754382253939761,2133,IDHm
idha14,TAM_microglia,5,-0.0404051079355354,199,IDHm
idha14,TAM_microglia,4,0.059298352044666,229,IDHm
idha14,TAM_microglia,3,-0.0174775375745002,259,IDHm
idha14,TAM_microglia,2,-0.103821282265684,307,IDHm
idha14,TAM_microglia,1,0.0517222407325317,296,IDHm
idha14,TAM_microglia,0,0.110002716917486,156,IDHm
idha14,TAM_monocyte,6,-0.000540899571353516,2133,IDHm
idha14,TAM_monocyte,5,0.169713763092147,199,IDHm
idha14,TAM_monocyte,4,-0.022293596644268,229,IDHm
idha14,TAM_monocyte,3,-0.0582741632289654,259,IDHm
idha14,TAM_monocyte,2,-0.0323819738391517,307,IDHm
idha14,TAM_monocyte,1,-0.0307753854420961,296,IDHm
idha14,TAM_monocyte,0,0.0424982172928158,156,IDHm
idha14,TAM_SPP1_lipid,6,-0.00635202987604873,2133,IDHm
idha14,TAM_SPP1_lipid,5,-0.139396338101006,199,IDHm
idha14,TAM_SPP1_lipid,4,0.0282132889477302,229,IDHm
idha14,TAM_SPP1_lipid,3,0.018133103557784,259,IDHm
idha14,TAM_SPP1_lipid,2,-0.0420849793718728,307,IDHm
idha14,TAM_SPP1_lipid,1,0.00195710882133743,296,IDHm
idha14,TAM_SPP1_lipid,0,0.272257810726058,156,IDHm
idha14,TAM_C1Q,6,-0.0582462893077796,2133,IDHm
idha14,TAM_C1Q,5,-0.0433887951656814,199,IDHm
idha14,TAM_C1Q,4,0.0448793781482589,229,IDHm
idha14,TAM_C1Q,3,0.0134185814279509,259,IDHm
idha14,TAM_C1Q,2,0.0820569701212254,307,IDHm
idha14,TAM_C1Q,1,0.207838906576284,296,IDHm
idha14,TAM_C1Q,0,0.207750698537675,156,IDHm
idha14,Malignant_CNA,6,-0.0582374590894957,2133,IDHm
idha14,Malignant_CNA,5,0.00773679794817069,199,IDHm
idha14,Malignant_CNA,4,-0.0193335965182638,229,IDHm
idha14,Malignant_CNA,3,0.0242600664914885,259,IDHm
idha14,Malignant_CNA,2,0.0966303638744732,307,IDHm
idha14,Malignant_CNA,1,0.240197532946749,296,IDHm
idha14,Malignant_CNA,0,0.128595656191629,156,IDHm
idha14,UMI_depth,6,-0.384262189823508,2133,IDHm
idha14,UMI_depth,5,0.0485419913032337,199,IDHm
idha14,UMI_depth,4,0.225735055149697,229,IDHm
idha14,UMI_depth,3,0.318661998245116,259,IDHm
idha14,UMI_depth,2,0.509125013149024,307,IDHm
idha14,UMI_depth,1,0.98077171367946,296,IDHm
idha14,UMI_depth,0,1.46881284079207,156,IDHm
idha15,Endothelial,6,0.00560202551672555,2003,IDHm
idha15,Endothelial,5,0.0148812258299047,253,IDHm
idha15,Endothelial,4,-0.0369573369596282,297,IDHm
idha15,Endothelial,3,-0.0631647765767907,332,IDHm
idha15,Endothelial,2,0.0142536777078933,401,IDHm
idha15,Endothelial,1,0.0392571180492574,327,IDHm
idha15,Endothelial,0,-0.012242882364889,130,IDHm
idha15,Pericyte,6,0.0174969688312966,2003,IDHm
idha15,Pericyte,5,-0.0378413673206479,253,IDHm
idha15,Pericyte,4,-0.0478809667614405,297,IDHm
idha15,Pericyte,3,-0.0920307875582032,332,IDHm
idha15,Pericyte,2,-0.0139089554448998,401,IDHm
idha15,Pericyte,1,0.0223593621359331,327,IDHm
idha15,Pericyte,0,0.135140659042021,130,IDHm
idha15,IFN_response,6,-0.0617527650327659,2003,IDHm
idha15,IFN_response,5,0.0954472290869491,253,IDHm
idha15,IFN_response,4,0.116141229698129,297,IDHm
idha15,IFN_response,3,0.0580585695523616,332,IDHm
idha15,IFN_response,2,0.00222655095772671,401,IDHm
idha15,IFN_response,1,0.110097241177162,327,IDHm
idha15,IFN_response,0,0.0682969560840259,130,IDHm
idha15,Hypoxia,6,0.0514918973407249,2003,IDHm
idha15,Hypoxia,5,-0.0219172338571341,253,IDHm
idha15,Hypoxia,4,-0.0269195881287598,297,IDHm
idha15,Hypoxia,3,-0.0298125327286898,332,IDHm
idha15,Hypoxia,2,-0.00183065973015002,401,IDHm
idha15,Hypoxia,1,-0.182161501292874,327,IDHm
idha15,Hypoxia,0,-0.149226355329926,130,IDHm
idha15,Inflammation,6,0.0731415109509502,2003,IDHm
idha15,Inflammation,5,-0.105531539732374,253,IDHm
idha15,Inflammation,4,-0.0785403641465307,297,IDHm
idha15,Inflammation,3,-0.0414031912640236,332,IDHm
idha15,Inflammation,2,-0.0918565441149004,401,IDHm
idha15,Inflammation,1,-0.0888528239165398,327,IDHm
idha15,Inflammation,0,-0.129548243234647,130,IDHm
idha15,TAM_microglia,6,-0.000475655869646398,2003,IDHm
idha15,TAM_microglia,5,-0.047258609199126,253,IDHm
idha15,TAM_microglia,4,-0.104677656725096,297,IDHm
idha15,TAM_microglia,3,-0.0161948714689205,332,IDHm
idha15,TAM_microglia,2,-0.00894342957914401,401,IDHm
idha15,TAM_microglia,1,0.106133873512439,327,IDHm
idha15,TAM_microglia,0,0.140428206399882,130,IDHm
idha15,TAM_monocyte,6,0.0893196402601193,2003,IDHm
idha15,TAM_monocyte,5,-0.254297548661516,253,IDHm
idha15,TAM_monocyte,4,-0.158704075408718,297,IDHm
idha15,TAM_monocyte,3,-0.0585487077534109,332,IDHm
idha15,TAM_monocyte,2,-0.105002851071131,401,IDHm
idha15,TAM_monocyte,1,0.0030127616420904,327,IDHm
idha15,TAM_monocyte,0,-0.052890061819801,130,IDHm
idha15,TAM_SPP1_lipid,6,-0.149415793814058,2003,IDHm
idha15,TAM_SPP1_lipid,5,0.035482069738684,253,IDHm
idha15,TAM_SPP1_lipid,4,0.13102623810117,297,IDHm
idha15,TAM_SPP1_lipid,3,0.139523878948136,332,IDHm
idha15,TAM_SPP1_lipid,2,0.131577540591651,401,IDHm
idha15,TAM_SPP1_lipid,1,0.279241345626401,327,IDHm
idha15,TAM_SPP1_lipid,0,0.469166438782748,130,IDHm
idha15,TAM_C1Q,6,-0.00342894336984989,2003,IDHm
idha15,TAM_C1Q,5,-0.0438822820713715,253,IDHm
idha15,TAM_C1Q,4,-0.0838602344164278,297,IDHm
idha15,TAM_C1Q,3,0.051701213384887,332,IDHm
idha15,TAM_C1Q,2,0.00628823154485163,401,IDHm
idha15,TAM_C1Q,1,0.0469425378754672,327,IDHm
idha15,TAM_C1Q,0,0.0603098998230737,130,IDHm
idha15,Malignant_CNA,6,0.143621386409634,2003,IDHm
idha15,Malignant_CNA,5,-0.146895472559932,253,IDHm
idha15,Malignant_CNA,4,-0.0577984632115469,297,IDHm
idha15,Malignant_CNA,3,-0.217679064557464,332,IDHm
idha15,Malignant_CNA,2,-0.154804170922891,401,IDHm
idha15,Malignant_CNA,1,-0.192179285494678,327,IDHm
idha15,Malignant_CNA,0,-0.278110696285286,130,IDHm
idha15,UMI_depth,6,-0.31346827530321,2003,IDHm
idha15,UMI_depth,5,0.00455782881900875,253,IDHm
idha15,UMI_depth,4,0.100774615607689,297,IDHm
idha15,UMI_depth,3,0.188099341730306,332,IDHm
idha15,UMI_depth,2,0.452810034267339,401,IDHm
idha15,UMI_depth,1,0.765140637717449,327,IDHm
idha15,UMI_depth,0,0.788976693664309,130,IDHm
idha16,T_cell,6,-0.0800643769587792,715,IDHm
idha16,T_cell,5,-0.152154051022129,169,IDHm
idha16,T_cell,4,0.0469122451200847,196,IDHm
idha16,T_cell,3,0.0425245112911754,209,IDHm
idha16,T_cell,2,-0.0273771912397705,217,IDHm
idha16,T_cell,1,0.0325479754174361,210,IDHm
idha16,T_cell,0,0.207066074130237,309,IDHm
idha16,Endothelial,6,-0.0535378588129452,715,IDHm
idha16,Endothelial,5,-0.140631785732766,169,IDHm
idha16,Endothelial,4,-0.170277107471145,196,IDHm
idha16,Endothelial,3,-0.0861000011446587,209,IDHm
idha16,Endothelial,2,-0.113733387354984,217,IDHm
idha16,Endothelial,1,0.104739897774289,210,IDHm
idha16,Endothelial,0,0.375729193097418,309,IDHm
idha16,Pericyte,6,-0.0307256938913769,715,IDHm
idha16,Pericyte,5,0.115185786370551,169,IDHm
idha16,Pericyte,4,0.115033367970409,196,IDHm
idha16,Pericyte,3,0.133454088952014,209,IDHm
idha16,Pericyte,2,0.0868462338477271,217,IDHm
idha16,Pericyte,1,-0.149379069359778,210,IDHm
idha16,Pericyte,0,-0.114601940637098,309,IDHm
idha16,IFN_response,6,-0.121648339286201,715,IDHm
idha16,IFN_response,5,-0.194848053287476,169,IDHm
idha16,IFN_response,4,-0.024258858968148,196,IDHm
idha16,IFN_response,3,0.0511586691085392,209,IDHm
idha16,IFN_response,2,0.119760371847444,217,IDHm
idha16,IFN_response,1,0.297531272904939,210,IDHm
idha16,IFN_response,0,0.0825271524542296,309,IDHm
idha16,Hypoxia,6,0.102882384310246,715,IDHm
idha16,Hypoxia,5,0.247326833167512,169,IDHm
idha16,Hypoxia,4,0.237078606768447,196,IDHm
idha16,Hypoxia,3,0.136067204542578,209,IDHm
idha16,Hypoxia,2,0.0996832737172851,217,IDHm
idha16,Hypoxia,1,-0.0650558903423594,210,IDHm
idha16,Hypoxia,0,-0.641534387339498,309,IDHm
idha16,Inflammation,6,-0.0811522804843913,715,IDHm
idha16,Inflammation,5,0.0362699735044715,169,IDHm
idha16,Inflammation,4,0.145555327103749,196,IDHm
idha16,Inflammation,3,0.188858098668155,209,IDHm
idha16,Inflammation,2,0.00173063236009197,217,IDHm
idha16,Inflammation,1,0.0206844691988717,210,IDHm
idha16,Inflammation,0,-0.0673955257728099,309,IDHm
idha16,TAM_microglia,6,-0.168104621484059,715,IDHm
idha16,TAM_microglia,5,-0.119069669263767,169,IDHm
idha16,TAM_microglia,4,-0.102238175123054,196,IDHm
idha16,TAM_microglia,3,-0.0318704582674286,209,IDHm
idha16,TAM_microglia,2,-0.0678366563603529,217,IDHm
idha16,TAM_microglia,1,0.160675059200411,210,IDHm
idha16,TAM_microglia,0,0.478951386947573,309,IDHm
idha16,TAM_monocyte,6,-0.187340450678041,715,IDHm
idha16,TAM_monocyte,5,-0.0778238653177466,169,IDHm
idha16,TAM_monocyte,4,0.114329730113026,196,IDHm
idha16,TAM_monocyte,3,0.0873619583374413,209,IDHm
idha16,TAM_monocyte,2,0.0728099518547719,217,IDHm
idha16,TAM_monocyte,1,0.228613847828767,210,IDHm
idha16,TAM_monocyte,0,0.137944050104509,309,IDHm
idha16,TAM_SPP1_lipid,6,-0.0396528942557458,715,IDHm
idha16,TAM_SPP1_lipid,5,0.0155039431394257,169,IDHm
idha16,TAM_SPP1_lipid,4,-0.0387893302606236,196,IDHm
idha16,TAM_SPP1_lipid,3,-0.0599156622656138,209,IDHm
idha16,TAM_SPP1_lipid,2,-0.0359815444918103,217,IDHm
idha16,TAM_SPP1_lipid,1,0.126802839754164,210,IDHm
idha16,TAM_SPP1_lipid,0,0.0874955791366963,309,IDHm
idha16,TAM_C1Q,6,-0.3085014286265,715,IDHm
idha16,TAM_C1Q,5,-0.105000942785761,169,IDHm
idha16,TAM_C1Q,4,-0.0358161580808049,196,IDHm
idha16,TAM_C1Q,3,0.0485178320775301,209,IDHm
idha16,TAM_C1Q,2,0.132846948692561,217,IDHm
idha16,TAM_C1Q,1,0.414394771431548,210,IDHm
idha16,TAM_C1Q,0,0.386254792917361,309,IDHm
idha16,Malignant_CNA,6,-0.190073613523822,715,IDHm
idha16,Malignant_CNA,5,0.0113539923273122,169,IDHm
idha16,Malignant_CNA,4,0.105638622056196,196,IDHm
idha16,Malignant_CNA,3,0.000499998206569724,209,IDHm
idha16,Malignant_CNA,2,0.158424209364233,217,IDHm
idha16,Malignant_CNA,1,0.0961675548885611,210,IDHm
idha16,Malignant_CNA,0,0.189646923816807,309,IDHm
idha16,UMI_depth,6,-0.817218940793804,715,IDHm
idha16,UMI_depth,5,-0.112978282677858,169,IDHm
idha16,UMI_depth,4,0.0842920217082263,196,IDHm
idha16,UMI_depth,3,0.21082042881928,209,IDHm
idha16,UMI_depth,2,0.356123853432339,217,IDHm
idha16,UMI_depth,1,0.688141905817881,210,IDHm
idha16,UMI_depth,0,1.03894333380425,309,IDHm
idha17,T_cell,6,-0.0437726490160184,2005,IDHm
idha17,T_cell,4,-0.0374106184756492,269,IDHm
idha17,T_cell,5,-0.0152940723646325,234,IDHm
idha17,T_cell,3,0.0387724980192679,296,IDHm
idha17,T_cell,2,0.040133145445711,325,IDHm
idha17,T_cell,1,-0.00100411734085775,279,IDHm
idha17,T_cell,0,0.448643300203083,172,IDHm
idha17,Endothelial,6,0.027428949639443,2005,IDHm
idha17,Endothelial,4,-0.0036283773000103,269,IDHm
idha17,Endothelial,5,0.0319956146476451,234,IDHm
idha17,Endothelial,3,-0.0651259158920718,296,IDHm
idha17,Endothelial,2,-0.0718544162939375,325,IDHm
idha17,Endothelial,1,-0.0486382114856177,279,IDHm
idha17,Endothelial,0,-0.0308486450980178,172,IDHm
idha17,Pericyte,6,0.0198363309129993,2005,IDHm
idha17,Pericyte,4,-0.0033858648444055,269,IDHm
idha17,Pericyte,5,-0.0813519458386586,234,IDHm
idha17,Pericyte,3,-0.081937262005937,296,IDHm
idha17,Pericyte,2,-0.0225103167715983,325,IDHm
idha17,Pericyte,1,0.0442949115053871,279,IDHm
idha17,Pericyte,0,-0.00356795532934945,172,IDHm
idha17,IFN_response,6,-0.105173746961287,2005,IDHm
idha17,IFN_response,4,0.257906299942699,269,IDHm
idha17,IFN_response,5,0.098859741452104,234,IDHm
idha17,IFN_response,3,0.0755969048647102,296,IDHm
idha17,IFN_response,2,0.100492473765583,325,IDHm
idha17,IFN_response,1,0.0688342001582091,279,IDHm
idha17,IFN_response,0,0.256522725669145,172,IDHm
idha17,Hypoxia,6,0.0738336083489616,2005,IDHm
idha17,Hypoxia,4,-0.00255420672114583,269,IDHm
idha17,Hypoxia,5,-0.0548710060887898,234,IDHm
idha17,Hypoxia,3,-0.0261713942749662,296,IDHm
idha17,Hypoxia,2,-0.106168865316251,325,IDHm
idha17,Hypoxia,1,-0.195992777122888,279,IDHm
idha17,Hypoxia,0,-0.218464470677014,172,IDHm
idha17,Inflammation,6,-0.117829933837021,2005,IDHm
idha17,Inflammation,4,0.198658974748648,269,IDHm
idha17,Inflammation,5,0.198308987614596,234,IDHm
idha17,Inflammation,3,0.146761595990671,296,IDHm
idha17,Inflammation,2,0.134135390664088,325,IDHm
idha17,Inflammation,1,0.16636947544857,279,IDHm
idha17,Inflammation,0,0.0171682093302747,172,IDHm
idha17,TAM_microglia,6,-0.0668959243825222,2005,IDHm
idha17,TAM_microglia,4,-0.0114494412904285,269,IDHm
idha17,TAM_microglia,5,0.0497508274970561,234,IDHm
idha17,TAM_microglia,3,0.106264658730351,296,IDHm
idha17,TAM_microglia,2,0.0730201726724667,325,IDHm
idha17,TAM_microglia,1,0.109674658132701,279,IDHm
idha17,TAM_microglia,0,0.231275638011697,172,IDHm
idha17,TAM_monocyte,6,-0.147551339613541,2005,IDHm
idha17,TAM_monocyte,4,0.193095737809218,269,IDHm
idha17,TAM_monocyte,5,0.138995922749556,234,IDHm
idha17,TAM_monocyte,3,0.233879919753506,296,IDHm
idha17,TAM_monocyte,2,0.198679802590021,325,IDHm
idha17,TAM_monocyte,1,0.177917905645238,279,IDHm
idha17,TAM_monocyte,0,0.16240784167011,172,IDHm
idha17,TAM_SPP1_lipid,6,-0.0247136817895273,2005,IDHm
idha17,TAM_SPP1_lipid,4,-0.122985047108643,269,IDHm
idha17,TAM_SPP1_lipid,5,-0.0498117210583031,234,IDHm
idha17,TAM_SPP1_lipid,3,0.0798205629906744,296,IDHm
idha17,TAM_SPP1_lipid,2,0.143062669201557,325,IDHm
idha17,TAM_SPP1_lipid,1,0.0416210679576731,279,IDHm
idha17,TAM_SPP1_lipid,0,0.072996048208916,172,IDHm
idha17,TAM_C1Q,6,-0.212847656256558,2005,IDHm
idha17,TAM_C1Q,4,0.123789901560547,269,IDHm
idha17,TAM_C1Q,5,0.173613707303485,234,IDHm
idha17,TAM_C1Q,3,0.158688279108223,296,IDHm
idha17,TAM_C1Q,2,0.330191531061963,325,IDHm
idha17,TAM_C1Q,1,0.343364263813567,279,IDHm
idha17,TAM_C1Q,0,0.597394488083953,172,IDHm
idha17,Malignant_CNA,6,-0.23818048571053,2005,IDHm
idha17,Malignant_CNA,4,0.238582347904608,269,IDHm
idha17,Malignant_CNA,5,0.256178029518765,234,IDHm
idha17,Malignant_CNA,3,0.334041376520288,296,IDHm
idha17,Malignant_CNA,2,0.394568217837336,325,IDHm
idha17,Malignant_CNA,1,0.241544823958103,279,IDHm
idha17,Malignant_CNA,0,0.342590925723443,172,IDHm
idha17,UMI_depth,6,-0.138938285998281,2005,IDHm
idha17,UMI_depth,4,-0.0631715890571087,269,IDHm
idha17,UMI_depth,5,-0.073996771753017,234,IDHm
idha17,UMI_depth,3,-0.0280427080772347,296,IDHm
idha17,UMI_depth,2,0.10127592205231,325,IDHm
idha17,UMI_depth,1,0.461857710642165,279,IDHm
idha17,UMI_depth,0,0.926786808882664,172,IDHm
idho03,Endothelial,6,-0.16072010597351,359,IDHm
idho03,Endothelial,4,0.036057160927153,57,IDHm
idho03,Endothelial,5,0.154453984952424,55,IDHm
idho03,Endothelial,2,-0.0139797916506468,75,IDHm
idho03,Endothelial,3,0.01282675506658,62,IDHm
idho03,Endothelial,1,0.306348866825098,62,IDHm
idho03,Endothelial,0,0.979582293647363,29,IDHm
idho03,Pericyte,6,-0.178411051823146,359,IDHm
idho03,Pericyte,4,0.210233425540636,57,IDHm
idho03,Pericyte,5,0.240579925187163,55,IDHm
idho03,Pericyte,2,0.13261394812311,75,IDHm
idho03,Pericyte,3,0.131003616137221,62,IDHm
idho03,Pericyte,1,0.0726958308705668,62,IDHm
idho03,Pericyte,0,0.560653608264937,29,IDHm
idho03,IFN_response,6,-0.10869454864044,359,IDHm
idho03,IFN_response,4,-0.0482381806985253,57,IDHm
idho03,IFN_response,5,-0.0173063264749883,55,IDHm
idho03,IFN_response,2,0.275205451267725,75,IDHm
idho03,IFN_response,3,-0.063281440344561,62,IDHm
idho03,IFN_response,1,0.278981888053714,62,IDHm
idho03,IFN_response,0,0.300307952234881,29,IDHm
idho03,Hypoxia,6,-0.0225719672351696,359,IDHm
idho03,Hypoxia,4,-0.0960020178528043,57,IDHm
idho03,Hypoxia,5,-0.0536315074559395,55,IDHm
idho03,Hypoxia,2,0.0723697082959094,75,IDHm
idho03,Hypoxia,3,-0.0486378233138188,62,IDHm
idho03,Hypoxia,1,0.235303347339787,62,IDHm
idho03,Hypoxia,0,-0.0164071188514074,29,IDHm
idho03,TAM_microglia,6,-0.0805629137906921,359,IDHm
idho03,TAM_microglia,4,0.028759539634287,57,IDHm
idho03,TAM_microglia,5,0.157582972041481,55,IDHm
idho03,TAM_microglia,2,0.0652322787661962,75,IDHm
idho03,TAM_microglia,3,-0.12029986091316,62,IDHm
idho03,TAM_microglia,1,0.271304831015069,62,IDHm
idho03,TAM_microglia,0,0.150379302608262,29,IDHm
idho03,TAM_monocyte,6,-0.0404064595928142,359,IDHm
idho03,TAM_monocyte,4,-0.122376281244814,57,IDHm
idho03,TAM_monocyte,5,0.0931426871079475,55,IDHm
idho03,TAM_monocyte,2,0.100883690533297,75,IDHm
idho03,TAM_monocyte,3,0.0807594074454052,62,IDHm
idho03,TAM_monocyte,1,0.0459190090295594,62,IDHm
idho03,TAM_monocyte,0,0.0323510559445694,29,IDHm
idho03,TAM_SPP1_lipid,6,-0.094872000209927,359,IDHm
idho03,TAM_SPP1_lipid,4,-0.105598157628792,57,IDHm
idho03,TAM_SPP1_lipid,5,-0.303598936373314,55,IDHm
idho03,TAM_SPP1_lipid,2,0.352224142918393,75,IDHm
idho03,TAM_SPP1_lipid,3,-0.158724761066513,62,IDHm
idho03,TAM_SPP1_lipid,1,0.482933530425929,62,IDHm
idho03,TAM_SPP1_lipid,0,0.353735522123239,29,IDHm
idho03,TAM_C1Q,6,-0.131647086759727,359,IDHm
idho03,TAM_C1Q,4,-0.0415392209989765,57,IDHm
idho03,TAM_C1Q,5,0.109648682530264,55,IDHm
idho03,TAM_C1Q,2,0.0130248182072919,75,IDHm
idho03,TAM_C1Q,3,-0.0400460560970198,62,IDHm
idho03,TAM_C1Q,1,0.391132650317004,62,IDHm
idho03,TAM_C1Q,0,0.719107999908044,29,IDHm
idho03,Malignant_CNA,6,0.0920476564787612,359,IDHm
idho03,Malignant_CNA,4,-0.069373366413826,57,IDHm
idho03,Malignant_CNA,5,0.112230692270818,55,IDHm
idho03,Malignant_CNA,2,-0.110170915248848,75,IDHm
idho03,Malignant_CNA,3,-0.0136065216491033,62,IDHm
idho03,Malignant_CNA,1,-0.276065485589544,62,IDHm
idho03,Malignant_CNA,0,-0.311759716300775,29,IDHm
idho03,UMI_depth,6,-0.530117352830048,359,IDHm
idho03,UMI_depth,4,0.348188315420995,57,IDHm
idho03,UMI_depth,5,0.215764175352093,55,IDHm
idho03,UMI_depth,2,0.564928537313111,75,IDHm
idho03,UMI_depth,3,0.535730219122923,62,IDHm
idho03,UMI_depth,1,0.898501002882466,62,IDHm
idho03,UMI_depth,0,0.941599654476119,29,IDHm
idho05,T_cell,6,-0.00298825051469087,2033,IDHm
idho05,T_cell,5,-0.0630990903627071,112,IDHm
idho05,T_cell,1,0.116345378338735,117,IDHm
idho05,T_cell,2,0.00397954556022753,145,IDHm
idho05,T_cell,3,-0.0615324190091712,152,IDHm
idho05,T_cell,4,0.0216037371389159,127,IDHm
idho05,T_cell,0,0.0942715443707865,59,IDHm
idho05,Endothelial,6,-0.0455890668984939,2033,IDHm
idho05,Endothelial,5,0.0618293941724018,112,IDHm
idho05,Endothelial,1,0.294778506094748,117,IDHm
idho05,Endothelial,2,0.0932447905433339,145,IDHm
idho05,Endothelial,3,0.0830590517808508,152,IDHm
idho05,Endothelial,4,0.0454775133405325,127,IDHm
idho05,Endothelial,0,0.327923405941075,59,IDHm
idho05,Pericyte,6,-0.0152415735928954,2033,IDHm
idho05,Pericyte,5,-0.0532218103255886,112,IDHm
idho05,Pericyte,1,0.162801150770247,117,IDHm
idho05,Pericyte,2,0.0803708501785398,145,IDHm
idho05,Pericyte,3,-0.0170932437831005,152,IDHm
idho05,Pericyte,4,-0.0392033445282861,127,IDHm
idho05,Pericyte,0,0.234278843473543,59,IDHm
idho05,IFN_response,6,-0.00763244348830543,2033,IDHm
idho05,IFN_response,5,-0.115382025598202,112,IDHm
idho05,IFN_response,1,0.0725998093872873,117,IDHm
idho05,IFN_response,2,0.101080896061384,145,IDHm
idho05,IFN_response,3,-0.0666738029125989,152,IDHm
idho05,IFN_response,4,0.00544501141464681,127,IDHm
idho05,IFN_response,0,0.249687092280762,59,IDHm
idho05,Hypoxia,6,0.0161605961099657,2033,IDHm
idho05,Hypoxia,5,-0.121045042406785,112,IDHm
idho05,Hypoxia,1,-0.000914743818660591,117,IDHm
idho05,Hypoxia,2,-0.0235948688433806,145,IDHm
idho05,Hypoxia,3,0.0655122691926138,152,IDHm
idho05,Hypoxia,4,0.0954943090250154,127,IDHm
idho05,Hypoxia,0,-0.641606920277648,59,IDHm
idho05,Inflammation,6,-0.0474120299899627,2033,IDHm
idho05,Inflammation,5,0.0610470722786405,112,IDHm
idho05,Inflammation,1,0.305482823770298,117,IDHm
idho05,Inflammation,2,0.144329744063835,145,IDHm
idho05,Inflammation,3,0.0319434290816362,152,IDHm
idho05,Inflammation,4,0.130926075201468,127,IDHm
idho05,Inflammation,0,0.193204556491698,59,IDHm
idho05,TAM_microglia,6,-0.0270537590911033,2033,IDHm
idho05,TAM_microglia,5,0.0931396579538995,112,IDHm
idho05,TAM_microglia,1,0.172237314322722,117,IDHm
idho05,TAM_microglia,2,0.0325322804661322,145,IDHm
idho05,TAM_microglia,3,0.0677972375668221,152,IDHm
idho05,TAM_microglia,4,-0.0719396655170989,127,IDHm
idho05,TAM_microglia,0,0.314082398449888,59,IDHm
idho05,TAM_SPP1_lipid,6,-0.00347513545507634,2033,IDHm
idho05,TAM_SPP1_lipid,5,0.0363858521759779,112,IDHm
idho05,TAM_SPP1_lipid,1,0.231571167290182,117,IDHm
idho05,TAM_SPP1_lipid,2,-0.11324219596146,145,IDHm
idho05,TAM_SPP1_lipid,3,-0.169368183979622,152,IDHm
idho05,TAM_SPP1_lipid,4,-0.00658350957607868,127,IDHm
idho05,TAM_SPP1_lipid,0,0.32027282133874,59,IDHm
idho05,TAM_C1Q,6,-0.0471132436728543,2033,IDHm
idho05,TAM_C1Q,5,0.13469462263739,112,IDHm
idho05,TAM_C1Q,1,0.153290563971908,117,IDHm
idho05,TAM_C1Q,2,0.231533453155548,145,IDHm
idho05,TAM_C1Q,3,0.0773532565853531,152,IDHm
idho05,TAM_C1Q,4,0.0393022284479804,127,IDHm
idho05,TAM_C1Q,0,0.210830541447291,59,IDHm
idho05,Malignant_CNA,6,0.0473689952698374,2033,IDHm
idho05,Malignant_CNA,5,-0.18010450662612,112,IDHm
idho05,Malignant_CNA,1,-0.131572529144664,117,IDHm
idho05,Malignant_CNA,2,-0.148301943063388,145,IDHm
idho05,Malignant_CNA,3,-0.18414481872029,152,IDHm
idho05,Malignant_CNA,4,-0.0948771077397382,127,IDHm
idho05,Malignant_CNA,0,0.0136900023914171,59,IDHm
idho05,UMI_depth,6,-0.188454983170401,2033,IDHm
idho05,UMI_depth,5,0.442401126563804,112,IDHm
idho05,UMI_depth,1,0.706835655779636,117,IDHm
idho05,UMI_depth,2,0.493364822996847,145,IDHm
idho05,UMI_depth,3,0.50066176213043,152,IDHm
idho05,UMI_depth,4,0.433271095908423,127,IDHm
idho05,UMI_depth,0,0.817226551276631,59,IDHm
idho08,Endothelial,6,-0.0275697269731879,1582,IDHm
idho08,Endothelial,3,-0.039489744199183,95,IDHm
idho08,Endothelial,2,0.0204400327284149,108,IDHm
idho08,Endothelial,1,0.14668212892485,134,IDHm
idho08,Endothelial,0,0.224479529441005,162,IDHm
idho08,Endothelial,4,-0.109203652095414,84,IDHm
idho08,Endothelial,5,-0.0213755953610252,79,IDHm
idho08,Pericyte,6,-0.0637888632888671,1582,IDHm
idho08,Pericyte,3,-0.189568026239681,95,IDHm
idho08,Pericyte,2,0.137185602999459,108,IDHm
idho08,Pericyte,1,0.293793582571412,134,IDHm
idho08,Pericyte,0,0.348435870129994,162,IDHm
idho08,Pericyte,4,0.128844033380042,84,IDHm
idho08,Pericyte,5,-0.0320373511105831,79,IDHm
idho08,IFN_response,6,-0.158947649484475,1582,IDHm
idho08,IFN_response,3,-0.0113791216818318,95,IDHm
idho08,IFN_response,2,0.328940565552547,108,IDHm
idho08,IFN_response,1,0.628155347902677,134,IDHm
idho08,IFN_response,0,0.918977136418656,162,IDHm
idho08,IFN_response,4,-0.0670385984308564,84,IDHm
idho08,IFN_response,5,-0.131712069443681,79,IDHm
idho08,Hypoxia,6,0.00354505715760706,1582,IDHm
idho08,Hypoxia,3,0.0205572045090144,95,IDHm
idho08,Hypoxia,2,0.210054691457412,108,IDHm
idho08,Hypoxia,1,-0.0463116705871549,134,IDHm
idho08,Hypoxia,0,-0.186581000541112,162,IDHm
idho08,Hypoxia,4,0.0374450021986688,84,IDHm
idho08,Hypoxia,5,0.0384732181336652,79,IDHm
idho08,Inflammation,6,-0.127499945070225,1582,IDHm
idho08,Inflammation,3,-0.126183283322094,95,IDHm
idho08,Inflammation,2,0.170706878079278,108,IDHm
idho08,Inflammation,1,0.398959400013488,134,IDHm
idho08,Inflammation,0,0.856363140692606,162,IDHm
idho08,Inflammation,4,0.0217338309157753,84,IDHm
idho08,Inflammation,5,0.0156829366227612,79,IDHm
idho08,TAM_microglia,6,-0.120393667725314,1582,IDHm
idho08,TAM_microglia,3,0.143309638448188,95,IDHm
idho08,TAM_microglia,2,0.192356395388903,108,IDHm
idho08,TAM_microglia,1,0.301700441078736,134,IDHm
idho08,TAM_microglia,0,0.620012979331948,162,IDHm
idho08,TAM_microglia,4,0.178336199304896,84,IDHm
idho08,TAM_microglia,5,0.00283130998644985,79,IDHm
idho08,TAM_monocyte,6,-0.0532688354818181,1582,IDHm
idho08,TAM_monocyte,3,0.00010031350107583,95,IDHm
idho08,TAM_monocyte,2,0.138419020914797,108,IDHm
idho08,TAM_monocyte,1,0.178213180963686,134,IDHm
idho08,TAM_monocyte,0,0.238047529032781,162,IDHm
idho08,TAM_monocyte,4,0.152083998743853,84,IDHm
idho08,TAM_monocyte,5,-0.0747697234948368,79,IDHm
idho08,TAM_SPP1_lipid,6,-0.208998633940163,1582,IDHm
idho08,TAM_SPP1_lipid,3,0.328327075641264,95,IDHm
idho08,TAM_SPP1_lipid,2,0.346970681496795,108,IDHm
idho08,TAM_SPP1_lipid,1,0.669598188439823,134,IDHm
idho08,TAM_SPP1_lipid,0,0.974084647925069,162,IDHm
idho08,TAM_SPP1_lipid,4,0.193782356979579,84,IDHm
idho08,TAM_SPP1_lipid,5,-0.023210823991378,79,IDHm
idho08,TAM_C1Q,6,-0.229497791721897,1582,IDHm
idho08,TAM_C1Q,3,0.189914805768704,95,IDHm
idho08,TAM_C1Q,2,0.124411629579916,108,IDHm
idho08,TAM_C1Q,1,0.977241498519947,134,IDHm
idho08,TAM_C1Q,0,1.23398013450031,162,IDHm
idho08,TAM_C1Q,4,0.0936310769002579,84,IDHm
idho08,TAM_C1Q,5,-0.0902912542906418,79,IDHm
idho08,Malignant_CNA,6,-0.0237886261777339,1582,IDHm
idho08,Malignant_CNA,3,0.108746777548702,95,IDHm
idho08,Malignant_CNA,2,-0.0242515854277356,108,IDHm
idho08,Malignant_CNA,1,0.0196548005397858,134,IDHm
idho08,Malignant_CNA,0,0.0281239664030608,162,IDHm
idho08,Malignant_CNA,4,0.0399035918407695,84,IDHm
idho08,Malignant_CNA,5,0.245317802885975,79,IDHm
idho08,UMI_depth,6,0.0411945056654596,1582,IDHm
idho08,UMI_depth,3,-0.287532927479558,95,IDHm
idho08,UMI_depth,2,-0.500128448713551,108,IDHm
idho08,UMI_depth,1,-0.109970035308838,134,IDHm
idho08,UMI_depth,0,0.270473565511064,162,IDHm
idho08,UMI_depth,4,-0.129935313203341,84,IDHm
idho08,UMI_depth,5,-0.025397138778014,79,IDHm
